-- phpMyAdmin SQL Dump
-- version home.pl
-- http://www.phpmyadmin.net
--
-- Host: localhost
-- Czas wygenerowania: 01 Lis 2016, 23:27
-- Wersja serwera: 5.5.51-38.1-log
-- Wersja PHP: 5.2.17

SET SQL_MODE="NO_AUTO_VALUE_ON_ZERO";
SET time_zone = "+00:00";


/*!40101 SET @OLD_CHARACTER_SET_CLIENT=@@CHARACTER_SET_CLIENT */;
/*!40101 SET @OLD_CHARACTER_SET_RESULTS=@@CHARACTER_SET_RESULTS */;
/*!40101 SET @OLD_COLLATION_CONNECTION=@@COLLATION_CONNECTION */;
/*!40101 SET NAMES utf8 */;

--
-- Baza danych: `20454239_1`
--
CREATE DATABASE `20454239_1` DEFAULT CHARACTER SET utf8 COLLATE utf8_unicode_ci;
USE `20454239_1`;

-- --------------------------------------------------------

--
-- Struktura tabeli dla tabeli `Action`
--

CREATE TABLE IF NOT EXISTS `Action` (
  `idAction` int(11) NOT NULL AUTO_INCREMENT,
  `type` varchar(128) COLLATE utf8_unicode_ci NOT NULL,
  `time` bigint(20) NOT NULL,
  `screenWidth` int(11) NOT NULL,
  `screenHeight` int(11) NOT NULL,
  `xPosition` int(11) DEFAULT NULL,
  `yPosition` int(11) DEFAULT NULL,
  `xPositionFinish` int(11) DEFAULT NULL,
  `yPositionFinish` int(11) DEFAULT NULL,
  PRIMARY KEY (`idAction`),
  UNIQUE KEY `idAction_UNIQUE` (`idAction`)
) ENGINE=InnoDB  DEFAULT CHARSET=utf8 COLLATE=utf8_unicode_ci AUTO_INCREMENT=1629 ;

--
-- Zrzut danych tabeli `Action`
--

INSERT INTO `Action` (`idAction`, `type`, `time`, `screenWidth`, `screenHeight`, `xPosition`, `yPosition`, `xPositionFinish`, `yPositionFinish`) VALUES
(794, 'scroll', 1475542152327, 360, 615, 0, 0, 0, 0),
(795, 'scroll', 1475542153681, 360, 615, 0, 0, 0, 0),
(796, 'scroll', 1475542155388, 360, 560, 0, 0, 0, 0),
(797, 'scroll', 1475542156732, 360, 559, 0, 0, 0, 0),
(798, 'menu_toggle', 1475542164670, 360, 559, 27, 69, 0, 0),
(799, 'tap', 1475542164681, 360, 559, 27, 69, 0, 0),
(800, 'tap_menu_item', 1475542174918, 360, 559, 88, 218, 0, 0),
(801, 'tap', 1475542174921, 360, 559, 88, 218, 0, 0),
(802, 'wrong_category', 1475542177417, 360, 559, 0, 0, 0, 0),
(803, 'tap_menu_item', 1475542177460, 360, 559, 95, 275, 0, 0),
(804, 'scroll', 1475542186436, 360, 615, 0, 0, 0, 0),
(805, 'menu_toggle', 1475542187600, 360, 615, 29, 84, 0, 0),
(806, 'tap', 1475542187604, 360, 615, 29, 84, 0, 0),
(807, 'tap_menu_item', 1475542189937, 360, 615, 46, 175, 0, 0),
(808, 'tap', 1475542177474, 360, 559, 95, 275, 0, 0),
(809, 'tap', 1475542189941, 360, 615, 46, 175, 0, 0),
(810, 'proper_category', 1475542194330, 360, 615, 0, 0, 0, 0),
(811, 'tap_menu_item', 1475542194371, 360, 615, 60, 291, 0, 0),
(812, 'tap', 1475542194381, 360, 615, 60, 291, 0, 0),
(813, 'scroll', 1475542238581, 360, 615, 0, 0, 0, 0),
(814, 'scroll', 1475542239927, 360, 559, 0, 0, 0, 0),
(815, 'tap_menu_item', 1475542243363, 360, 559, 326, 524, 0, 0),
(816, 'tap', 1475542243368, 360, 559, 326, 524, 0, 0),
(817, 'wrong_category', 1475542255872, 360, 559, 0, 0, 0, 0),
(818, 'tap_menu_item', 1475542255887, 360, 559, 230, 530, 0, 0),
(819, 'tap', 1475542255888, 360, 559, 230, 530, 0, 0),
(820, 'tap_menu_item', 1475542262135, 360, 559, 42, 531, 0, 0),
(821, 'tap', 1475542262139, 360, 559, 42, 531, 0, 0),
(822, 'tap_menu_item', 1475542265306, 360, 559, 319, 532, 0, 0),
(823, 'tap', 1475542265313, 360, 559, 319, 532, 0, 0),
(824, 'proper_category', 1475542268303, 360, 559, 0, 0, 0, 0),
(825, 'tap_menu_item', 1475542268320, 360, 559, 319, 536, 0, 0),
(826, 'tap', 1475542268321, 360, 559, 319, 536, 0, 0),
(827, 'scroll', 1475542272413, 360, 615, 0, 0, 0, 0),
(828, 'scroll', 1475542273814, 360, 615, 0, 0, 0, 0),
(829, 'scroll', 1475542270996, 360, 615, 0, 0, 0, 0),
(830, 'tap_menu_item', 1475542254408, 360, 559, 223, 521, 0, 0),
(831, 'scroll', 1475542275350, 360, 615, 0, 0, 0, 0),
(832, 'scroll', 1475542275731, 360, 615, 0, 0, 0, 0),
(833, 'tap', 1475542254415, 360, 559, 223, 521, 0, 0),
(834, 'scroll', 1475542305919, 405, 692, 0, 0, 0, 0),
(835, 'scroll', 1475542307844, 405, 629, 0, 0, 0, 0),
(836, 'menu_toggle', 1475542308862, 405, 629, 111, 292, 0, 0),
(837, 'tap', 1475542308864, 405, 629, 111, 292, 0, 0),
(838, 'wrong_category', 1475542311776, 405, 629, 0, 0, 0, 0),
(839, 'tap_menu_item', 1475542311841, 405, 629, 87, 465, 0, 0),
(840, 'menu_toggle', 1475542311841, 405, 629, 87, 465, 0, 0),
(841, 'tap', 1475542311842, 405, 629, 87, 465, 0, 0),
(842, 'menu_toggle', 1475542324433, 405, 629, 134, 292, 0, 0),
(843, 'tap', 1475542324436, 405, 629, 134, 292, 0, 0),
(844, 'proper_category', 1475542326464, 405, 629, 0, 0, 0, 0),
(845, 'tap_menu_item', 1475542326526, 405, 629, 81, 407, 0, 0),
(846, 'menu_toggle', 1475542326526, 405, 629, 81, 407, 0, 0),
(847, 'tap', 1475542326527, 405, 629, 81, 407, 0, 0),
(848, 'scroll', 1475542335137, 405, 687, 0, 0, 0, 0),
(849, 'scroll', 1475542339861, 405, 692, 0, 0, 0, 0),
(850, 'scroll', 1475542340739, 405, 692, 0, 0, 0, 0),
(851, 'scroll', 1475542341403, 405, 692, 0, 0, 0, 0),
(852, 'scroll', 1475542342021, 405, 692, 0, 0, 0, 0),
(853, 'scroll', 1475542336106, 405, 692, 0, 0, 0, 0),
(854, 'scroll', 1475542342903, 405, 692, 0, 0, 0, 0),
(855, 'scroll', 1475542343417, 405, 692, 0, 0, 0, 0),
(856, 'tap', 1475542343648, 405, 692, 1050, 540, 0, 0),
(857, 'tap', 1475542351353, 405, 692, 1116, 377, 0, 0),
(858, 'scroll', 1475542353955, 405, 692, 0, 0, 0, 0),
(859, 'tap', 1475542346358, 405, 692, 1078, 512, 0, 0),
(860, 'wrong_product', 1475542346250, 405, 692, 0, 0, 0, 0),
(861, 'scroll', 1475542355086, 405, 692, 0, 0, 0, 0),
(862, 'scroll', 1475542356638, 405, 692, 0, 0, 0, 0),
(863, 'scroll', 1475542357695, 405, 692, 0, 0, 0, 0),
(864, 'scroll', 1475542359195, 405, 692, 0, 0, 0, 0),
(865, 'scroll', 1475542360108, 405, 692, 0, 0, 0, 0),
(866, 'scroll', 1475542375052, 360, 615, 0, 0, 0, 0),
(867, 'scroll', 1475542376227, 360, 615, 0, 0, 0, 0),
(868, 'menu_toggle', 1475542377394, 360, 615, 330, 583, 0, 0),
(869, 'tap', 1475542377440, 360, 615, 330, 583, 0, 0),
(870, 'tap_menu_item', 1475542379243, 360, 615, 70, 577, 0, 0),
(871, 'tap', 1475542379272, 360, 615, 70, 577, 0, 0),
(872, 'tap_menu_item', 1475542390902, 360, 615, 0, -465, 0, 0),
(873, 'tap', 1475542390903, 360, 615, 82, 586, 0, 0),
(874, 'tap_menu_item', 1475542392542, 360, 615, 72, 577, 0, 0),
(875, 'tap', 1475542392542, 360, 615, 72, 577, 0, 0),
(876, 'tap_menu_item', 1475542393830, 360, 615, 0, -465, 0, 0),
(877, 'tap', 1475542393831, 360, 615, 79, 565, 0, 0),
(878, 'tap_menu_item', 1475542395755, 360, 615, 71, 579, 0, 0),
(879, 'tap', 1475542395755, 360, 615, 71, 579, 0, 0),
(880, 'tap', 1475542396615, 360, 615, 78, 575, 0, 0),
(881, 'tap_menu_item', 1475542396399, 360, 615, 0, -465, 0, 0),
(882, 'tap', 1475542396400, 360, 615, 84, 576, 0, 0),
(883, 'tap_menu_item', 1475542396776, 360, 615, 74, 572, 0, 0),
(884, 'tap_menu_item', 1475542396614, 360, 615, 0, -465, 0, 0),
(885, 'tap', 1475542396776, 360, 615, 74, 572, 0, 0),
(886, 'tap_menu_item', 1475542398531, 360, 615, 0, -465, 0, 0),
(887, 'tap', 1475542398532, 360, 615, 79, 580, 0, 0),
(888, 'tap_menu_item', 1475542397514, 360, 615, 0, -465, 0, 0),
(889, 'tap', 1475542397517, 360, 615, 102, 491, 0, 0),
(890, 'tap_menu_item', 1475542404506, 360, 615, 0, -465, 0, 0),
(891, 'tap', 1475542404507, 360, 615, 232, 487, 0, 0),
(892, 'wrong_category', 1475542405589, 360, 615, 0, 0, 0, 0),
(893, 'tap_menu_item', 1475542405625, 360, 615, 283, 537, 0, 0),
(894, 'tap', 1475542405626, 360, 615, 283, 537, 0, 0),
(895, 'menu_toggle', 1475542413715, 360, 615, 319, 582, 0, 0),
(896, 'tap', 1475542413717, 360, 615, 319, 582, 0, 0),
(897, 'tap_menu_item', 1475542419493, 360, 615, 0, -465, 0, 0),
(898, 'tap', 1475542419497, 360, 615, 84, 586, 0, 0),
(899, 'tap_menu_item', 1475542423002, 360, 615, 0, -465, 0, 0),
(900, 'tap', 1475542423004, 360, 615, 174, 567, 0, 0),
(901, 'proper_category', 1475542424004, 360, 615, 0, 0, 0, 0),
(902, 'tap_menu_item', 1475542424042, 360, 615, 326, 505, 0, 0),
(903, 'tap', 1475542424043, 360, 615, 326, 505, 0, 0),
(904, 'tap', 1475546015366, 360, 615, 28, 37, 0, 0),
(905, 'menu_toggle', 1475546016396, 360, 615, 26, 74, 0, 0),
(906, 'tap', 1475546016401, 360, 615, 26, 74, 0, 0),
(907, 'scroll', 1475546017847, 360, 615, 0, 0, 0, 0),
(908, 'tap_menu_item', 1475546018574, 360, 615, 80, 213, 0, 0),
(909, 'tap', 1475546018577, 360, 615, 80, 213, 0, 0),
(910, 'proper_category', 1475546019812, 360, 615, 0, 0, 0, 0),
(911, 'tap_menu_item', 1475546019837, 360, 615, 68, 262, 0, 0),
(912, 'tap', 1475546019850, 360, 615, 68, 262, 0, 0),
(913, 'scroll', 1475546022610, 360, 615, 0, 0, 0, 0),
(914, 'tap', 1475546027422, 360, 615, 207, 588, 0, 0),
(915, 'tap_menu_item', 1475546027418, 360, 615, 207, 588, 0, 0),
(916, 'tap_menu_item', 1475546029578, 360, 615, 317, 581, 0, 0),
(917, 'proper_category', 1475546030334, 360, 615, 0, 0, 0, 0),
(918, 'tap_menu_item', 1475546030353, 360, 615, 315, 582, 0, 0),
(919, 'tap', 1475546029584, 360, 615, 317, 581, 0, 0),
(920, 'tap', 1475546030353, 360, 615, 315, 582, 0, 0),
(921, 'scroll', 1475546031966, 360, 615, 0, 0, 0, 0),
(922, 'scroll', 1475546032653, 360, 615, 0, 0, 0, 0),
(923, 'scroll', 1475546033932, 360, 615, 0, 0, 0, 0),
(924, 'tap', 1475546040201, 1220, 2085, 854, 301, 0, 0),
(925, 'menu_toggle', 1475546040189, 1220, 2085, 854, 301, 0, 0),
(926, 'proper_category', 1475546042757, 1220, 2085, 0, 0, 0, 0),
(927, 'tap_menu_item', 1475546042794, 1220, 2085, 532, 430, 0, 0),
(928, 'menu_toggle', 1475546042795, 1220, 2085, 532, 430, 0, 0),
(929, 'tap', 1475546042796, 1220, 2085, 532, 430, 0, 0),
(930, 'menu_toggle', 1475546050085, 360, 615, 326, 590, 0, 0),
(931, 'tap', 1475546050119, 360, 615, 326, 590, 0, 0),
(932, 'tap_menu_item', 1475546051438, 360, 615, 0, 0, 0, 0),
(933, 'tap', 1475546051439, 360, 615, 77, 580, 0, 0),
(934, 'tap', 1475546052635, 360, 615, 154, 560, 0, 0),
(935, 'tap_menu_item', 1475546052620, 360, 615, 154, 560, 0, 0),
(936, 'tap_menu_item', 1475546054391, 360, 615, 309, 413, 0, 0),
(937, 'tap', 1475546054399, 360, 615, 309, 413, 0, 0),
(938, 'proper_category', 1475546056016, 360, 615, 0, 0, 0, 0),
(939, 'tap_menu_item', 1475546056053, 360, 615, 325, 503, 0, 0),
(940, 'tap', 1475546056054, 360, 615, 325, 503, 0, 0),
(941, 'scroll', 1475546061727, 360, 615, 0, 0, 0, 0),
(942, 'scroll', 1475546060546, 360, 615, 0, 0, 0, 0),
(943, 'menu_toggle', 1475546146304, 360, 615, 20, 71, 0, 0),
(944, 'tap', 1475546146315, 360, 615, 20, 71, 0, 0),
(945, 'tap_menu_item', 1475546147741, 360, 615, 74, 374, 0, 0),
(946, 'tap', 1475546147745, 360, 615, 74, 374, 0, 0),
(947, 'scroll', 1475546149031, 360, 615, 0, 0, 0, 0),
(948, 'scroll', 1475546150021, 360, 615, 0, 0, 0, 0),
(949, 'tap_menu_item', 1475546152466, 360, 615, 89, 159, 0, 0),
(950, 'tap', 1475546152469, 360, 615, 89, 159, 0, 0),
(951, 'tap_menu_item', 1475546153254, 360, 615, 86, 202, 0, 0),
(952, 'tap', 1475546153257, 360, 615, 86, 202, 0, 0),
(953, 'proper_category', 1475546154358, 360, 615, 0, 0, 0, 0),
(954, 'tap_menu_item', 1475546154397, 360, 615, 80, 193, 0, 0),
(955, 'tap', 1475546154409, 360, 615, 80, 193, 0, 0),
(956, 'scroll', 1475546156606, 360, 615, 0, 0, 0, 0),
(957, 'tap_menu_item', 1475546162079, 360, 615, 140, 585, 0, 0),
(958, 'tap', 1475546162088, 360, 615, 140, 585, 0, 0),
(959, 'tap_menu_item', 1475546164193, 360, 615, 214, 582, 0, 0),
(960, 'tap', 1475546164198, 360, 615, 214, 582, 0, 0),
(961, 'proper_category', 1475546166037, 360, 615, 0, 0, 0, 0),
(962, 'tap_menu_item', 1475546166069, 360, 615, 140, 579, 0, 0),
(963, 'tap', 1475546166069, 360, 615, 140, 579, 0, 0),
(964, 'wrong_product', 1475546168190, 360, 615, 0, 0, 0, 0),
(965, 'tap', 1475546168322, 360, 615, 293, 266, 0, 0),
(966, 'tap', 1475546170611, 360, 615, 215, 370, 0, 0),
(967, 'scroll', 1475546172216, 360, 615, 0, 0, 0, 0),
(968, 'scroll', 1475546173043, 360, 615, 0, 0, 0, 0),
(969, 'scroll', 1475546173810, 360, 615, 0, 0, 0, 0),
(970, 'menu_toggle', 1475546183694, 1220, 2085, 1101, 305, 0, 0),
(971, 'tap', 1475546183698, 1220, 2085, 1101, 305, 0, 0),
(972, 'scroll', 1475546188004, 533, 910, 0, 0, 0, 0),
(973, 'proper_category', 1475546188411, 533, 910, 0, 0, 0, 0),
(974, 'tap_menu_item', 1475546188481, 533, 910, 906, 307, 0, 0),
(975, 'menu_toggle', 1475546188482, 533, 910, 906, 307, 0, 0),
(976, 'tap', 1475546188482, 533, 910, 906, 307, 0, 0),
(977, 'scroll', 1475546190545, 1200, 2050, 0, 0, 0, 0),
(978, 'scroll', 1475546189963, 533, 910, 0, 0, 0, 0),
(979, 'scroll', 1475546192244, 1200, 2050, 0, 0, 0, 0),
(980, 'menu_toggle', 1475546197688, 360, 615, 324, 570, 0, 0),
(981, 'tap', 1475546197711, 360, 615, 324, 570, 0, 0),
(982, 'tap_menu_item', 1475546199100, 360, 615, 0, 0, 0, 0),
(983, 'tap', 1475546199103, 360, 615, 147, 431, 0, 0),
(984, 'tap_menu_item', 1475546200250, 360, 615, 0, 0, 0, 0),
(985, 'tap', 1475546200251, 360, 615, 217, 473, 0, 0),
(986, 'tap_menu_item', 1475546202211, 360, 615, 313, 418, 0, 0),
(987, 'tap', 1475546202222, 360, 615, 313, 418, 0, 0),
(988, 'proper_category', 1475546203535, 360, 615, 0, 0, 0, 0),
(989, 'tap_menu_item', 1475546203565, 360, 615, 245, 581, 0, 0),
(990, 'tap', 1475546203567, 360, 615, 245, 581, 0, 0),
(991, 'scroll', 1475546206690, 360, 615, 0, 0, 0, 0),
(992, 'menu_toggle', 1475546274621, 360, 615, 17, 65, 0, 0),
(993, 'tap', 1475546274628, 360, 615, 17, 65, 0, 0),
(994, 'scroll', 1475546276152, 360, 615, 0, 0, 0, 0),
(995, 'tap_menu_item', 1475546277231, 360, 615, 116, 85, 0, 0),
(996, 'proper_category', 1475546278525, 360, 615, 0, 0, 0, 0),
(997, 'tap', 1475546284409, 360, 615, 221, 363, 0, 0),
(998, 'wrong_product', 1475546282921, 360, 615, 0, 0, 0, 0),
(999, 'tap', 1475546278580, 360, 615, 79, 247, 0, 0),
(1000, 'tap', 1475546283083, 360, 615, 272, 233, 0, 0),
(1001, 'tap', 1475546289157, 360, 615, 219, 367, 0, 0),
(1002, 'scroll', 1475546290760, 360, 615, 0, 0, 0, 0),
(1003, 'scroll', 1475546291694, 360, 615, 0, 0, 0, 0),
(1004, 'tap', 1475546288120, 360, 615, 290, 370, 0, 0),
(1005, 'scroll', 1475546292571, 360, 615, 0, 0, 0, 0),
(1006, 'wrong_product', 1475546287993, 360, 615, 0, 0, 0, 0),
(1007, 'scroll', 1475546287654, 360, 615, 0, 0, 0, 0),
(1008, 'tap', 1475546277234, 360, 615, 116, 85, 0, 0),
(1009, 'tap_menu_item', 1475546278569, 360, 615, 79, 247, 0, 0),
(1010, 'tap_menu_item', 1475546299127, 360, 615, 101, 574, 0, 0),
(1011, 'tap', 1475546299132, 360, 615, 101, 574, 0, 0),
(1012, 'tap_menu_item', 1475546300706, 360, 615, 308, 583, 0, 0),
(1013, 'tap', 1475546300710, 360, 615, 308, 583, 0, 0),
(1014, 'proper_category', 1475546303159, 360, 615, 0, 0, 0, 0),
(1015, 'tap_menu_item', 1475546303176, 360, 615, 231, 580, 0, 0),
(1016, 'tap', 1475546303176, 360, 615, 231, 580, 0, 0),
(1017, 'scroll', 1475546306984, 360, 615, 0, 0, 0, 0),
(1018, 'scroll', 1475546307277, 360, 615, 0, 0, 0, 0),
(1019, 'menu_toggle', 1475546327696, 1220, 2085, 291, 308, 0, 0),
(1020, 'proper_category', 1475546331737, 1220, 2085, 0, 0, 0, 0),
(1021, 'tap', 1475546327700, 1220, 2085, 291, 308, 0, 0),
(1022, 'tap_menu_item', 1475546331797, 1220, 2085, 880, 541, 0, 0),
(1023, 'tap', 1475546331798, 1220, 2085, 880, 541, 0, 0),
(1024, 'menu_toggle', 1475546331798, 1220, 2085, 880, 541, 0, 0),
(1025, 'menu_toggle', 1475546342925, 360, 615, 325, 589, 0, 0),
(1026, 'tap', 1475546342950, 360, 615, 325, 589, 0, 0),
(1027, 'tap_menu_item', 1475546344303, 360, 615, 322, 343, 0, 0),
(1028, 'tap', 1475546344317, 360, 615, 322, 343, 0, 0),
(1029, 'tap_menu_item', 1475546346059, 360, 615, 155, 554, 0, 0),
(1030, 'tap', 1475546346067, 360, 615, 155, 554, 0, 0),
(1031, 'proper_category', 1475546347984, 360, 615, 0, 0, 0, 0),
(1032, 'tap', 1475546348015, 360, 615, 230, 581, 0, 0),
(1033, 'tap_menu_item', 1475546348014, 360, 615, 230, 581, 0, 0),
(1034, 'scroll', 1475546350835, 360, 615, 0, 0, 0, 0),
(1035, 'scroll', 1475546351903, 360, 615, 0, 0, 0, 0),
(1036, 'scroll', 1475546352298, 360, 615, 0, 0, 0, 0),
(1037, 'scroll', 1476199411736, 360, 615, 0, 0, 0, 0),
(1038, 'scroll', 1476199412805, 360, 559, 0, 0, 0, 0),
(1039, 'menu_toggle', 1476199416024, 360, 559, 44, 85, 0, 0),
(1040, 'tap', 1476199416035, 360, 559, 44, 85, 0, 0),
(1041, 'scroll', 1476199419636, 360, 559, 0, 0, 0, 0),
(1042, 'scroll', 1476199420719, 360, 559, 0, 0, 0, 0),
(1043, 'menu_toggle', 1476199422876, 360, 559, 242, 82, 0, 0),
(1044, 'tap', 1476199422881, 360, 559, 242, 82, 0, 0),
(1045, 'tap', 1476199424242, 360, 559, 265, 87, 0, 0),
(1046, 'menu_toggle', 1476199425822, 360, 559, 36, 78, 0, 0),
(1047, 'tap', 1476199425834, 360, 559, 36, 78, 0, 0),
(1048, 'scroll', 1476199428287, 360, 559, 0, 0, 0, 0),
(1049, 'tap_menu_item', 1476199432360, 360, 559, 58, 189, 0, 0),
(1050, 'tap', 1476199432364, 360, 559, 58, 189, 0, 0),
(1051, 'proper_category', 1476199433714, 360, 559, 0, 0, 0, 0),
(1052, 'tap_menu_item', 1476199433750, 360, 559, 84, 286, 0, 0),
(1053, 'tap', 1476199433757, 360, 559, 84, 286, 0, 0),
(1054, 'tap', 1476199457766, 364, 566, 185, 420, 0, 0),
(1055, 'scroll', 1476199459828, 364, 622, 0, 0, 0, 0),
(1056, 'scroll', 1476199460694, 364, 622, 0, 0, 0, 0),
(1057, 'tap_menu_item', 1476199468472, 364, 622, 31, 592, 0, 0),
(1058, 'tap', 1476199468477, 364, 622, 31, 592, 0, 0),
(1059, 'tap_menu_item', 1476199469964, 364, 622, 225, 578, 0, 0),
(1060, 'tap', 1476199469971, 364, 622, 225, 578, 0, 0),
(1061, 'proper_category', 1476199473033, 364, 622, 0, 0, 0, 0),
(1062, 'tap_menu_item', 1476199473075, 364, 622, 326, 586, 0, 0),
(1063, 'tap', 1476199473076, 364, 622, 326, 586, 0, 0),
(1064, 'scroll', 1476199476269, 360, 559, 0, 0, 0, 0),
(1065, 'scroll', 1476199480061, 360, 559, 0, 0, 0, 0),
(1066, 'scroll', 1476199484349, 360, 559, 0, 0, 0, 0),
(1067, 'scroll', 1476199489815, 360, 615, 0, 0, 0, 0),
(1068, 'scroll', 1476199490818, 360, 615, 0, 0, 0, 0),
(1069, 'scroll', 1476199491897, 360, 615, 0, 0, 0, 0),
(1070, 'scroll', 1476199492958, 360, 615, 0, 0, 0, 0),
(1071, 'scroll', 1476199494144, 360, 615, 0, 0, 0, 0),
(1072, 'scroll', 1476199494586, 360, 615, 0, 0, 0, 0),
(1073, 'scroll', 1476199497894, 360, 559, 0, 0, 0, 0),
(1074, 'scroll', 1476309105831, 591, 810, 0, 0, 0, 0),
(1075, 'scroll', 1476309107014, 591, 810, 0, 0, 0, 0),
(1076, 'scroll', 1476309106481, 591, 810, 0, 0, 0, 0),
(1077, 'menu_toggle', 1476309107940, 591, 810, 23, 69, 0, 0),
(1078, 'tap', 1476309107941, 591, 810, 23, 69, 0, 0),
(1079, 'tap_menu_item', 1476309111474, 591, 810, 60, 224, 0, 0),
(1080, 'proper_category', 1476309112326, 591, 810, 0, 0, 0, 0),
(1081, 'tap', 1476309111475, 591, 810, 60, 224, 0, 0),
(1082, 'tap_menu_item', 1476309112329, 591, 810, 70, 284, 0, 0),
(1083, 'tap', 1476309112330, 591, 810, 70, 284, 0, 0),
(1084, 'scroll', 1476309116598, 591, 810, 0, 0, 0, 0),
(1085, 'wrong_category', 1476309134958, 591, 810, 0, 0, 0, 0),
(1086, 'tap', 1476309132555, 591, 810, 547, 767, 0, 0),
(1087, 'tap_menu_item', 1476309133711, 591, 810, 372, 784, 0, 0),
(1088, 'tap_menu_item', 1476309132554, 591, 810, 547, 767, 0, 0),
(1089, 'tap', 1476309133712, 591, 810, 372, 784, 0, 0),
(1090, 'scroll', 1476309129980, 591, 810, 0, 0, 0, 0),
(1091, 'tap', 1476309134959, 591, 810, 361, 770, 0, 0),
(1092, 'tap_menu_item', 1476309134959, 591, 810, 361, 770, 0, 0),
(1093, 'proper_category', 1476309137580, 591, 810, 0, 0, 0, 0),
(1094, 'tap_menu_item', 1476309137581, 591, 810, 522, 768, 0, 0),
(1095, 'tap', 1476309137581, 591, 810, 522, 768, 0, 0),
(1096, 'scroll', 1476309140231, 591, 810, 0, 0, 0, 0),
(1097, 'scroll', 1476309140765, 591, 810, 0, 0, 0, 0),
(1098, 'proper_category', 1476309158524, 1222, 1674, 0, 0, 0, 0),
(1099, 'tap', 1476309153875, 1222, 1674, 705, 250, 0, 0),
(1100, 'menu_toggle', 1476309153875, 1222, 1674, 705, 250, 0, 0),
(1101, 'tap_menu_item', 1476309158525, 1222, 1674, 929, 365, 0, 0),
(1102, 'menu_toggle', 1476309158526, 1222, 1674, 929, 365, 0, 0),
(1103, 'tap', 1476309158526, 1222, 1674, 929, 365, 0, 0),
(1104, 'menu_toggle', 1476309170798, 591, 810, 542, 792, 0, 0),
(1105, 'tap', 1476309170802, 591, 810, 542, 792, 0, 0),
(1106, 'tap_menu_item', 1476309172023, 591, 810, 0, 0, 0, 0),
(1107, 'tap_menu_item', 1476309173638, 591, 810, 488, 480, 0, 0),
(1108, 'tap', 1476309173640, 591, 810, 488, 480, 0, 0),
(1109, 'tap', 1476309172023, 591, 810, 307, 440, 0, 0),
(1110, 'tap_menu_item', 1476309175730, 591, 810, 0, 0, 0, 0),
(1111, 'proper_category', 1476309177027, 591, 810, 0, 0, 0, 0),
(1112, 'tap', 1476309175730, 591, 810, 292, 704, 0, 0),
(1113, 'tap', 1476309177030, 591, 810, 462, 662, 0, 0),
(1114, 'scroll', 1476309194249, 591, 810, 0, 0, 0, 0),
(1115, 'tap_menu_item', 1476309177029, 591, 810, 462, 662, 0, 0),
(1116, 'tap', 1476312926359, 360, 615, 27, 86, 0, 0),
(1117, 'menu_toggle', 1476312926348, 360, 615, 27, 86, 0, 0),
(1118, 'tap_menu_item', 1476312928840, 360, 615, 81, 424, 0, 0),
(1119, 'tap', 1476312928842, 360, 615, 81, 424, 0, 0),
(1120, 'scroll', 1476312930187, 360, 615, 0, 0, 0, 0),
(1121, 'proper_category', 1476312930745, 360, 615, 0, 0, 0, 0),
(1122, 'tap_menu_item', 1476312930770, 360, 615, 55, 475, 0, 0),
(1123, 'scroll', 1476312933938, 360, 615, 0, 0, 0, 0),
(1124, 'scroll', 1476312935900, 360, 615, 0, 0, 0, 0),
(1125, 'tap', 1476312930785, 360, 615, 55, 475, 0, 0),
(1126, 'scroll', 1476312938208, 360, 615, 0, 0, 0, 0),
(1127, 'tap_menu_item', 1476312944812, 364, 622, 33, 582, 0, 0),
(1128, 'tap', 1476312944832, 364, 622, 33, 582, 0, 0),
(1129, 'tap_menu_item', 1476312946610, 364, 622, 311, 569, 0, 0),
(1130, 'tap', 1476312946615, 364, 622, 311, 569, 0, 0),
(1131, 'proper_category', 1476312948065, 364, 622, 0, 0, 0, 0),
(1132, 'tap_menu_item', 1476312948081, 364, 622, 132, 580, 0, 0),
(1133, 'tap', 1476312948081, 364, 622, 132, 580, 0, 0),
(1134, 'scroll', 1476312952953, 360, 615, 0, 0, 0, 0),
(1135, 'scroll', 1476312954134, 360, 615, 0, 0, 0, 0),
(1136, 'menu_toggle', 1476312964985, 1220, 2085, 125, 321, 0, 0),
(1137, 'tap', 1476312964987, 1220, 2085, 125, 321, 0, 0),
(1138, 'proper_category', 1476312967439, 1220, 2085, 0, 0, 0, 0),
(1139, 'tap_menu_item', 1476312967488, 1220, 2085, 107, 541, 0, 0),
(1140, 'menu_toggle', 1476312967488, 1220, 2085, 107, 541, 0, 0),
(1141, 'tap', 1476312967489, 1220, 2085, 107, 541, 0, 0),
(1142, 'tap', 1476312978030, 364, 622, 331, 593, 0, 0),
(1143, 'menu_toggle', 1476312977996, 364, 622, 331, 593, 0, 0),
(1144, 'tap_menu_item', 1476312984871, 364, 622, 0, 0, 0, 0),
(1145, 'tap', 1476312984879, 364, 622, 199, 396, 0, 0),
(1146, 'tap_menu_item', 1476312989925, 364, 622, 322, 422, 0, 0),
(1147, 'tap', 1476312989936, 364, 622, 322, 422, 0, 0),
(1148, 'proper_category', 1476312991526, 364, 622, 0, 0, 0, 0),
(1149, 'tap_menu_item', 1476312991552, 364, 622, 333, 498, 0, 0),
(1150, 'tap', 1476312991553, 364, 622, 333, 498, 0, 0),
(1151, 'menu_toggle', 1476313965409, 360, 615, 30, 72, 0, 0),
(1152, 'tap', 1476313965420, 360, 615, 30, 72, 0, 0),
(1153, 'scroll', 1476313966916, 360, 615, 0, 0, 0, 0),
(1154, 'scroll', 1476313968428, 360, 615, 0, 0, 0, 0),
(1155, 'tap_menu_item', 1476313969140, 360, 615, 85, 319, 0, 0),
(1156, 'tap', 1476313969143, 360, 615, 85, 319, 0, 0),
(1157, 'proper_category', 1476313971686, 360, 615, 0, 0, 0, 0),
(1158, 'tap_menu_item', 1476313971713, 360, 615, 56, 378, 0, 0),
(1159, 'tap', 1476313971724, 360, 615, 56, 378, 0, 0),
(1160, 'scroll', 1476313974943, 360, 615, 0, 0, 0, 0),
(1161, 'tap_menu_item', 1476313981437, 364, 622, 157, 583, 0, 0),
(1162, 'tap', 1476313981442, 364, 622, 157, 583, 0, 0),
(1163, 'tap_menu_item', 1476313983484, 364, 622, 145, 576, 0, 0),
(1164, 'tap', 1476313983489, 364, 622, 145, 576, 0, 0),
(1165, 'proper_category', 1476313985147, 364, 622, 0, 0, 0, 0),
(1166, 'tap', 1476313985156, 364, 622, 226, 592, 0, 0),
(1167, 'tap_menu_item', 1476313985155, 364, 622, 226, 592, 0, 0),
(1168, 'scroll', 1476313988142, 360, 615, 0, 0, 0, 0),
(1169, 'menu_toggle', 1476313994495, 1220, 2085, 122, 311, 0, 0),
(1170, 'tap', 1476313994497, 1220, 2085, 122, 311, 0, 0),
(1171, 'proper_category', 1476313997849, 1220, 2085, 0, 0, 0, 0),
(1172, 'tap_menu_item', 1476313997932, 1220, 2085, 528, 431, 0, 0),
(1173, 'menu_toggle', 1476313997932, 1220, 2085, 528, 431, 0, 0),
(1174, 'tap', 1476313997933, 1220, 2085, 528, 431, 0, 0),
(1175, 'scroll', 1476314000976, 1220, 2085, 0, 0, 0, 0),
(1176, 'scroll', 1476314001348, 1220, 2085, 0, 0, 0, 0),
(1177, 'scroll', 1476314001754, 1220, 2085, 0, 0, 0, 0),
(1178, 'wrong_product', 1476314002643, 1220, 2085, 0, 0, 0, 0),
(1179, 'tap', 1476314002784, 1220, 2085, 1081, 1352, 0, 0),
(1180, 'tap', 1476314005863, 1220, 2085, 728, 1074, 0, 0),
(1181, 'scroll', 1476314011995, 1220, 2085, 0, 0, 0, 0),
(1182, 'menu_toggle', 1476314022097, 364, 622, 323, 577, 0, 0),
(1183, 'tap', 1476314022145, 364, 622, 323, 577, 0, 0),
(1184, 'tap_menu_item', 1476314024922, 364, 622, 261, 358, 0, 0),
(1185, 'tap', 1476314024934, 364, 622, 261, 358, 0, 0),
(1186, 'tap_menu_item', 1476314027242, 364, 622, 0, 0, 0, 0),
(1187, 'tap', 1476314027244, 364, 622, 183, 563, 0, 0),
(1188, 'proper_category', 1476314029632, 364, 622, 0, 0, 0, 0),
(1189, 'tap_menu_item', 1476314029705, 364, 622, 288, 538, 0, 0),
(1190, 'tap', 1476314029709, 364, 622, 288, 538, 0, 0),
(1191, 'scroll', 1476314031966, 360, 615, 0, 0, 0, 0),
(1192, 'scroll', 1476314033125, 360, 615, 0, 0, 0, 0),
(1193, 'scroll', 1476314034482, 360, 615, 0, 0, 0, 0),
(1194, 'menu_toggle', 1476314398384, 360, 615, 15, 74, 0, 0),
(1195, 'tap', 1476314398394, 360, 615, 15, 74, 0, 0),
(1196, 'scroll', 1476314399765, 360, 615, 0, 0, 0, 0),
(1197, 'tap_menu_item', 1476314401927, 360, 615, 96, 353, 0, 0),
(1198, 'tap', 1476314401934, 360, 615, 96, 353, 0, 0),
(1199, 'proper_category', 1476314403012, 360, 615, 0, 0, 0, 0),
(1200, 'tap_menu_item', 1476314403045, 360, 615, 120, 462, 0, 0),
(1201, 'tap', 1476314403058, 360, 615, 120, 462, 0, 0),
(1202, 'tap_menu_item', 1476314411863, 364, 622, 147, 588, 0, 0),
(1203, 'tap', 1476314411868, 364, 622, 147, 588, 0, 0),
(1204, 'tap_menu_item', 1476314413382, 364, 622, 230, 589, 0, 0),
(1205, 'tap', 1476314413392, 364, 622, 230, 589, 0, 0),
(1206, 'proper_category', 1476314414530, 364, 622, 0, 0, 0, 0),
(1207, 'tap_menu_item', 1476314414559, 364, 622, 316, 584, 0, 0),
(1208, 'tap', 1476314414559, 364, 622, 316, 584, 0, 0),
(1209, 'scroll', 1476314417765, 360, 615, 0, 0, 0, 0),
(1210, 'scroll', 1476314418560, 360, 615, 0, 0, 0, 0),
(1211, 'scroll', 1476314419592, 360, 615, 0, 0, 0, 0),
(1212, 'menu_toggle', 1476314426344, 1220, 2085, 904, 321, 0, 0),
(1213, 'tap', 1476314426348, 1220, 2085, 904, 321, 0, 0),
(1214, 'proper_category', 1476314429464, 1220, 2085, 0, 0, 0, 0),
(1215, 'tap_menu_item', 1476314429531, 1220, 2085, 915, 437, 0, 0),
(1216, 'menu_toggle', 1476314429532, 1220, 2085, 915, 437, 0, 0),
(1217, 'tap', 1476314429532, 1220, 2085, 915, 437, 0, 0),
(1218, 'menu_toggle', 1476314441449, 364, 622, 327, 598, 0, 0),
(1219, 'tap', 1476314441483, 364, 622, 327, 598, 0, 0),
(1220, 'tap_menu_item', 1476314443272, 364, 622, 260, 370, 0, 0),
(1221, 'tap', 1476314443282, 364, 622, 260, 370, 0, 0),
(1222, 'tap_menu_item', 1476314445385, 364, 622, 0, 0, 0, 0),
(1223, 'tap', 1476314445386, 364, 622, 173, 569, 0, 0),
(1224, 'tap', 1476314446997, 364, 622, 249, 595, 0, 0),
(1225, 'tap_menu_item', 1476314446995, 364, 622, 249, 595, 0, 0),
(1226, 'proper_category', 1476314446928, 364, 622, 0, 0, 0, 0),
(1227, 'scroll', 1476314451291, 360, 615, 0, 0, 0, 0),
(1228, 'tap', 1476874311958, 360, 615, 23, 77, 0, 0),
(1229, 'scroll', 1476874313475, 360, 615, 0, 0, 0, 0),
(1230, 'menu_toggle', 1476874311951, 360, 615, 23, 77, 0, 0),
(1231, 'tap_menu_item', 1476874315339, 360, 615, 68, 304, 0, 0),
(1232, 'tap', 1476874315342, 360, 615, 68, 304, 0, 0),
(1233, 'proper_category', 1476874317987, 360, 615, 0, 0, 0, 0),
(1234, 'tap_menu_item', 1476874318034, 360, 615, 54, 357, 0, 0),
(1235, 'tap', 1476874318044, 360, 615, 54, 357, 0, 0),
(1236, 'scroll', 1476874321674, 360, 615, 0, 0, 0, 0),
(1237, 'tap_menu_item', 1476874329513, 364, 622, 84, 572, 0, 0),
(1238, 'tap', 1476874329521, 364, 622, 84, 572, 0, 0),
(1239, 'tap_menu_item', 1476874331276, 364, 622, 133, 572, 0, 0),
(1240, 'tap', 1476874331283, 364, 622, 133, 572, 0, 0),
(1241, 'proper_category', 1476874332500, 364, 622, 0, 0, 0, 0),
(1242, 'tap_menu_item', 1476874332551, 364, 622, 222, 584, 0, 0),
(1243, 'tap', 1476874332551, 364, 622, 222, 584, 0, 0),
(1244, 'menu_toggle', 1476874341542, 1220, 2085, 474, 288, 0, 0),
(1245, 'tap', 1476874341548, 1220, 2085, 474, 288, 0, 0),
(1246, 'proper_category', 1476874344163, 1220, 2085, 0, 0, 0, 0),
(1247, 'tap_menu_item', 1476874344211, 1220, 2085, 925, 555, 0, 0),
(1248, 'menu_toggle', 1476874344212, 1220, 2085, 925, 555, 0, 0),
(1249, 'tap', 1476874344212, 1220, 2085, 925, 555, 0, 0),
(1250, 'tap_menu_item', 1476874354256, 364, 622, 0, 0, 0, 0),
(1251, 'tap_menu_item', 1476874355974, 364, 622, 311, 423, 0, 0),
(1252, 'tap', 1476874354257, 364, 622, 98, 507, 0, 0),
(1253, 'tap', 1476874355981, 364, 622, 311, 423, 0, 0),
(1254, 'tap', 1476874352222, 364, 622, 337, 595, 0, 0),
(1255, 'menu_toggle', 1476874352178, 364, 622, 337, 595, 0, 0),
(1256, 'tap_menu_item', 1476874357948, 364, 622, 335, 497, 0, 0),
(1257, 'proper_category', 1476874357888, 364, 622, 0, 0, 0, 0),
(1258, 'tap', 1476874357949, 364, 622, 335, 497, 0, 0),
(1259, 'tap', 1476881355354, 699, 809, 29, 89, 0, 0),
(1260, 'proper_category', 1476881406608, 699, 809, 0, 0, 0, 0),
(1261, 'tap', 1476881371580, 699, 809, 44, 178, 0, 0),
(1262, 'menu_toggle', 1476881355353, 699, 809, 29, 89, 0, 0),
(1263, 'tap_menu_item', 1476881406610, 699, 809, 60, 237, 0, 0),
(1264, 'tap_menu_item', 1476881371579, 699, 809, 44, 178, 0, 0),
(1265, 'tap', 1476881406611, 699, 809, 60, 237, 0, 0),
(1266, 'tap_menu_item', 1476881527671, 699, 809, 528, 765, 0, 0),
(1267, 'tap', 1476881527672, 699, 809, 528, 765, 0, 0),
(1268, 'tap_menu_item', 1476881541579, 699, 809, 230, 782, 0, 0),
(1269, 'proper_category', 1476881578721, 699, 809, 0, 0, 0, 0),
(1270, 'tap', 1476881541581, 699, 809, 230, 782, 0, 0),
(1271, 'tap_menu_item', 1476881578722, 699, 809, 248, 782, 0, 0),
(1272, 'tap', 1476881578722, 699, 809, 248, 782, 0, 0),
(1273, 'scroll', 1476881589733, 699, 809, 0, 0, 0, 0),
(1274, 'menu_toggle', 1476881667415, 1220, 1412, 698, 211, 0, 0),
(1275, 'tap', 1476881667415, 1220, 1412, 698, 211, 0, 0),
(1276, 'proper_category', 1476881718034, 1220, 1412, 0, 0, 0, 0),
(1277, 'menu_toggle', 1476881718035, 1220, 1412, 481, 359, 0, 0),
(1278, 'tap', 1476881718035, 1220, 1412, 481, 359, 0, 0),
(1279, 'tap_menu_item', 1476881718035, 1220, 1412, 481, 359, 0, 0),
(1280, 'tap', 1477173137048, 360, 640, 33, 105, 0, 0),
(1281, 'scroll', 1477173139178, 360, 640, 0, 0, 0, 0),
(1282, 'menu_toggle', 1477173137047, 360, 640, 33, 105, 0, 0),
(1283, 'scroll', 1477173138544, 360, 640, 0, 0, 0, 0),
(1284, 'tap', 1477173140967, 360, 640, 78, 304, 0, 0),
(1285, 'tap_menu_item', 1477173140966, 360, 640, 78, 304, 0, 0),
(1286, 'scroll', 1477173143396, 360, 640, 0, 0, 0, 0),
(1287, 'proper_category', 1477173145852, 360, 640, 0, 0, 0, 0),
(1288, 'tap_menu_item', 1477173145854, 360, 640, 50, 365, 0, 0),
(1289, 'scroll', 1477173149365, 360, 640, 0, 0, 0, 0),
(1290, 'tap', 1477173145855, 360, 640, 50, 365, 0, 0),
(1291, 'scroll', 1477173150265, 360, 640, 0, 0, 0, 0),
(1292, 'tap', 1477173165036, 363, 646, 211, 609, 0, 0),
(1293, 'tap', 1477173166305, 363, 646, 137, 606, 0, 0),
(1294, 'proper_category', 1477173168862, 363, 646, 0, 0, 0, 0),
(1295, 'tap_menu_item', 1477173168864, 363, 646, 328, 580, 0, 0),
(1296, 'tap_menu_item', 1477173166304, 363, 646, 137, 606, 0, 0),
(1297, 'tap_menu_item', 1477173165033, 363, 646, 211, 609, 0, 0),
(1298, 'tap', 1477173168864, 363, 646, 328, 580, 0, 0),
(1299, 'scroll', 1477173171199, 360, 640, 0, 0, 0, 0),
(1300, 'menu_toggle', 1477173178088, 1220, 2169, 1092, 310, 0, 0),
(1301, 'tap', 1477173178089, 1220, 2169, 1092, 310, 0, 0),
(1302, 'menu_toggle', 1477173181970, 1220, 2169, 101, 486, 0, 0),
(1303, 'proper_category', 1477173181968, 1220, 2169, 0, 0, 0, 0),
(1304, 'tap_menu_item', 1477173181970, 1220, 2169, 101, 486, 0, 0),
(1305, 'tap', 1477173181970, 1220, 2169, 101, 486, 0, 0),
(1306, 'scroll', 1477173184283, 1220, 2169, 0, 0, 0, 0),
(1307, 'menu_toggle', 1477173191428, 363, 646, 326, 609, 0, 0),
(1308, 'tap', 1477173191433, 363, 646, 326, 609, 0, 0),
(1309, 'tap', 1477173195349, 363, 646, 188, 421, 0, 0),
(1310, 'tap', 1477173197629, 363, 646, 317, 449, 0, 0),
(1311, 'tap_menu_item', 1477173197627, 363, 646, 317, 449, 0, 0),
(1312, 'tap_menu_item', 1477173195349, 363, 646, 0, 0, 0, 0),
(1313, 'proper_category', 1477173198862, 363, 646, 0, 0, 0, 0),
(1314, 'tap_menu_item', 1477173198864, 363, 646, 323, 525, 0, 0),
(1315, 'tap', 1477173198866, 363, 646, 323, 525, 0, 0),
(1316, 'scroll', 1477173202283, 360, 640, 0, 0, 0, 0),
(1317, 'scroll', 1477173227999, 364, 622, 0, 0, 0, 0),
(1318, 'scroll', 1477173228794, 360, 559, 0, 0, 0, 0),
(1319, 'scroll', 1477173230348, 360, 615, 0, 0, 0, 0),
(1320, 'scroll', 1477173231742, 360, 559, 0, 0, 0, 0),
(1321, 'menu_toggle', 1477173231789, 360, 559, 28, 89, 0, 0),
(1322, 'tap', 1477173231794, 360, 559, 28, 89, 0, 0),
(1323, 'tap', 1477173234632, 360, 559, 60, 176, 0, 0),
(1324, 'proper_category', 1477173235981, 360, 559, 0, 0, 0, 0),
(1325, 'tap_menu_item', 1477173236003, 360, 559, 79, 229, 0, 0),
(1326, 'tap_menu_item', 1477173234628, 360, 559, 60, 176, 0, 0),
(1327, 'tap', 1477173236018, 360, 559, 79, 229, 0, 0),
(1328, 'scroll', 1477173239951, 360, 615, 0, 0, 0, 0),
(1329, 'scroll', 1477173245772, 360, 559, 0, 0, 0, 0),
(1330, 'scroll', 1477173243054, 360, 615, 0, 0, 0, 0),
(1331, 'scroll', 1477173241049, 360, 615, 0, 0, 0, 0),
(1332, 'scroll', 1477173243651, 360, 615, 0, 0, 0, 0),
(1333, 'scroll', 1477173267259, 360, 559, 0, 0, 0, 0),
(1334, 'scroll', 1477173267790, 360, 560, 0, 0, 0, 0),
(1335, 'scroll', 1477173271560, 360, 559, 0, 0, 0, 0),
(1336, 'scroll', 1477173269036, 360, 615, 0, 0, 0, 0),
(1337, 'scroll', 1477173268102, 360, 559, 0, 0, 0, 0),
(1338, 'scroll', 1477173272603, 360, 559, 0, 0, 0, 0),
(1339, 'scroll', 1477173273595, 360, 559, 0, 0, 0, 0),
(1340, 'scroll', 1477173273995, 360, 559, 0, 0, 0, 0),
(1341, 'scroll', 1477173275631, 360, 615, 0, 0, 0, 0),
(1342, 'scroll', 1477173277234, 360, 615, 0, 0, 0, 0),
(1343, 'scroll', 1477173279156, 360, 559, 0, 0, 0, 0),
(1344, 'menu_toggle', 1477173312972, 360, 640, 26, 89, 0, 0),
(1345, 'tap', 1477173312973, 360, 640, 26, 89, 0, 0),
(1346, 'tap_menu_item', 1477173317891, 360, 640, 67, 317, 0, 0),
(1347, 'scroll', 1477173315357, 360, 640, 0, 0, 0, 0),
(1348, 'scroll', 1477173314011, 360, 640, 0, 0, 0, 0),
(1349, 'tap', 1477173317891, 360, 640, 67, 317, 0, 0),
(1350, 'proper_category', 1477173318942, 360, 640, 0, 0, 0, 0),
(1351, 'tap_menu_item', 1477173318943, 360, 640, 55, 424, 0, 0),
(1352, 'tap', 1477173318945, 360, 640, 55, 424, 0, 0),
(1353, 'scroll', 1477173302267, 364, 622, 0, 0, 0, 0),
(1354, 'scroll', 1477173303592, 364, 566, 0, 0, 0, 0),
(1355, 'scroll', 1477173305831, 364, 566, 0, 0, 0, 0),
(1356, 'tap_menu_item', 1477173312114, 364, 622, 155, 574, 0, 0),
(1357, 'scroll', 1477173308063, 364, 622, 0, 0, 0, 0),
(1358, 'tap', 1477173306036, 364, 566, 220, 450, 0, 0),
(1359, 'tap', 1477173312118, 364, 622, 155, 574, 0, 0),
(1360, 'tap_menu_item', 1477173315783, 364, 622, 135, 590, 0, 0),
(1361, 'tap', 1477173317017, 364, 622, 130, 583, 0, 0),
(1362, 'tap_menu_item', 1477173317017, 364, 622, 130, 583, 0, 0),
(1363, 'tap', 1477173315790, 364, 622, 135, 590, 0, 0),
(1364, 'proper_category', 1477173316990, 364, 622, 0, 0, 0, 0),
(1365, 'tap', 1477173324532, 363, 646, 218, 601, 0, 0),
(1366, 'tap_menu_item', 1477173324531, 363, 646, 218, 601, 0, 0),
(1367, 'tap_menu_item', 1477173326000, 363, 646, 62, 593, 0, 0),
(1368, 'tap', 1477173326001, 363, 646, 62, 593, 0, 0),
(1369, 'tap_menu_item', 1477173328482, 363, 646, 151, 603, 0, 0),
(1370, 'tap', 1477173328483, 363, 646, 151, 603, 0, 0),
(1371, 'tap_menu_item', 1477173329847, 363, 646, 151, 606, 0, 0),
(1372, 'tap', 1477173329848, 363, 646, 151, 606, 0, 0),
(1373, 'proper_category', 1477173332236, 363, 646, 0, 0, 0, 0),
(1374, 'tap', 1477173332238, 363, 646, 326, 610, 0, 0),
(1375, 'tap_menu_item', 1477173332238, 363, 646, 326, 610, 0, 0),
(1376, 'scroll', 1477173334103, 360, 640, 0, 0, 0, 0),
(1377, 'tap', 1477173329999, 1220, 2085, 925, 332, 0, 0),
(1378, 'tap', 1477173333719, 1220, 2085, 945, 345, 0, 0),
(1379, 'menu_toggle', 1477173334677, 1220, 2085, 945, 315, 0, 0),
(1380, 'proper_category', 1477173337861, 1220, 2085, 0, 0, 0, 0),
(1381, 'tap', 1477173334681, 1220, 2085, 945, 315, 0, 0),
(1382, 'tap_menu_item', 1477173337874, 1220, 2085, 526, 552, 0, 0),
(1383, 'menu_toggle', 1477173337874, 1220, 2085, 526, 552, 0, 0),
(1384, 'tap', 1477173337875, 1220, 2085, 526, 552, 0, 0),
(1385, 'scroll', 1477173341280, 1220, 2085, 0, 0, 0, 0),
(1386, 'scroll', 1477173341901, 1220, 2085, 0, 0, 0, 0),
(1387, 'menu_toggle', 1477173338142, 1220, 2169, 705, 295, 0, 0),
(1388, 'wrong_category', 1477173339365, 1220, 2169, 0, 0, 0, 0),
(1389, 'tap', 1477173338142, 1220, 2169, 705, 295, 0, 0),
(1390, 'tap_menu_item', 1477173339367, 1220, 2169, 893, 446, 0, 0),
(1391, 'menu_toggle', 1477173339367, 1220, 2169, 893, 446, 0, 0),
(1392, 'tap', 1477173339367, 1220, 2169, 893, 446, 0, 0),
(1393, 'menu_toggle', 1477173340672, 1220, 2169, 490, 303, 0, 0),
(1394, 'tap', 1477173340672, 1220, 2169, 490, 303, 0, 0),
(1395, 'proper_category', 1477173345348, 1220, 2169, 0, 0, 0, 0),
(1396, 'tap_menu_item', 1477173345350, 1220, 2169, 117, 486, 0, 0),
(1397, 'menu_toggle', 1477173345350, 1220, 2169, 117, 486, 0, 0),
(1398, 'tap', 1477173345350, 1220, 2169, 117, 486, 0, 0),
(1399, 'tap', 1477173354033, 363, 646, 322, 602, 0, 0),
(1400, 'menu_toggle', 1477173354030, 363, 646, 322, 602, 0, 0),
(1401, 'tap_menu_item', 1477173355553, 363, 646, 270, 385, 0, 0),
(1402, 'tap_menu_item', 1477173356739, 363, 646, 0, 0, 0, 0),
(1403, 'tap', 1477173355555, 363, 646, 270, 385, 0, 0),
(1404, 'tap', 1477173356739, 363, 646, 232, 512, 0, 0),
(1405, 'tap_menu_item', 1477173358768, 363, 646, 282, 561, 0, 0),
(1406, 'proper_category', 1477173358765, 363, 646, 0, 0, 0, 0),
(1407, 'tap', 1477173358769, 363, 646, 282, 561, 0, 0),
(1408, 'scroll', 1477173361503, 360, 640, 0, 0, 0, 0),
(1409, 'scroll', 1477173362637, 360, 640, 0, 0, 0, 0),
(1410, 'scroll', 1477173363337, 360, 640, 0, 0, 0, 0),
(1411, 'wrong_product', 1477173363653, 360, 640, 0, 0, 0, 0),
(1412, 'tap', 1477173363667, 360, 640, 262, 451, 0, 0),
(1413, 'scroll', 1477173369537, 360, 640, 0, 0, 0, 0),
(1414, 'scroll', 1477173368237, 360, 640, 0, 0, 0, 0),
(1415, 'tap', 1477173365892, 360, 640, 191, 372, 0, 0),
(1416, 'scroll', 1477173352948, 364, 622, 0, 0, 0, 0),
(1417, 'menu_toggle', 1477173354790, 364, 622, 329, 595, 0, 0),
(1418, 'tap', 1477173354823, 364, 622, 329, 595, 0, 0),
(1419, 'tap_menu_item', 1477173360040, 364, 622, 334, 343, 0, 0),
(1420, 'tap', 1477173360053, 364, 622, 334, 343, 0, 0),
(1421, 'tap_menu_item', 1477173365936, 364, 622, 0, -838, 0, 0),
(1422, 'tap', 1477173365938, 364, 622, 208, 481, 0, 0),
(1423, 'proper_category', 1477173368719, 364, 622, 0, 0, 0, 0),
(1424, 'tap_menu_item', 1477173368741, 364, 622, 330, 504, 0, 0),
(1425, 'tap', 1477173368744, 364, 622, 330, 504, 0, 0),
(1426, 'scroll', 1477173373131, 360, 559, 0, 0, 0, 0),
(1427, 'scroll', 1477173373846, 360, 559, 0, 0, 0, 0),
(1428, 'menu_toggle', 1477186673255, 360, 640, 34, 89, 0, 0),
(1429, 'scroll', 1477186674478, 360, 640, 0, 0, 0, 0),
(1430, 'tap', 1477186673255, 360, 640, 34, 89, 0, 0),
(1431, 'scroll', 1477186675535, 360, 640, 0, 0, 0, 0),
(1432, 'tap_menu_item', 1477186678778, 360, 640, 63, 190, 0, 0),
(1433, 'tap', 1477186678778, 360, 640, 63, 190, 0, 0),
(1434, 'proper_category', 1477186680666, 360, 640, 0, 0, 0, 0),
(1435, 'tap_menu_item', 1477186680669, 360, 640, 81, 245, 0, 0),
(1436, 'tap', 1477186680670, 360, 640, 81, 245, 0, 0),
(1437, 'scroll', 1477186682326, 360, 640, 0, 0, 0, 0),
(1438, 'scroll', 1477186682886, 360, 640, 0, 0, 0, 0),
(1439, 'tap_menu_item', 1477186694081, 363, 646, 157, 608, 0, 0),
(1440, 'tap', 1477186694083, 363, 646, 157, 608, 0, 0),
(1441, 'tap_menu_item', 1477186695674, 363, 646, 156, 616, 0, 0),
(1442, 'proper_category', 1477186697921, 363, 646, 0, 0, 0, 0),
(1443, 'tap', 1477186695675, 363, 646, 156, 616, 0, 0),
(1444, 'tap_menu_item', 1477186697922, 363, 646, 224, 595, 0, 0),
(1445, 'tap', 1477186697922, 363, 646, 224, 595, 0, 0),
(1446, 'menu_toggle', 1477186709828, 1220, 2169, 151, 314, 0, 0),
(1447, 'tap', 1477186709828, 1220, 2169, 151, 314, 0, 0),
(1448, 'proper_category', 1477186716489, 1220, 2169, 0, 0, 0, 0),
(1449, 'menu_toggle', 1477186716491, 1220, 2169, 913, 550, 0, 0),
(1450, 'tap_menu_item', 1477186716491, 1220, 2169, 913, 550, 0, 0),
(1451, 'tap', 1477186716491, 1220, 2169, 913, 550, 0, 0),
(1452, 'menu_toggle', 1477186729194, 363, 646, 319, 608, 0, 0),
(1453, 'tap', 1477186730677, 363, 646, 198, 423, 0, 0),
(1454, 'tap', 1477186733235, 363, 646, 295, 459, 0, 0),
(1455, 'tap', 1477186729198, 363, 646, 319, 608, 0, 0),
(1456, 'tap_menu_item', 1477186730677, 363, 646, 0, 0, 0, 0),
(1457, 'tap_menu_item', 1477186733233, 363, 646, 295, 459, 0, 0),
(1458, 'proper_category', 1477186734776, 363, 646, 0, 0, 0, 0),
(1459, 'tap_menu_item', 1477186734778, 363, 646, 231, 620, 0, 0),
(1460, 'tap', 1477186734780, 363, 646, 231, 620, 0, 0),
(1461, 'scroll', 1477186738602, 360, 640, 0, 0, 0, 0),
(1462, 'menu_toggle', 1477950792868, 384, 585, 25, 69, 0, 0),
(1463, 'tap', 1477950784382, 384, 585, 231, 310, 0, 0),
(1464, 'tap', 1477950792868, 384, 585, 25, 69, 0, 0),
(1465, 'scroll', 1477950769687, 384, 585, 0, 0, 0, 0),
(1466, 'scroll', 1477950806656, 384, 585, 0, 0, 0, 0),
(1467, 'scroll', 1477950810926, 384, 585, 0, 0, 0, 0),
(1468, 'scroll', 1477950815750, 384, 585, 0, 0, 0, 0),
(1469, 'tap_menu_item', 1477950832934, 384, 585, 43, 291, 0, 0),
(1470, 'tap', 1477950855397, 384, 585, 52, 404, 0, 0),
(1471, 'tap', 1477950832935, 384, 585, 43, 291, 0, 0),
(1472, 'tap_menu_item', 1477950855396, 384, 585, 52, 404, 0, 0),
(1473, 'proper_category', 1477950855394, 384, 585, 0, 0, 0, 0),
(1474, 'scroll', 1477950858503, 384, 585, 0, 0, 0, 0),
(1475, 'scroll', 1477950860571, 384, 585, 0, 0, 0, 0),
(1476, 'scroll', 1477950864822, 384, 585, 0, 0, 0, 0),
(1477, 'tap_menu_item', 1477950943135, 384, 585, 90, 541, 0, 0),
(1478, 'tap', 1477950943136, 384, 585, 90, 541, 0, 0),
(1479, 'tap_menu_item', 1477950944631, 384, 585, 152, 549, 0, 0),
(1480, 'tap', 1477950944632, 384, 585, 152, 549, 0, 0),
(1481, 'tap_menu_item', 1477950961227, 384, 585, 323, 544, 0, 0),
(1482, 'proper_category', 1477950961226, 384, 585, 0, 0, 0, 0),
(1483, 'tap', 1477950961228, 384, 585, 323, 544, 0, 0),
(1484, 'scroll', 1477951001008, 1220, 1859, 0, 0, 0, 0),
(1485, 'scroll', 1477951001341, 1220, 1859, 0, 0, 0, 0),
(1486, 'menu_toggle', 1477951010422, 1220, 1859, 908, 302, 0, 0),
(1487, 'tap_menu_item', 1477951021726, 1220, 1859, 923, 478, 0, 0),
(1488, 'tap', 1477951010422, 1220, 1859, 908, 302, 0, 0),
(1489, 'proper_category', 1477951021725, 1220, 1859, 0, 0, 0, 0),
(1490, 'menu_toggle', 1477951021726, 1220, 1859, 923, 478, 0, 0),
(1491, 'tap', 1477951021726, 1220, 1859, 923, 478, 0, 0),
(1492, 'tap', 1477951072125, 384, 585, 343, 543, 0, 0),
(1493, 'menu_toggle', 1477951072119, 384, 585, 343, 543, 0, 0),
(1494, 'tap', 1477951095967, 384, 585, 89, 463, 0, 0),
(1495, 'tap', 1477951097916, 384, 585, 168, 525, 0, 0),
(1496, 'tap_menu_item', 1477951097915, 384, 585, 168, 525, 0, 0),
(1497, 'tap_menu_item', 1477951095967, 384, 585, 0, 0, 0, 0),
(1498, 'proper_category', 1477951099478, 384, 585, 0, 0, 0, 0),
(1499, 'scroll', 1477951104626, 384, 585, 0, 0, 0, 0),
(1500, 'tap_menu_item', 1477951099479, 384, 585, 344, 457, 0, 0),
(1501, 'scroll', 1477951103793, 384, 585, 0, 0, 0, 0),
(1502, 'tap', 1477951099481, 384, 585, 344, 457, 0, 0),
(1503, 'scroll', 1477951107977, 384, 585, 0, 0, 0, 0),
(1504, 'menu_toggle', 1478024995102, 384, 626, 28, 69, 0, 0),
(1505, 'scroll', 1478024968270, 384, 626, 0, 0, 0, 0),
(1506, 'tap', 1478024995103, 384, 626, 28, 69, 0, 0),
(1507, 'scroll', 1478025007277, 384, 626, 0, 0, 0, 0),
(1508, 'tap', 1478025026748, 384, 626, 82, 280, 0, 0),
(1509, 'tap_menu_item', 1478025026747, 384, 626, 82, 280, 0, 0),
(1510, 'proper_category', 1478025028507, 384, 626, 0, 0, 0, 0),
(1511, 'tap_menu_item', 1478025028509, 384, 626, 42, 395, 0, 0),
(1512, 'tap', 1478025028510, 384, 626, 42, 395, 0, 0),
(1513, 'scroll', 1478025033339, 384, 626, 0, 0, 0, 0),
(1514, 'scroll', 1478025128909, 384, 626, 0, 0, 0, 0),
(1515, 'menu_toggle', 1478025130728, 384, 626, 28, 69, 0, 0),
(1516, 'scroll', 1478025133757, 384, 626, 0, 0, 0, 0),
(1517, 'tap', 1478025130730, 384, 626, 28, 69, 0, 0),
(1518, 'tap_menu_item', 1478025136984, 384, 626, 85, 569, 0, 0),
(1519, 'tap', 1478025136985, 384, 626, 85, 569, 0, 0),
(1520, 'scroll', 1478025138453, 384, 626, 0, 0, 0, 0),
(1521, 'proper_category', 1478025155482, 384, 626, 0, 0, 0, 0),
(1522, 'tap', 1478025155486, 384, 626, 64, 418, 0, 0),
(1523, 'tap_menu_item', 1478025155485, 384, 626, 64, 418, 0, 0),
(1524, 'scroll', 1478025161158, 384, 626, 0, 0, 0, 0),
(1525, 'scroll', 1478025213709, 384, 626, 0, 0, 0, 0),
(1526, 'tap_menu_item', 1478025224536, 384, 626, 230, 583, 0, 0),
(1527, 'tap_menu_item', 1478025231999, 384, 626, 248, 591, 0, 0),
(1528, 'tap', 1478025224538, 384, 626, 230, 583, 0, 0),
(1529, 'tap', 1478025232001, 384, 626, 248, 591, 0, 0),
(1530, 'proper_category', 1478025236480, 384, 626, 0, 0, 0, 0),
(1531, 'tap_menu_item', 1478025236483, 384, 626, 332, 588, 0, 0),
(1532, 'tap', 1478025236483, 384, 626, 332, 588, 0, 0),
(1533, 'scroll', 1478025283962, 384, 626, 0, 0, 0, 0),
(1534, 'scroll', 1478025284311, 384, 626, 0, 0, 0, 0),
(1535, 'menu_toggle', 1478025504804, 1220, 1989, 897, 414, 0, 0),
(1536, 'wrong_category', 1478025504801, 1220, 1989, 0, 0, 0, 0),
(1537, 'tap_menu_item', 1478025504804, 1220, 1989, 897, 414, 0, 0),
(1538, 'tap', 1478025503455, 1220, 1989, 889, 299, 0, 0),
(1539, 'menu_toggle', 1478025503454, 1220, 1989, 889, 299, 0, 0),
(1540, 'tap', 1478025497261, 1220, 1989, 743, 930, 0, 0),
(1541, 'tap', 1478025504804, 1220, 1989, 897, 414, 0, 0),
(1542, 'menu_toggle', 1478025566341, 1220, 1989, 1095, 313, 0, 0),
(1543, 'proper_category', 1478025576330, 1220, 1989, 0, 0, 0, 0),
(1544, 'tap', 1478025566342, 1220, 1989, 1095, 313, 0, 0),
(1545, 'tap_menu_item', 1478025576332, 1220, 1989, 123, 478, 0, 0),
(1546, 'menu_toggle', 1478025576332, 1220, 1989, 123, 478, 0, 0),
(1547, 'scroll', 1478025589768, 1220, 1989, 0, 0, 0, 0),
(1548, 'tap', 1478025576333, 1220, 1989, 123, 478, 0, 0),
(1549, 'tap', 1478025648991, 384, 626, 337, 590, 0, 0),
(1550, 'menu_toggle', 1478025648986, 384, 626, 337, 590, 0, 0),
(1551, 'scroll', 1478025646902, 384, 626, 0, 0, 0, 0),
(1552, 'tap_menu_item', 1478025653643, 384, 626, 264, 343, 0, 0),
(1553, 'tap_menu_item', 1478025670329, 384, 626, 0, -166, 0, 0),
(1554, 'tap', 1478025653646, 384, 626, 264, 343, 0, 0),
(1555, 'tap', 1478025670329, 384, 626, 192, 565, 0, 0),
(1556, 'proper_category', 1478025672902, 384, 626, 0, 0, 0, 0),
(1557, 'tap_menu_item', 1478025672905, 384, 626, 281, 541, 0, 0),
(1558, 'tap', 1478025672906, 384, 626, 281, 541, 0, 0),
(1559, 'scroll', 1478025688886, 384, 626, 0, 0, 0, 0),
(1560, 'scroll', 1478025691753, 384, 626, 0, 0, 0, 0),
(1561, 'menu_toggle', 1478028131553, 360, 615, 28, 71, 0, 0),
(1562, 'tap', 1478028131561, 360, 615, 28, 71, 0, 0),
(1563, 'tap_menu_item', 1478028133619, 360, 615, 60, 330, 0, 0),
(1564, 'tap', 1478028133622, 360, 615, 60, 330, 0, 0),
(1565, 'proper_category', 1478028135668, 360, 615, 0, 0, 0, 0),
(1566, 'tap_menu_item', 1478028135753, 360, 615, 48, 500, 0, 0),
(1567, 'tap', 1478028135775, 360, 615, 48, 500, 0, 0),
(1568, 'tap', 1478028146818, 364, 622, 87, 576, 0, 0),
(1569, 'tap_menu_item', 1478028146813, 364, 622, 87, 576, 0, 0),
(1570, 'tap_menu_item', 1478028148355, 364, 622, 226, 583, 0, 0),
(1571, 'tap', 1478028148362, 364, 622, 226, 583, 0, 0),
(1572, 'proper_category', 1478028151038, 364, 622, 0, 0, 0, 0),
(1573, 'tap_menu_item', 1478028151057, 364, 622, 136, 579, 0, 0),
(1574, 'tap', 1478028151058, 364, 622, 136, 579, 0, 0),
(1575, 'scroll', 1478028157488, 360, 615, 0, 0, 0, 0),
(1576, 'scroll', 1478028159518, 360, 615, 0, 0, 0, 0),
(1577, 'menu_toggle', 1478028169505, 1220, 2085, 691, 315, 0, 0),
(1578, 'tap', 1478028169507, 1220, 2085, 691, 315, 0, 0),
(1579, 'proper_category', 1478028172640, 1220, 2085, 0, 0, 0, 0),
(1580, 'tap_menu_item', 1478028172679, 1220, 2085, 128, 484, 0, 0),
(1581, 'menu_toggle', 1478028172679, 1220, 2085, 128, 484, 0, 0),
(1582, 'tap', 1478028172680, 1220, 2085, 128, 484, 0, 0),
(1583, 'menu_toggle', 1478028190450, 364, 622, 325, 584, 0, 0),
(1584, 'tap', 1478028190516, 364, 622, 325, 584, 0, 0),
(1585, 'tap_menu_item', 1478028193330, 364, 622, 0, 0, 0, 0),
(1586, 'tap', 1478028193332, 364, 622, 83, 574, 0, 0),
(1587, 'tap_menu_item', 1478028197197, 364, 622, 0, 0, 0, 0),
(1588, 'tap', 1478028197197, 364, 622, 179, 572, 0, 0),
(1589, 'proper_category', 1478028199621, 364, 622, 0, 0, 0, 0),
(1590, 'tap_menu_item', 1478028199696, 364, 622, 243, 589, 0, 0),
(1591, 'tap', 1478028199697, 364, 622, 243, 589, 0, 0),
(1592, 'scroll', 1478028207539, 360, 615, 0, 0, 0, 0),
(1593, 'scroll', 1478028211728, 360, 615, 0, 0, 0, 0),
(1594, 'menu_toggle', 1478028409940, 360, 615, 31, 85, 0, 0),
(1595, 'tap_menu_item', 1478028412979, 360, 615, 57, 134, 0, 0),
(1596, 'tap', 1478028412981, 360, 615, 57, 134, 0, 0),
(1597, 'tap', 1478028409949, 360, 615, 31, 85, 0, 0),
(1598, 'proper_category', 1478028414273, 360, 615, 0, 0, 0, 0),
(1599, 'tap_menu_item', 1478028414320, 360, 615, 53, 246, 0, 0),
(1600, 'tap', 1478028414357, 360, 615, 53, 246, 0, 0),
(1601, 'scroll', 1478028419289, 360, 615, 0, 0, 0, 0),
(1602, 'tap_menu_item', 1478028432867, 364, 622, 92, 574, 0, 0),
(1603, 'tap', 1478028432872, 364, 622, 92, 574, 0, 0),
(1604, 'tap_menu_item', 1478028436804, 364, 622, 132, 578, 0, 0),
(1605, 'tap', 1478028436809, 364, 622, 132, 578, 0, 0),
(1606, 'proper_category', 1478028438102, 364, 622, 0, 0, 0, 0),
(1607, 'tap_menu_item', 1478028438173, 364, 622, 138, 578, 0, 0),
(1608, 'tap', 1478028438194, 364, 622, 138, 578, 0, 0),
(1609, 'scroll', 1478028442558, 360, 615, 0, 0, 0, 0),
(1610, 'menu_toggle', 1478028457718, 1220, 2085, 132, 311, 0, 0),
(1611, 'tap', 1478028457720, 1220, 2085, 132, 311, 0, 0),
(1612, 'proper_category', 1478028460943, 1220, 2085, 0, 0, 0, 0),
(1613, 'tap_menu_item', 1478028461010, 1220, 2085, 935, 437, 0, 0),
(1614, 'menu_toggle', 1478028461010, 1220, 2085, 935, 437, 0, 0),
(1615, 'tap', 1478028461011, 1220, 2085, 935, 437, 0, 0),
(1616, 'wrong_product', 1478028469900, 1220, 2085, 0, 0, 0, 0),
(1617, 'tap', 1478028469987, 1220, 2085, 1040, 1714, 0, 0),
(1618, 'tap', 1478028472997, 1220, 2085, 721, 1070, 0, 0),
(1619, 'scroll', 1478028475802, 1220, 2085, 0, 0, 0, 0),
(1620, 'menu_toggle', 1478028484840, 364, 622, 336, 596, 0, 0),
(1621, 'tap', 1478028484887, 364, 622, 336, 596, 0, 0),
(1622, 'proper_category', 1478028490386, 364, 622, 0, 0, 0, 0),
(1623, 'tap_menu_item', 1478028490478, 364, 622, 248, 578, 0, 0),
(1624, 'tap', 1478028488391, 364, 622, 314, 437, 0, 0),
(1625, 'tap', 1478028486404, 364, 622, 195, 406, 0, 0),
(1626, 'tap_menu_item', 1478028488380, 364, 622, 314, 437, 0, 0),
(1627, 'tap_menu_item', 1478028486402, 364, 622, 0, 0, 0, 0),
(1628, 'tap', 1478028490480, 364, 622, 248, 578, 0, 0);

-- --------------------------------------------------------

--
-- Struktura tabeli dla tabeli `Category`
--

CREATE TABLE IF NOT EXISTS `Category` (
  `idCategory` int(11) NOT NULL,
  `name` varchar(45) NOT NULL,
  `description` varchar(45) DEFAULT NULL,
  PRIMARY KEY (`idCategory`)
) ENGINE=InnoDB DEFAULT CHARSET=latin2;

--
-- Zrzut danych tabeli `Category`
--

INSERT INTO `Category` (`idCategory`, `name`, `description`) VALUES
(0, 'root', NULL),
(1, 'Elektronika', NULL),
(2, 'Moda', NULL),
(3, 'Dom', NULL),
(4, 'Sport', NULL),
(5, 'Motoryzacja', NULL),
(6, 'Kultura', NULL),
(11, 'RTV', NULL),
(12, 'AGD', NULL),
(13, 'Komputery', NULL),
(21, 'Mska', NULL),
(22, 'Damska', NULL),
(23, 'Dziecica', NULL),
(31, 'Meble', NULL),
(32, 'Budownictwo', NULL),
(33, 'Ogrd', NULL),
(41, 'Siownia', NULL),
(42, 'Rowery', NULL),
(43, 'Inne', NULL),
(51, 'Samochody', NULL),
(52, 'Motocykle', NULL),
(53, 'Maszyny rolnicze', NULL),
(61, 'Filmy', NULL),
(62, 'Muzyka', NULL),
(63, 'Ksiki', NULL),
(111, 'TV', 'Telewizor'),
(112, 'Video', 'Sprzt wideo'),
(113, 'Audio', 'Sprzt audio'),
(121, 'Zmywarki', 'Zmywarka'),
(122, 'Pralki', 'Pralka'),
(123, 'Lodwki', 'Lodwka'),
(131, 'Stacjionarne', 'Komputer stacjonarny'),
(132, 'Laptopy', 'Laptop'),
(133, 'Monitory', 'Monitor'),
(211, 'Spodnie', 'Spodnie mskie'),
(212, 'Koszulki', 'Koszulka meska'),
(213, 'Bluzy', 'Bluza mska'),
(221, 'Spdnice', 'Spdnica'),
(222, 'Bluzki', 'Bluzka damska'),
(223, 'Spodnie', 'Spodnie damskie'),
(231, 'Spodnie', 'Spodenki dziecice'),
(232, 'Bluzy', 'Bluza dziecica'),
(233, 'Buty', 'Buty dziecice'),
(311, 'Sypialnia', 'Meble do sypialni'),
(312, 'Jadalnia', 'Meble do jadalni'),
(313, 'Salon', 'Meble do salonu'),
(321, 'Drzwi', 'Drzwi'),
(322, 'Farby', 'Farba'),
(323, 'Podogi', 'Podoga'),
(331, 'Grill', 'Grill'),
(332, 'Narzdzia', 'Ogrd / Narzdzia'),
(333, 'Sadzonki', 'Sadzonka'),
(411, 'Ciary', 'Siownia / Ciary'),
(412, 'Maszyny', 'Siownia / Maszyny'),
(413, 'Akcesoria', 'Akcesoria na siowni'),
(421, 'Grskie', 'Rower grski'),
(422, 'Szosowe', 'Rower szosowy'),
(423, 'Dla dzieci', 'Rower dla dzieci'),
(431, 'Koszykwka', 'Artykuy do koszykwki'),
(432, 'Pika nona', 'Artykuy do piki nonej'),
(433, 'Hokej', 'Artykuy do hokeja'),
(511, 'Osobowe', 'Samochd osobowy'),
(512, 'Transportowe', 'Samochd transportowy'),
(513, 'Czci', 'Czci samochodowe'),
(521, 'Sportowe', 'Motocykl sportowy'),
(522, 'Cross', 'Motocykl cross'),
(523, 'Chopper', 'Motocykl Chopper'),
(531, 'Traktory', 'Traktor'),
(532, 'Naczepy', 'Naczepa do traktora'),
(533, 'Inne', 'Maszyna rolnicza'),
(611, 'Akcji', 'Film akcji'),
(612, 'Romantyczne', 'Film romantyczny'),
(613, 'Komedie', 'Film komediowy'),
(621, 'Rock', 'Album muzyki Rock'),
(622, 'Rap', 'Album muzyki Rap'),
(623, 'Pop', 'Album muzyki Pop'),
(631, 'Krymina', 'Ksika krymina'),
(632, 'Horror', 'Ksika horror'),
(633, 'Naukowe', 'Ksika naukowa');

-- --------------------------------------------------------

--
-- Struktura tabeli dla tabeli `Client`
--

CREATE TABLE IF NOT EXISTS `Client` (
  `idClient` int(11) NOT NULL AUTO_INCREMENT,
  `device` varchar(128) DEFAULT NULL,
  `browser` varchar(128) DEFAULT NULL,
  `age` int(11) DEFAULT NULL,
  `sex` varchar(45) DEFAULT NULL,
  `system` varchar(128) DEFAULT NULL,
  `hand` varchar(45) DEFAULT NULL,
  `createDate` bigint(20) DEFAULT NULL,
  `education` varchar(45) DEFAULT NULL,
  PRIMARY KEY (`idClient`),
  UNIQUE KEY `idClient_UNIQUE` (`idClient`)
) ENGINE=InnoDB  DEFAULT CHARSET=latin2 AUTO_INCREMENT=113 ;

--
-- Zrzut danych tabeli `Client`
--

INSERT INTO `Client` (`idClient`, `device`, `browser`, `age`, `sex`, `system`, `hand`, `createDate`, `education`) VALUES
(75, 'smartphone', 'chrome', 25, 'man', 'Android', 'right', 1475542125429, 'high'),
(76, 'tablet', 'chrome', 25, 'man', 'Android', 'right', 1475542781061, 'middle'),
(77, 'smartphone', 'chrome', 0, '', 'Windows 10', 'right', 1475545757411, NULL),
(78, 'smartphone', 'chrome', 25, 'man', 'Android', 'right', 1475545998660, 'high'),
(79, 'smartphone', 'chrome', 25, 'man', 'Android', 'right', 1475546127400, 'high'),
(80, 'smartphone', 'chrome', 15, 'woman', 'Android', 'right', 1475546248392, 'none'),
(81, 'smartphone', 'chrome', 0, '', 'Windows 10', 'right', 1475581567524, NULL),
(82, 'smartphone', 'chrome', 0, '', 'Android', 'right', 1476199375560, NULL),
(83, 'smartphone', 'chrome', 0, '', 'Android', 'right', 1476207547545, NULL),
(84, 'smartphone', 'chrome', 0, '', 'Windows 10', 'right', 1476304070964, NULL),
(85, 'smartphone', 'chrome', 24, 'man', 'Android', 'right', 1476309096709, 'middle'),
(86, 'smartphone', 'chrome', 0, '', 'Android', 'right', 1476309263545, NULL),
(87, 'smartphone', 'chrome', 0, '', 'Android', 'left', 1476312763323, NULL),
(88, 'smartphone', 'chrome', 0, '', 'Android', 'right', 1476312866286, NULL),
(89, 'smartphone', 'chrome', 25, 'man', 'Android', 'right', 1476312910732, 'high'),
(90, 'smartphone', 'chrome', 32, 'man', 'Android', 'right', 1476313947986, 'high'),
(91, 'smartphone', 'chrome', 25, 'man', 'Android', 'right', 1476314369429, 'high'),
(92, 'smartphone', 'chrome', 0, '', 'Android', 'right', 1476863870944, NULL),
(93, 'smartphone', 'chrome', 25, 'man', 'Android', 'right', 1476874303130, 'high'),
(94, 'smartphone', 'chrome', 0, '', 'Android', 'right', 1476877585210, NULL),
(95, 'smartphone', 'chrome', 20, 'man', 'Android', 'right', 1477173126205, 'middle'),
(96, 'smartphone', 'chrome', 27, 'man', 'Android', 'right', 1477173183412, 'high'),
(97, 'smartphone', 'chrome', 19, 'woman', 'Android', 'right', 1477173304750, 'middle'),
(98, 'smartphone', 'chrome', 0, '', 'Android', 'right', 1477181861766, NULL),
(99, 'smartphone', 'chrome', 0, '', 'Android', 'right', 1477182207931, NULL),
(100, 'smartphone', 'chrome', 0, '', 'Android', 'right', 1477182214483, NULL),
(101, 'smartphone', 'chrome', 0, '', 'Android', 'right', 1477182219476, NULL),
(102, 'smartphone', 'chrome', 0, '', 'Android', 'right', 1477182224266, NULL),
(103, 'smartphone', 'chrome', 26, 'man', 'Android', 'right', 1477186664502, 'high'),
(104, 'smartphone', 'chrome', 0, '', 'Android', 'right', 1477696042183, NULL),
(105, 'smartphone', 'chrome', 0, '', 'Android', 'right', 1477696066324, NULL),
(106, 'smartphone', 'chrome', 0, '', 'Android', 'right', 1477696162288, NULL),
(107, 'smartphone', 'chrome', 0, '', 'Android', 'right', 1477797128764, NULL),
(108, 'smartphone', 'chrome', 365, 'man', 'Android', 'right', 1477950757943, 'techniacal'),
(109, 'smartphone', 'chrome', 0, '', 'Android', 'right', 1478024773780, NULL),
(110, 'smartphone', 'chrome', 19, 'man', 'Android', 'right', 1478025114787, 'middle'),
(111, 'smartphone', 'chrome', 25, 'man', 'Android', 'right', 1478028100397, 'high'),
(112, 'smartphone', 'chrome', 25, 'man', 'Android', 'right', 1478028395829, 'middle');

-- --------------------------------------------------------

--
-- Struktura tabeli dla tabeli `Client_Task`
--

CREATE TABLE IF NOT EXISTS `Client_Task` (
  `idClient` int(11) NOT NULL,
  `idTask` int(11) NOT NULL,
  KEY `client_key` (`idClient`),
  KEY `client_task_idx` (`idTask`)
) ENGINE=InnoDB DEFAULT CHARSET=latin2;

--
-- Zrzut danych tabeli `Client_Task`
--

INSERT INTO `Client_Task` (`idClient`, `idTask`) VALUES
(75, 261),
(75, 262),
(75, 263),
(75, 264),
(76, 265),
(76, 266),
(76, 267),
(76, 268),
(77, 270),
(77, 271),
(77, 269),
(77, 272),
(78, 273),
(78, 274),
(78, 275),
(78, 276),
(79, 277),
(79, 278),
(79, 279),
(79, 280),
(80, 281),
(80, 282),
(80, 283),
(80, 284),
(81, 287),
(81, 288),
(81, 285),
(81, 286),
(82, 291),
(82, 290),
(82, 289),
(82, 292),
(83, 293),
(83, 294),
(83, 295),
(83, 296),
(84, 299),
(84, 298),
(84, 297),
(84, 300),
(85, 301),
(85, 302),
(85, 303),
(85, 304),
(86, 305),
(86, 306),
(86, 307),
(86, 308),
(87, 309),
(87, 310),
(87, 311),
(87, 312),
(88, 313),
(88, 314),
(88, 315),
(88, 316),
(89, 317),
(89, 318),
(89, 319),
(89, 320),
(90, 321),
(90, 322),
(90, 323),
(90, 324),
(91, 325),
(91, 326),
(91, 327),
(91, 328),
(92, 332),
(92, 330),
(92, 331),
(92, 329),
(93, 336),
(93, 334),
(93, 335),
(93, 333),
(94, 337),
(94, 338),
(94, 339),
(94, 340),
(95, 342),
(95, 344),
(95, 341),
(95, 343),
(96, 345),
(96, 346),
(96, 347),
(96, 348),
(97, 349),
(97, 350),
(97, 352),
(97, 351),
(98, 354),
(98, 353),
(98, 355),
(98, 356),
(99, 357),
(99, 358),
(99, 359),
(99, 360),
(100, 361),
(100, 362),
(100, 363),
(100, 364),
(101, 365),
(101, 366),
(101, 367),
(101, 368),
(102, 369),
(102, 370),
(102, 371),
(102, 372),
(103, 376),
(103, 375),
(103, 373),
(103, 374),
(104, 377),
(104, 378),
(104, 379),
(104, 380),
(105, 381),
(105, 382),
(105, 383),
(105, 384),
(106, 385),
(106, 387),
(106, 388),
(106, 386),
(107, 390),
(107, 389),
(107, 392),
(107, 391),
(108, 395),
(108, 396),
(108, 394),
(108, 393),
(109, 397),
(109, 399),
(109, 400),
(109, 398),
(110, 401),
(110, 402),
(110, 403),
(110, 404),
(111, 405),
(111, 406),
(111, 407),
(111, 408),
(112, 409),
(112, 410),
(112, 411),
(112, 412);

-- --------------------------------------------------------

--
-- Struktura tabeli dla tabeli `Interface`
--

CREATE TABLE IF NOT EXISTS `Interface` (
  `idInterface` int(11) NOT NULL,
  `name` varchar(255) NOT NULL,
  `description` varchar(255) DEFAULT NULL,
  PRIMARY KEY (`idInterface`)
) ENGINE=InnoDB DEFAULT CHARSET=latin2;

--
-- Zrzut danych tabeli `Interface`
--

INSERT INTO `Interface` (`idInterface`, `name`, `description`) VALUES
(0, 'hamburger', 'Hamburger menu'),
(1, 'bottom_bar', 'Bottom bar menu'),
(2, 'desktop', 'Desktop menu'),
(3, 'wachlarz', 'Wachlarz menu');

-- --------------------------------------------------------

--
-- Struktura tabeli dla tabeli `Product`
--

CREATE TABLE IF NOT EXISTS `Product` (
  `idProdukt` int(11) NOT NULL AUTO_INCREMENT,
  `name` varchar(256) CHARACTER SET latin2 NOT NULL,
  `description` varchar(3000) CHARACTER SET latin2 NOT NULL,
  `price` float NOT NULL,
  `idCategory` int(11) NOT NULL,
  `isPromotion` tinyint(4) NOT NULL,
  `imageId` varchar(45) CHARACTER SET latin2 NOT NULL DEFAULT '1',
  PRIMARY KEY (`idProdukt`),
  KEY `idx_Produkt_name` (`name`),
  KEY `category_idx` (`idCategory`)
) ENGINE=InnoDB  DEFAULT CHARSET=utf8 COLLATE=utf8_polish_ci AUTO_INCREMENT=544 ;

--
-- Zrzut danych tabeli `Product`
--

INSERT INTO `Product` (`idProdukt`, `name`, `description`, `price`, `idCategory`, `isPromotion`, `imageId`) VALUES
(1, 'LG LED 49UF695V', '', 2799, 111, 1, '1'),
(2, 'SONY LED KDL-48WD650BAEP', '', 2389, 111, 0, '2'),
(3, 'LG LED 55UH6507', '', 3999, 111, 0, '3'),
(4, 'SONY LED KDL-50W756C', '', 3999, 111, 0, '4'),
(5, 'LG 32LF5610', '', 970, 111, 0, '5'),
(6, 'Samsung UE32K5500AWXXH', '', 1438, 111, 0, '6'),
(7, 'Samsung UE40JU6400', '', 2075, 111, 1, '7'),
(8, 'Sony KDL48WD655B', '', 2499, 111, 1, '8'),
(9, 'Samsung UE55H6400 AKXXH', '', 3299, 111, 1, '9'),
(10, 'Samsung UE50H6400 3D 400Hz', '', 2629, 111, 1, '10'),
(12, 'Samsung UBD-K8500', '', 1999, 112, 0, '1'),
(13, 'Samsung BD-J4500', '', 269, 112, 0, '2'),
(14, 'Samsung BD-J7500', '', 649, 112, 0, '3'),
(15, 'Samsung BD-H6500', '', 599, 112, 0, '4'),
(16, 'Sony BDP-S6500', '', 529, 112, 1, '5'),
(17, 'Pioneer BDP-100-K', '', 599, 112, 0, '6'),
(18, 'Yamaha BD-S477', '', 899, 112, 0, '7'),
(19, 'Yamaha BD-S677', '', 1399, 112, 0, '8'),
(20, 'Pioneer BDP-180-K', '', 969, 112, 1, '9'),
(21, 'Panasonic DMP-BDT380', '', 629, 112, 0, '10'),
(22, 'Wzmacniacz Pioneer A-10-K', '', 749, 113, 0, '1'),
(23, 'Wzmacniacz Yamaha A-S201', '', 770, 113, 0, '2'),
(24, 'Wzmacniacz Denon PMA-720AE', '', 1199, 113, 0, '3'),
(25, 'Gramofon Audio-Technika AT-LP120 USB HC ', '', 1129, 113, 1, '4'),
(26, 'Gramofon Pioneer PL-30-K', '', 1499, 113, 0, '5'),
(27, 'Gramofon Lenco L-3807', '', 1049, 113, 0, '6'),
(28, 'Pure Acoustics Supernova 5 Bookshelf', '', 299, 113, 1, '7'),
(29, 'Yamaha NS-50', '', 1999, 113, 0, '8'),
(30, 'Magnat Quantum 677', '', 1990, 113, 0, '9'),
(31, 'Kruger & Matz Destiny KM0505', '', 1999, 113, 0, '10'),
(32, 'Bosch SPS53M88EU', '', 1599, 121, 0, '1'),
(33, 'Hotpoint-Ariston LFF 8M121 CX EU', '', 1399, 121, 0, '2'),
(34, 'Bosch Serie 4 SPS53E18EU', '', 1999, 121, 0, '3'),
(35, 'Bosch SMS50D38EU', '', 1299, 121, 1, '4'),
(36, 'Bosch SMS54M48EU', '', 1549, 121, 0, '5'),
(37, 'Amica ZWM 436 SD', '', 1147, 121, 1, '6'),
(38, 'Candy CDP 5740X', '', 1299, 121, 0, '7'),
(39, 'Amica ZWM 436 WD', '', 1099, 121, 0, '8'),
(40, 'Indesit DSR 57M19 AS EU', '', 1099, 121, 0, '9'),
(41, 'Bosch SMS53L68EU', '', 1699, 121, 0, '10'),
(42, 'Indesit IWSC 51052 C ECO PL', '', 799, 122, 0, '1'),
(43, 'Samsung WF70F5E0W2W', '', 1299, 122, 0, '2'),
(44, 'Amica Navigator AWX612D', '', 999, 122, 1, '3'),
(45, 'Bosch Serie 6 VarioPerfect WLK24260PL', '', 1399, 122, 0, '4'),
(46, 'Indesit Eco Time IWD 61052 C ECO PL', '', 799, 122, 0, '5'),
(47, 'Electrolux EWS1266CI', '', 1549, 122, 0, '6'),
(48, 'Samsung WW60J3283LW', '', 1039, 122, 0, '7'),
(49, 'Bosch Serie 4 Maxx WLG2426KPL', '', 1325, 122, 0, '8'),
(50, 'Samsung WF60F4EFW2W', '', 1300, 122, 1, '9'),
(51, 'Electrolux EWT1266TLW', '', 1349, 122, 0, '10'),
(52, 'Samsung RB31FERNBSS', '', 2249, 123, 0, '1'),
(53, 'Samsung RB29FSRNDSA', '', 1499, 123, 0, '2'),
(54, 'Samsung RB31FDRNDSA', '', 1899, 123, 0, '3'),
(55, 'Amica FK265.3SAA', '', 1049, 123, 0, '4'),
(56, 'Bosch KGN39VL31E', '', 1999, 123, 1, '5'),
(57, 'Haier HRZ- 98AAS', '', 499, 123, 0, '6'),
(58, 'Bosch KGV36KL32', '', 1599, 123, 1, '7'),
(59, 'Samsung RB31FERNDBC', '', 1749, 123, 0, '8'),
(60, 'Samsung RS7528THCSP', '', 3599, 123, 0, '9'),
(61, 'Indesit LI8 FF2 S H', '', 1399, 123, 0, '10'),
(62, 'Lenovo H50-50 i5-4460 8GB 1TB GTX745 2GB W10', '', 2388, 131, 0, '1'),
(63, 'HP 280 G1840 4GB 500GB W8', '', 1099, 131, 0, '2'),
(64, 'Dell Inspiron 3847 i3-4170 4GB 500GB GT705 W8', '', 1799, 131, 0, '3'),
(65, 'HP Pavilion 500 i3-4160 4GB 1TB R7 240 W8.1', '', 1699, 131, 0, '4'),
(66, 'Lenovo ThinkCentre M73 i3-4130 4GB 500GB', '', 999, 131, 0, '5'),
(67, 'Intel Compute Stick BOXSTCK1A32WFCL Z3735F 2G', '', 549, 131, 1, '6'),
(68, 'Lenovo IdeaCentre 300-20ISH i5-6400 8GB 1TB W', '', 2699, 131, 1, '7'),
(69, 'Dell Inspiron 3847 i7-4790 16GB 2TB GT705 2GB', '', 3499, 131, 0, '8'),
(70, 'Lenovo IdeaCentre 300-20ISH i5-6400 8GB 1TB G', '', 2499, 131, 0, '9'),
(71, 'Lenovo IdeaCentre 300-20ISH i7-6700 8GB 1TB W', '', 3399, 131, 0, '10'),
(72, 'ASUS X555LJ-XO182T W10', '', 2199, 132, 0, '1'),
(75, 'Lenovo Z51-70 i5-5200U 8GB 1TB SSHD R9 M375 W', '', 2599, 132, 0, '2'),
(76, 'Lenovo IdeaPad 100 15 N2840 4GB 500GB W10', '', 1199, 132, 0, '3'),
(77, 'HP 15 W10', '', 2599, 132, 0, '4'),
(78, 'Dell Inspiron 15 3542 i3-4005 4GB 500GB GT920', '', 1799, 132, 1, '5'),
(79, 'HP 250 G4 i5-6200U 8GB 1TB R5 M330 W10', '', 2099, 132, 0, '6'),
(80, 'Lenovo Miix 300 Z3735F 2GB 32GB W10', '', 799, 132, 0, '7'),
(81, 'Kiano SlimNote 14.1 cala 3735F 2GB 32GB W10 ', '', 799, 132, 0, '8'),
(82, 'Lenovo IdeaPad 300 i3-6100U 4GB 500GB W10', '', 1599, 132, 1, '9'),
(83, 'Apple Macbook Air 13 i5-5250U 8GB 128GB SSD', '', 4799, 132, 0, '10'),
(84, 'Samsung S24D300H', '', 549, 133, 0, '1'),
(85, 'BenQ XL2411Z', '', 1199, 133, 0, '2'),
(86, 'LG 22MT44DP', '', 579, 133, 0, '3'),
(87, 'LG 19M38A-B', '', 299, 133, 1, '4'),
(88, 'Samsung T27D390EW', '', 949, 133, 0, '5'),
(89, 'LG 25UM57', '', 871, 133, 0, '6'),
(90, 'Philips 203V5LSB26/10', '', 329, 133, 0, '7'),
(91, 'LG 24M38D-B', '', 499, 133, 0, '8'),
(92, 'Samsung S24E500C Curved', '', 799, 133, 1, '9'),
(93, 'Samsung S22E390HS', '', 499, 133, 0, '10'),
(94, 'Spodnie chinos Skinny fit', '', 99.9, 211, 0, '1'),
(95, 'Spodnie z diagonalu Slim fit', '', 79.9, 211, 0, '2'),
(96, 'Spodnie cargo', '', 129.9, 211, 0, '3'),
(97, 'Jeans Super Skinny fit', '', 79.9, 211, 0, '4'),
(98, 'Spodnie dresowe', '', 79.9, 211, 1, '5'),
(99, 'Spodnie chinos Slim Cropped', '', 129.9, 211, 0, '6'),
(100, 'Joggersy', '', 79.9, 211, 0, '7'),
(101, 'Spodnie z baweny premium', '', 149.9, 211, 0, '8'),
(102, 'Spodnie z domieszk lnu', '', 129.9, 211, 0, '9'),
(103, 'Joggersy Slim Low', '', 139.9, 211, 1, '10'),
(104, 'Stretch T-shirt', '', 29.9, 212, 0, '1'),
(105, 'Cotton T-shirt', '', 49.9, 212, 0, '2'),
(106, 'T-shirt with a chest pocket', '', 39.9, 212, 1, '3'),
(107, 'Long T-shirt', '', 29.9, 212, 0, '4'),
(108, 'Ribbed vest top', '', 39.9, 212, 0, '5'),
(109, 'Basic T-shirt', '', 19.9, 212, 1, '6'),
(110, 'V-neck T-shirt', '', 19.9, 212, 0, '7'),
(111, 'Vest top', '', 19.9, 212, 0, '8'),
(112, 'Jersey Henley shirt', '', 59.9, 212, 0, '9'),
(113, 'Koszulka Henley z derseju', '', 59.9, 212, 0, '10'),
(114, 'Bluza', '', 79.9, 213, 0, '1'),
(115, 'Bluza Trashed', '', 99.9, 213, 1, '2'),
(116, 'Bluza z kapturem', '', 79.9, 213, 0, '3'),
(117, 'Bluza dresowa', '', 129.9, 213, 0, '4'),
(118, 'Dersejowa bluza z kapturem', '', 79.9, 213, 0, '5'),
(119, 'Rozpinana bluza z kapturem', '', 79.9, 213, 0, '6'),
(120, 'Biaa bluza', '', 39.9, 213, 1, '7'),
(121, 'Czarna bluza', '', 39.9, 213, 0, '8'),
(122, 'Bluza w urawie', '', 99.9, 213, 0, '9'),
(123, 'Bluza z nadrukiem', '', 79.9, 213, 0, '10'),
(124, 'Pencil skirt', '', 69.9, 221, 0, '1'),
(125, 'Short pencil skirt', '', 79.9, 221, 0, '2'),
(126, 'A-line skirt', '', 79.9, 221, 0, '3'),
(127, 'A-line skirt red', '', 79.9, 221, 1, '4'),
(128, 'A-line skirt pink', '', 79.9, 221, 0, '5'),
(129, 'Patterned skirt', '', 139.9, 221, 0, '6'),
(130, 'Chiffon skirt with lace', '', 139.9, 221, 0, '7'),
(131, 'Circular skirt', '', 59.9, 221, 0, '8'),
(132, 'Denim skirt', '', 99.9, 221, 1, '9'),
(133, 'Textured skirt', '', 79.9, 221, 0, '10'),
(134, 'Bluzka z dekoltem w serek', '', 79.9, 222, 0, '1'),
(135, 'Koszula elastyczna', '', 59.9, 222, 1, '2'),
(136, 'Bluzka z wizaniem', '', 99.9, 222, 1, '3'),
(137, 'Bluzka z wizaniem bez rkaww', '', 79.9, 222, 0, '4'),
(138, 'Koszula stretch', '', 59.9, 222, 0, '5'),
(139, 'Koszula z wiskozy', '', 59.9, 222, 0, '6'),
(140, 'Duga koszula', '', 79.9, 222, 0, '7'),
(141, 'Duga koszula baweniana', '', 99.9, 222, 0, '8'),
(142, 'Duga koszula baweniana', '', 129.9, 222, 0, '9'),
(143, 'Jedwabna bluzka', '', 229.9, 222, 0, '10'),
(144, 'Spodnie superstretch', '', 79.9, 223, 0, '1'),
(145, 'Spodnie superstretch red', '', 79.9, 223, 0, '2'),
(146, 'Spodnie High waist', '', 99.9, 223, 1, '3'),
(147, 'Legginsy z derseju', '', 39.9, 223, 0, '4'),
(148, 'Spodnie High waist', '', 99.9, 223, 0, '5'),
(149, 'Elastyczne spodnie', '', 79.9, 223, 0, '6'),
(150, 'Spodnie cygaretki', '', 59.9, 223, 0, '7'),
(151, 'Spodnie garniturowe', '', 79.9, 223, 0, '8'),
(152, 'Spodnie chinos', '', 99.9, 223, 0, '9'),
(153, 'Joggersy', '', 79.9, 223, 1, '10'),
(154, 'Joggersy czarne', '', 24.9, 231, 0, '1'),
(155, 'Joggersy rowe', '', 9.9, 231, 1, '2'),
(156, 'Legginsy ze stopkami 2-pak', '', 39.9, 231, 0, '3'),
(157, 'Spodnie z dzianiny', '', 59.9, 231, 0, '4'),
(158, 'Cienkie spodnie', '', 59.9, 231, 0, '5'),
(159, 'Spodnie w strukturalny splot', '', 59.9, 231, 0, '6'),
(160, 'Legginsy o splocie w prki', '', 39.9, 231, 1, '7'),
(161, 'Baweniane spodnie z podszewk', '', 49.9, 231, 0, '8'),
(162, 'Spodnie bez zapicia', '', 39.9, 231, 0, '9'),
(163, 'Spodnie sztruksowe', '', 59.9, 231, 0, '10'),
(164, 'Body z dugim rkawem 2-pak', '', 34.9, 232, 0, '1'),
(165, 'Bluza z nadrukiem', '', 39.9, 232, 0, '2'),
(166, 'Kopertowe body 2-pak', '', 39.9, 232, 1, '3'),
(167, 'Kombinezon pluszowy', '', 79.9, 232, 0, '4'),
(168, 'Wzorzysty kombinezon', '', 29.9, 232, 0, '5'),
(169, 'Kardigan w strukturalny splot', '', 79.9, 232, 0, '6'),
(170, 'Cienki sweter', '', 79.9, 232, 1, '7'),
(171, 'Kombinezon dresowy', '', 69.9, 232, 0, '8'),
(172, 'Baweniany kardigan', '', 79.9, 232, 0, '9'),
(173, 'Sweter o splocie ryowym', '', 59.9, 232, 0, '10'),
(174, 'Kapcie z ciep wycik', '', 39.9, 233, 0, '1'),
(175, 'Kapcie z ciep wycik rowe', '', 9.9, 233, 0, '2'),
(176, 'Wzorzyste kalosze', '', 79.9, 233, 1, '3'),
(177, 'Kapcie z ciep wycik szare', '', 39.9, 233, 0, '4'),
(178, 'Kalosze w paski', '', 79.9, 233, 0, '5'),
(179, 'Czerwone kapcie', '', 39.9, 233, 0, '6'),
(180, 'Botki z ciep wycik', '', 69.9, 233, 0, '7'),
(181, 'Mikkie kapcie', '', 39.9, 233, 1, '8'),
(182, 'Sztyblety', '', 59.9, 233, 0, '9'),
(183, 'Botki z suwakiem', '', 99.9, 233, 0, '10'),
(184, 'ko PARIS 160', '', 949, 311, 0, '1'),
(185, 'ko JULIETTA JLTL162', '', 499, 311, 0, '2'),
(186, 'ko TIZIANO TZML160', '', 899, 311, 0, '3'),
(187, 'ko i szafki nocne RONDINO RDNL161B', '', 1799, 311, 0, '4'),
(188, 'ko MADRAS typ 92', '', 999, 311, 0, '5'),
(189, 'ko LINATE typ 91', '', 799, 311, 0, '6'),
(190, 'ko LINATE typ 92', '', 869, 311, 0, '7'),
(191, 'ko LINATE typ 94', '', 1849, 311, 0, '8'),
(192, 'ko SIENA 51 z owietleniem i pojemnikiem', '', 1299, 311, 0, '9'),
(193, 'ko LACE LCXL091', '', 599, 311, 0, '10'),
(194, 'awost AVERSA', '', 1329, 312, 0, '1'),
(195, 'St rozkadany ETNO NEW ', '', 1499, 312, 0, '2'),
(196, 'St rozkadany GRAND', '', 880, 312, 0, '3'),
(197, 'St rozkadany KASHMIR', '', 459, 312, 1, '4'),
(198, 'St rozkadany MADRAS typ 76', '', 598, 312, 0, '5'),
(199, 'St rozkadany OPAL 1', '', 399, 312, 0, '6'),
(200, 'Krzeso ALEX', '', 189, 312, 0, '7'),
(201, 'Krzeso AMON', '', 179, 312, 0, '8'),
(202, 'Krzeso COLORADO', '', 299, 312, 0, '9'),
(203, 'Krzeso 2049-3', '', 229, 312, 0, '10'),
(204, 'Sofa ALMA 3 osobowa, rozkadana', '', 1199, 313, 0, '1'),
(205, 'Wersalka AZALIA', '', 999, 313, 0, '2'),
(206, 'Sofa ROYAL 3 osobowa, rozkadana', '', 1849, 313, 0, '3'),
(207, 'Sofa LIVE 3 osobowa, rozkadana', '', 1249, 313, 0, '4'),
(208, 'Sofa BRISTOL 3 osobowa, rozkadana', '', 3029, 313, 0, '5'),
(209, 'Sofa BRAVO 3 osobowa, rozkadana', '', 1299, 313, 0, '6'),
(210, 'Sofa TOLEDO 3 osobowa, rozkadana', '', 1200, 313, 1, '7'),
(211, 'Sofa VERA 3 osobowa, rozkadana', '', 1200, 313, 1, '8'),
(212, 'Sofa LIVE 3 osobowa, rozkadana', '', 1249, 313, 0, '9'),
(213, 'Sofa TRENDY 3 osobowa, rozkadana', '', 1359, 313, 0, '10'),
(214, 'Drzwi zewntrzne stalowe pene apollo 80 winc', '', 698, 321, 0, '1'),
(215, 'Drzwi zewntrzne stalowe basic 90 orzech', '', 698, 321, 0, '2'),
(216, 'Drzwi wejciowe stalowe jowisz auriga slim 90', '', 1298, 321, 0, '3'),
(217, 'Drzwi zewntrzne stalowe nata 80 zoty db', '', 499, 321, 0, '4'),
(218, 'Drzwi wejciowe alderan lux 80 orzech north', '', 898, 321, 1, '5'),
(219, 'Drzwi stalowe jowisz gadki 80 orzech', '', 748, 321, 1, '6'),
(220, 'Drzwi zewntrzne stalowe splendoor onyks 80 a', '', 1398, 321, 0, '7'),
(221, 'Drzwi stalowe jowisz gadki 80 zoty db', '', 748, 321, 0, '8'),
(222, 'Drzwi zewntrzne stalowe splendoor gaja 90 or', '', 1498, 321, 0, '9'),
(223, 'Drzwi zewntrzne stalowe pene apollo 90 winc', '', 998, 321, 0, '10'),
(224, 'Farba dulux fresh white 10 l', '', 49, 322, 0, '1'),
(225, 'Farba lateksowa beckers vaggfarg biaa 10 l', '', 146, 322, 0, '2'),
(226, 'Farba wewntrzna primacol classica biaa 10 l', '', 29.98, 322, 1, '3'),
(227, 'Farba lateksowa tikkurila super white 10 l', '', 79.98, 322, 1, '4'),
(228, 'Farba jedynka nienobiaa 10 l', '', 42, 322, 0, '5'),
(229, 'Farba dekoral ciany i sufity nienobiaa 10', '', 49, 322, 0, '6'),
(230, 'Farba dekoral akrylit w nienobiay 10 l', '', 74, 322, 0, '7'),
(231, 'Farba lateksowa akryl w biaa 10 l', '', 68, 322, 0, '8'),
(232, 'Farba bondex super wall 10 l', '', 112, 322, 0, '9'),
(233, 'Farba dulux total white 10 l', '', 89.94, 322, 0, '10'),
(234, 'Stopnica volter 30 x 30 cm beowa', '', 6, 323, 0, '1'),
(235, 'Stopnica prosta algo 30 x 30 cm brzowa', '', 4, 323, 0, '2'),
(236, 'Stopnica francesco 2 33,3 x 33,3 cm', '', 8, 323, 0, '3'),
(237, 'Gres szkliwiony impuls 33 x 33 cm beowy 1,41', '', 39, 323, 0, '4'),
(238, 'Stopnica prosta parady aquarius brown 30 x 3', '', 7, 323, 0, '5'),
(239, 'Gres foresta bronzo 15 x 60 cm 0,9 m2', '', 48, 323, 1, '6'),
(240, 'Gres polerowany ceramstic 60 x 60 cm biay 1,', '', 67, 323, 0, '7'),
(241, 'Gres impregnowany kwadro pulsar 30 x 30 cm gr', '', 39, 323, 0, '8'),
(242, 'Stopnica rosa 30 x 30 cm', '', 6, 323, 0, '9'),
(243, 'Stopnica klinkierowa prosta parady semir 30 ', '', 6, 323, 0, '10'),
(244, 'Grill gazowy blooma camden 81,5 x 43 cm', '', 2496, 331, 0, '1'),
(245, 'Grill betonowy rondo 58 x 40 cm', '', 1498, 331, 0, '2'),
(246, 'Grill gazowy blooma barker 4-palnikowy', '', 998, 331, 0, '3'),
(247, 'Grill betonowy minorca 68 x 40 cm', '', 798, 331, 0, '4'),
(248, 'Grill wglowy blooma kinley z wzkiem fi 57 c', '', 798, 331, 0, '5'),
(249, 'Grill betonowy oslo 70 x 38 cm', '', 856, 331, 1, '6'),
(250, 'Grill gazowy blooma ultar 4-palnikowy', '', 929, 331, 0, '7'),
(251, 'Grill ogrodowy pantelleria', '', 667, 331, 0, '8'),
(252, 'Grill blooma plancha dwupalnikowy 57 x 38 cm', '', 598, 331, 1, '9'),
(253, 'Grill blooma plancha jednopalnikowy 41,5 x 38', '', 498, 331, 0, '10'),
(254, 'Pilarka stoowa do drewna macallister jednofa', '', 848, 332, 0, '1'),
(255, 'Przecinarka do metalu metabo 2300 w', '', 778, 332, 0, '2'),
(256, 'Wiertarka stoowa macallister 700 w', '', 748, 332, 0, '3'),
(257, 'Pilarka ukosowa macallister 1800 w 245 mm', '', 748, 332, 0, '4'),
(258, 'Przecinarka do pytek macallister mstc800d 80', '', 718, 332, 1, '5'),
(259, 'Pilarka stoowa do drewna macallister 1500 w', '', 598, 332, 0, '6'),
(260, 'Pilarka kapwka metabo ks 216m 1350 w', '', 548, 332, 0, '7'),
(261, 'Szlifierka tamowo-tarczowa dedra 375 w', '', 518, 332, 0, '8'),
(262, 'Wiertarka stoowa macallister 500 w', '', 448, 332, 1, '9'),
(263, 'Pilarka ukosowa macallister 1500 w 210 mm', '', 448, 332, 0, '10'),
(264, 'Iglaki szczepione mix C3 Pa 80 - 110 cm', '', 88.74, 333, 1, '1'),
(265, 'Magnolia C12 wys. 160 - 180 cm', '', 98.74, 333, 0, '2'),
(266, 'Rhododendron wielkokwiatowy C10', '', 89.74, 333, 1, '3'),
(267, 'Magnolia rne odmiany 120 - 140 cm 7,5L', '', 76.74, 333, 0, '4'),
(268, 'Iglaki szczepione mix C5 60 - 80 cm', '', 74.74, 333, 0, '5'),
(269, 'Iglaki kule wys. 60 cm', '', 67.74, 333, 0, '6'),
(270, 'Ra pnca C5 120 cm', '', 54.74, 333, 0, '7'),
(271, 'Magnolia mix doniczka 23 cm', '', 46.74, 333, 0, '8'),
(272, 'Klon palmowy (Acer palmatum) mix C3', '', 44.74, 333, 0, '9'),
(273, 'Magnolia mix 70-120 cm C5', '', 41.74, 333, 0, '10'),
(274, 'Gryf Hektor 132 cm lekko amany', '', 159.99, 411, 0, '1'),
(275, 'Gryf Hektor 140 cm prosty', '', 149.99, 411, 0, '2'),
(276, 'Talerz Hektor 10kg', '', 129.99, 411, 0, '3'),
(277, 'Talerz Hektor 2.5kg', '', 29.99, 411, 0, '4'),
(278, 'Talerz Hektor 20kg', '', 199.99, 411, 0, '5'),
(279, 'Hantle Hektor 5kg', '', 89.99, 411, 1, '6'),
(280, 'Hantle Hektor 10kg', '', 129.99, 411, 0, '7'),
(281, 'Hantle Energetics 182826', '', 129.99, 411, 0, '8'),
(282, 'Zestaw hantli winylowych Allright', '', 67.99, 411, 1, '9'),
(283, 'Hantla Kettle Allright 20 kg', '', 194.99, 411, 0, '10'),
(284, 'Rower mechaniczny Sapphire Vintage (czarny)', '', 249, 412, 1, '1'),
(285, 'Bienia elektryczna HS-640A Hop Sport', '', 1598, 412, 1, '2'),
(286, 'Rower magnetyczny Falcon Sapphire (czarny)', '', 519, 412, 0, '3'),
(287, 'Bienia elektryczna Sapphire Jazz SG-2100T', '', 2199, 412, 0, '4'),
(288, 'Wiolarz magnetyczny York R210 Perform', '', 1249, 412, 0, '5'),
(289, 'Orbitrek magnetyczny Sapphire Eagle (czarny)', '', 639, 412, 0, '6'),
(290, 'Orbitrek magnetyczny HMS H9249', '', 895, 412, 0, '7'),
(291, 'Bienia elektryczna BT-3133M Body Sculpture', '', 1399, 412, 0, '8'),
(292, 'Rower magnetyczny Shape Axer (zielony)', '', 449, 412, 0, '9'),
(293, 'Wiolarz Body Sculpture BR 3010', '', 560, 412, 0, '10'),
(294, 'Bidon Isostar Finisher 650ml 673 zoty', '', 7.9, 413, 0, '1'),
(295, 'Bidon Outhorn 650 ml COL16-SSW600 niebieski', '', 15.9, 413, 0, '2'),
(296, 'Bidon Meteor 770 ml biay 24254', '', 7.9, 413, 1, '3'),
(297, 'Drabinka do treningu RONNAY 8m', '', 95.9, 413, 0, '4'),
(298, 'Drabinka do treningu RONNAY 4m', '', 64.9, 413, 0, '5'),
(299, 'Rcznik Aqua-Speed Dry Flat 50 x 100 cm', '', 25.9, 413, 1, '6'),
(300, 'Rcznik Mission Enduracool Microfibra 107101I', '', 39.9, 413, 0, '7'),
(301, 'Rcznik Mission Enduracool Microfibra 107100I', '', 59.9, 413, 0, '8'),
(302, 'Rcznik Wilson Sport Towel WRZ540100', '', 69.9, 413, 0, '9'),
(303, 'Rcznik bramkarski REUSCH Goalkeeper Match To', '', 21.9, 413, 0, '10'),
(304, 'Rower Genesis Element X-10', '', 1199, 421, 0, '1'),
(305, 'Rower Genesis Impact 3.0 29', '', 1799, 421, 0, '2'),
(306, 'Rower Genesis Impact 4.0 29', '', 1999, 421, 0, '3'),
(307, 'Rower Genesis Solution 2.5', '', 1799, 421, 0, '4'),
(308, 'Rower Genesis Solution 4.0 27,5', '', 1999, 421, 0, '5'),
(309, 'Rower Giant ATX 27,5 2', '', 1599, 421, 0, '6'),
(310, 'Rower Giant Revel 26', '', 1399, 421, 0, '7'),
(311, 'Rower Giant Revel', '', 1399, 421, 1, '8'),
(312, 'Rower Giant Stance 27,5', '', 4999, 421, 1, '9'),
(313, 'Rower Giant Trance 3 27,5', '', 6599, 421, 0, '10'),
(314, 'Rower Giant Anyroad 2', '', 3999, 422, 0, '1'),
(315, 'Rower Giant Defy 2 Disc', '', 3599, 422, 0, '2'),
(316, 'Rower Giant Defy 3', '', 2799, 422, 0, '3'),
(317, 'Rower Giant Defy 5', '', 2299, 422, 0, '4'),
(318, 'Rower Orbea Avant H40', '', 3899, 422, 0, '5'),
(319, 'Rower Orbea Avant M80', '', 5499, 422, 1, '6'),
(320, 'CHARISMA 55', '', 6499, 422, 0, '7'),
(321, 'AURA 55', '', 4599, 422, 0, '8'),
(322, 'AURA 44', '', 3499, 422, 1, '9'),
(323, 'AURA 33', '', 2699, 422, 0, '10'),
(324, 'BIG BOSS', '', 349, 423, 0, '1'),
(325, 'LILLY', '', 409, 423, 0, '2'),
(326, 'PUZZEL', '', 465, 423, 0, '3'),
(327, 'BILLY', '', 389, 423, 0, '4'),
(328, 'SANDY', '', 465, 423, 0, '5'),
(329, 'JUNA 18-Biegowy', '', 999, 423, 1, '6'),
(330, 'BILLY blue', '', 415, 423, 0, '7'),
(331, 'EDDIE', '', 389, 423, 0, '8'),
(332, 'MONSTER', '', 465, 423, 1, '9'),
(333, 'MUNA 18-Biegowy', '', 1299, 423, 0, '10'),
(334, 'Pika do koszykwki NBA Gameball Official 7 S', '', 599, 431, 0, '1'),
(335, 'Pompka do piki Spokey Pampero 12 ', '', 12.99, 431, 0, '2'),
(336, 'Obrcz do koszykwki z rurki 20 mm wraz z siatk', '', 69, 431, 0, '3'),
(337, 'Pika do koszykwki NBA Silver Outdoor Spalding', '', 99, 431, 0, '4'),
(338, 'Pika do koszykwki NBA Platinum 7 Streetball', '', 109, 431, 0, '5'),
(339, 'Pika do koszykwki Tack Soft Pro 5 Spalding', '', 189, 431, 1, '6'),
(340, 'Obrcz do koszykwki uchylna Spokey Korb', '', 89, 431, 0, '7'),
(341, 'Maa tablica do koszykwki Slam Jam Board Spa', '', 179, 431, 0, '8'),
(342, 'Rkaw do koszykwki Mueller', '', 59, 431, 1, '9'),
(343, 'Stojak do koszykwki Lifetime Boston ', '', 1199, 431, 0, '10'),
(344, 'Pika nona Euro 2016 Beau Jeu Top Glider 4 A', '', 53.9, 432, 0, '1'),
(345, 'Bramka do piki nonej A2485 Axer', '', 85, 432, 0, '2'),
(346, 'Bramka do piki nonej z ekranem do celowania', '', 165, 432, 0, '3'),
(347, 'Bramka do piki nonej Axer A0132', '', 95, 432, 0, '4'),
(348, 'Bramka do piki nonej 215cm Sapphire', '', 179, 432, 0, '5'),
(349, 'Rkawice bramkarskie Ace Training Adidas', '', 58, 432, 1, '6'),
(350, 'Pika nona Euro 2016 Beau Jeu Top OMB 5 Adid', '', 329.9, 432, 0, '7'),
(351, 'Bramka Quickplay Kickster 3x2m', '', 599, 432, 0, '8'),
(352, 'Ochraniacze pikarskie Mercurial Lite Nike', '', 69, 432, 1, '9'),
(353, 'Ochraniacze pikarskie Park Shield Nike', '', 44.9, 432, 0, '10'),
(354, 'ywy Bauer Nexus Pro', '', 279, 433, 0, '1'),
(355, 'ywy Bauer Supreme Elite', '', 259, 433, 0, '2'),
(356, 'ywy K2 Kinetic Ice M', '', 229, 433, 0, '3'),
(357, 'ywy Tempish Montreal', '', 149.99, 433, 0, '4'),
(358, 'Ochraniacze Tecno na ywy', '', 25, 433, 0, '5'),
(359, 'Kij CCM EDGE - KID', '', 79, 433, 1, '6'),
(360, 'Kij CCM ULTIMATE EU - SR', '', 79, 433, 0, '7'),
(361, 'Kij VHV OPUS HIGH 3500 (SR)', '', 279, 433, 0, '8'),
(362, 'KIJ DO UNIHOKEJA - TEMPISH ZERO', '', 49, 433, 1, '9'),
(363, 'VHV OPUS BASIC 500 (YTH)', '', 129, 433, 0, '10'),
(364, 'Limuzyna Polonez', '', 390000, 511, 0, '1'),
(365, 'Polonez Wochaty', '', 23000, 511, 0, '2'),
(366, 'Maluch Cabrio', '', 30001, 511, 1, '3'),
(367, 'Fiat 125p Military', '', 34000, 511, 0, '4'),
(368, 'Syrena Cabrio', '', 248000, 511, 0, '5'),
(369, 'Warszawa', '', 99000, 511, 0, '6'),
(370, 'Ferrari 488', '', 1500000, 511, 0, '7'),
(371, 'Aston Martin DB9', '', 1400000, 511, 0, '8'),
(372, 'Maserati Ghibli', '', 500000, 511, 1, '9'),
(373, 'Koenigsegg Agera R', '', 4500000, 511, 0, '10'),
(374, 'Polonez Truck', '', 2.5, 512, 0, '1'),
(375, 'Syrena Truck', '', 15000, 512, 0, '2'),
(376, 'Pciarwka NoName', '', 55000, 512, 0, '3'),
(377, 'Cignik siodowy NoName', '', 99000, 512, 0, '4'),
(378, 'Renault Kangoo Express', '', 53550, 512, 0, '5'),
(379, 'Peugeot Boxer 2', '', 89000, 512, 1, '6'),
(380, 'Mercedes Transport', '', 135000, 512, 0, '7'),
(381, 'Renault Trafic', '', 40000, 512, 0, '8'),
(382, 'Mercedes Sprinter', '', 160000, 512, 1, '9'),
(383, 'Volkswagen Crafter', '', 140000, 512, 0, '10'),
(384, 'Zestaw sprzga MONO ', '', 972, 513, 0, '1'),
(385, 'Zestaw sprzga SACHS 3000', '', 914, 513, 0, '2'),
(386, 'Zestaw sprzga SEMI', '', 928, 513, 0, '3'),
(387, 'Tarcza hamulcowa ATE', '', 230, 513, 0, '4'),
(388, 'Tarcza hamulcowa TEXTAR', '', 122, 513, 0, '5'),
(389, 'Tarcza hamulcowa BREMBO', '', 148, 513, 1, '6'),
(390, 'Tarcza hamulcowa DELPHI', '', 282, 513, 0, '7'),
(391, 'Felga koa aluminiowa 21 cali AEZ', '', 1852, 513, 0, '8'),
(392, 'Felga aluminiowa AEZ Phoenix 22 cale', '', 1842, 513, 1, '9'),
(393, 'Felga aluminiowa AEZ Yacht SUV 22 cale', '', 1822, 513, 0, '10'),
(394, 'Yamaha R6', '', 48000, 521, 0, '1'),
(395, 'Kawasaki Ninja ZX-6R', '', 59000, 521, 0, '2'),
(396, 'Honda CBR 600RR', '', 44000, 521, 0, '3'),
(397, 'Yamaha TZR 50', '', 21000, 521, 0, '4'),
(398, 'Yamaha YZF-R 125', '', 32500, 521, 0, '5'),
(399, 'Kawasaki ZX-10R', '', 22000, 521, 1, '6'),
(400, 'Suzuki GSX-R750', '', 35000, 521, 0, '7'),
(401, 'Honda CBR 250R', '', 10000, 521, 0, '8'),
(402, 'BMW S 600 RR', '', 40000, 521, 1, '9'),
(403, 'BMW S 1000 XR', '', 32999, 521, 0, '10'),
(404, 'Kawasaki Cross', '', 18000, 522, 0, '1'),
(405, 'CROSS YAMAHA DT-125', '', 15000, 522, 0, '2'),
(406, 'YAMAHA Trail', '', 17000, 522, 0, '3'),
(407, 'Black Horse', '', 9999, 522, 0, '4'),
(408, 'Motorower Enduro', '', 6000, 522, 0, '5'),
(409, 'Kuberg Cross', '', 3000, 522, 1, '6'),
(410, '350 SX-F Cairoli Replica', '', 5050, 522, 0, '7'),
(411, 'KTM 250 XC', '', 18200, 522, 0, '8'),
(412, 'Husqvarna TE 310', '', 22000, 522, 1, '9'),
(413, 'Harga Motor Cross Ktm', '', 14000, 522, 0, '10'),
(414, 'Custom Chopper ZX3', '', 80000, 523, 0, '1'),
(415, 'Kymco Zing II', '', 6000, 523, 0, '2'),
(416, 'Kawasaki Eliminator 125', '', 6000, 523, 0, '3'),
(417, 'Honda Rebel 125', '', 4000, 523, 0, '4'),
(418, 'Aprilia Classic 125 Red Rose', '', 0, 523, 0, '5'),
(419, 'Suzuki Intruder 125', '', 12000, 523, 1, '6'),
(420, 'Suzuki Maruder 125', '', 7000, 523, 0, '7'),
(421, 'Yamaha Virago 125', '', 10, 523, 0, '8'),
(422, 'Junak 121', '', 4999, 523, 1, '9'),
(423, 'Junak M11 125', '', 8499, 523, 0, '10'),
(424, 'John Deere 6810', '', 75000, 531, 0, '1'),
(425, 'Claas Xerion 3800 TRAC', '', 392886, 531, 0, '2'),
(426, 'John Deere 6630', '', 225000, 531, 0, '3'),
(427, 'Massey Ferguson 8170', '', 76869, 531, 0, '4'),
(428, 'JCB Fastrac 3190', '', 126, 531, 0, '5'),
(429, 'Fiat / Fiatagri 80-90 DT -Mailleux MX460', '', 38000, 531, 1, '6'),
(430, 'Renault 120.54 TZ', '', 46976, 531, 0, '7'),
(431, 'Massey Ferguson 6160', '', 55517, 531, 0, '8'),
(432, 'Claas Arion 630', '', 135000, 531, 1, '9'),
(433, 'Zetor Forterra HSX 130', '', 160000, 531, 0, '10'),
(434, 'Cynkomet Kurier 10, Animal Trailer, Animaux r', '', 31597, 532, 0, '1'),
(435, 'Wielton PRS-2/W12 12 ton', '', 54500, 532, 0, '2'),
(436, 'Legras Silage Wagen (Kaweco, Veenhuis, Hawe)', '', 75000, 532, 0, '3'),
(437, 'Lely Tigo PR 60D', '', 27000, 532, 0, '4'),
(438, 'Fliegl Gigant ASW 271', '', 135000, 532, 0, '5'),
(439, '2016 TOP-AGRO METAL-FACH Transport box Heckco', '', 2500, 532, 1, '6'),
(440, 'Metal-Fach Plattformanhnger fr Ballen, plat', '', 23915, 532, 0, '7'),
(441, 'Przyczepa Polmot Warfama', '', 1000, 532, 0, '8'),
(442, 'Zasaw D 762-10', '', 41000, 532, 1, '9'),
(443, 'Pronar 653/2', '', 27000, 532, 0, '10'),
(444, 'KOPARKO-ADOWARKA CAT 432E', '', 196800, 533, 1, '1'),
(445, 'KOPARKO-ADOWARKA JCB 3CX', '', 199999, 533, 1, '2'),
(446, 'Claas MEGA 218 II', '', 130250, 533, 0, '3'),
(447, 'Case IH 2388', '', 162279, 533, 0, '4'),
(448, 'Claas MEGA 298 III', '', 149468, 533, 0, '5'),
(449, 'Claas Lexion 750', '', 777231, 533, 0, '6'),
(450, 'John Deere S660i', '', 680000, 533, 0, '7'),
(451, 'Claas MEGA 208', '', 430000, 533, 0, '8'),
(452, 'Claas Tucano 430', '', 249824, 533, 0, '9'),
(453, 'John Deere STS 9880', '', 491108, 533, 0, '10'),
(454, 'Matrix', '', 39.99, 611, 0, '1'),
(455, 'Ukad zamknity', '', 39.99, 611, 0, '2'),
(456, 'Tomb Raider', '', 39.99, 611, 0, '3'),
(457, 'Jayson Bourn', '', 39.99, 611, 0, '4'),
(458, 'Mroczny rycerz', '', 39.99, 611, 0, '5'),
(459, 'Mr. & Ms. Smith', '', 39.99, 611, 1, '6'),
(460, 'Kill Bill', '', 39.99, 611, 0, '7'),
(461, 'Batman: Pocztek', '', 39.99, 611, 0, '8'),
(462, 'Pity element', '', 39.99, 611, 1, '9'),
(463, 'Transporter', '', 39.99, 611, 0, '10'),
(464, 'Zmierzch', '', 39.99, 612, 0, '1'),
(465, 'Step Up - Taniec zmysw', '', 39.99, 612, 0, '2'),
(466, 'Czekolada', '', 39.99, 612, 0, '3'),
(467, 'Gwiazd naszych wina', '', 39.99, 612, 0, '4'),
(468, 'Kocha, lubi, szanuje', '', 39.99, 612, 0, '5'),
(469, 'Turysta', '', 39.99, 612, 1, '6'),
(470, 'Czas na mio', '', 39.99, 612, 0, '7'),
(471, 'Uwierz w ducha', '', 39.99, 612, 0, '8'),
(472, '500 dni mioci', '', 39.99, 612, 1, '9'),
(473, 'Lepiej pno ni pniej', '', 39.99, 612, 0, '10'),
(474, 'How High', '', 39.99, 613, 0, '1'),
(475, 'Shrek', '', 39.99, 613, 0, '2'),
(476, 'Kac Vegas', '', 39.99, 613, 0, '3'),
(477, 'Seksmisja', '', 39.99, 613, 0, '4'),
(478, 'Dzie wira', '', 39.99, 613, 0, '5'),
(479, 'Nietykalni', '', 36.99, 613, 1, '6'),
(480, 'Bruce Wszechmogcy', '', 39.99, 613, 0, '7'),
(481, 'Kiler', '', 39.99, 613, 0, '8'),
(482, 'Chopaki nie pacz', '', 36.99, 613, 1, '9'),
(483, 'Mi', '', 39.99, 613, 0, '10'),
(484, 'The Beatles - gt. Pepper''s Lonely Hearts Club Band', '', 39.99, 621, 0, '1'),
(485, 'Pink Floyd - The Dark Side Of The Moon', '', 59.99, 621, 1, '2'),
(486, 'Joy Division - Closer', '', 39.99, 621, 0, '3'),
(487, 'Led Zeppelin - IV', '', 39.99, 621, 0, '4'),
(488, 'The Doors - The Doors', '', 39.99, 621, 0, '5'),
(489, 'Black Sabbath - Black Sabbath', '', 39.99, 621, 0, '6'),
(490, 'Metallica - Master Of Puppets', '', 39.99, 621, 0, '7'),
(491, 'Rage Against The Machine - Rage Against The Machine', '', 39.99, 621, 0, '8'),
(492, 'Sex Pistols - Nevermind The Bollocks', '', 34.99, 621, 1, '9'),
(493, 'Nirvana - Nevermind', '', 39.99, 621, 0, '10'),
(494, 'Common - Be', '', 39.99, 622, 0, '1'),
(495, 'Kendrick Lamar - Good Kid, M.A.A.D City', '', 39.99, 622, 0, '2'),
(496, 'Dilated Peoples Neighborhood watch', '', 39.99, 622, 0, '3'),
(497, 'Mes - Kandydaci na szalecw', '', 39.99, 622, 0, '4'),
(498, 'Gang Starr - Moment of Truth', '', 39.99, 622, 0, '5'),
(499, 'Te-Tris - Dwuznacznie', '', 34.99, 622, 1, '6'),
(500, 'Evidence - The Layover EP', '', 39.99, 622, 0, '7'),
(501, 'OSTR - 7', '', 39.99, 622, 0, '8'),
(502, 'Masta Ace - A Long Hot Summer', '', 34.99, 622, 1, '9'),
(503, 'Rasmentalism - Hotel Trzygwiazdkowy', '', 39.99, 622, 0, '10'),
(504, 'Michael Jackson - Thriller', '', 39.99, 623, 0, '1'),
(505, 'Madonna ? True Blue', '', 39.99, 623, 0, '2'),
(506, 'Justin Timberlake - The 20/20 Experience', '', 39.99, 623, 0, '3'),
(507, 'Britney Spears - In the Zone', '', 39.99, 623, 0, '4'),
(508, 'Britney Spears - Oops!... I Did It Again', '', 39.99, 623, 0, '5'),
(509, 'Shakira - Shakira', '', 34.99, 623, 1, '6'),
(510, 'Beyonc - 4', '', 39.99, 623, 0, '7'),
(511, 'Madonna - Madonna', '', 39.99, 623, 0, '8'),
(512, 'Wham! - Make It Big', '', 34.99, 623, 1, '9'),
(513, 'Michael Jackson - Bad', '', 39.99, 623, 0, '10'),
(514, 'Groza - Michael Robotham', '', 39.99, 631, 0, '1'),
(515, 'Morderstwo w alei R - Tadeusz Cegielski', '', 39.99, 631, 0, '2'),
(516, 'Jezioro - Arnaldur Indrioason', '', 39.99, 631, 0, '3'),
(517, 'To nie jest kraj dla starych ludzi - Cormac McCarthy', '', 39.99, 631, 0, '4'),
(518, 'Aleja samobjcw - Marek Krajewski, Mariusz Czubaj', '', 39.99, 631, 0, '5'),
(519, 'Ciemna materia - Juli Zeh', '', 34.99, 631, 1, '6'),
(520, 'Dwanacie - Marcin wietlicki', '', 39.99, 631, 0, '7'),
(521, 'Zwizek ydowskich policjantw - Michael Chab', '', 39.99, 631, 0, '8'),
(522, 'F.M. - Borys Akunin', '', 34.99, 631, 1, '9'),
(523, 'lepy trop - Jorn Lier Horst', '', 39.99, 631, 0, '10'),
(524, 'Panowie Salem - Rob Zombie, B.K. Evenson', '', 39.99, 632, 0, '1'),
(525, 'Dracula - Bram Stoker', '', 39.99, 632, 0, '2'),
(526, 'Duchy przeszoci - Wendy Webb', '', 39.99, 632, 0, '3'),
(527, 'Pan na Wisioach. Mroczne siedlisko - Piotr Kulpa', '', 39.99, 632, 0, '4'),
(528, 'Dom na Wyrbach - Stefan Darda', '', 39.99, 632, 0, '5'),
(529, 'Biaa wiedma - Adam Zalewski', '', 34.99, 632, 1, '6'),
(530, 'Miasteczko Nonstead - Marcin Mortka', '', 39.99, 632, 0, '7'),
(531, 'Pamitam ci - Yrsa Siguroardttir', '', 39.99, 632, 0, '8'),
(532, 'Cmtarz zwiet - Stephen King', '', 34.99, 632, 1, '9'),
(533, 'To - Stephen King', '', 39.99, 632, 0, '10'),
(534, 'mier raka - Vincent DeVita, Elizabeth DeVita', '', 39.99, 633, 0, '1'),
(535, 'Geniusz techniki bogw - David Hatcher Childress', '', 39.99, 633, 0, '2'),
(536, 'Rozmowa o drzewach - Andrzej Kopacki', '', 39.99, 633, 0, '3'),
(537, 'Od de Laclosa do Collarda. Adaptacje literatury francuskiej - Alicja Helman, Patrycja Wodek', '', 39.99, 633, 0, '4'),
(538, 'Cyberchoroby - Manfred Spitzer', '', 39.99, 633, 0, '5'),
(539, 'Niezwyke liczby profesora Stewarta - Ian Stewart', '', 34.99, 633, 1, '6'),
(540, 'Apetyt na cuda - Richard Dawkins', '', 39.99, 633, 0, '7'),
(541, 'Kobiety niepokorne. Reformatorki - buntownicz - rewolucjonistki - Inga B. Kuma, Izabela Desperak', '', 39.99, 633, 0, '8'),
(542, 'Po-twarz - Anna Szyjkowska-Piotrowska', '', 34.99, 633, 1, '9'),
(543, 'Telewizja ponowoczesna. Logiki i imaginacje medialne - Marcin Sankiewicz', '', 39.99, 633, 0, '10');

-- --------------------------------------------------------

--
-- Struktura tabeli dla tabeli `Task`
--

CREATE TABLE IF NOT EXISTS `Task` (
  `idTask` int(11) NOT NULL AUTO_INCREMENT,
  `idProduct` int(11) NOT NULL,
  `idInterface` int(11) NOT NULL,
  `startTime` bigint(20) DEFAULT NULL,
  `endTime` bigint(20) DEFAULT NULL,
  `success` tinyint(4) NOT NULL DEFAULT '0',
  `bestRate` int(11) DEFAULT '-1',
  `innovationRate` int(11) DEFAULT '-1',
  `comment` varchar(500) DEFAULT '',
  PRIMARY KEY (`idTask`,`success`),
  KEY `idProduct` (`idProduct`),
  KEY `idInterface` (`idInterface`)
) ENGINE=InnoDB  DEFAULT CHARSET=latin2 AUTO_INCREMENT=413 ;

--
-- Zrzut danych tabeli `Task`
--

INSERT INTO `Task` (`idTask`, `idProduct`, `idInterface`, `startTime`, `endTime`, `success`, `bestRate`, `innovationRate`, `comment`) VALUES
(261, 539, 1, 1475542235257, 1475542286487, 1, 3, 3, ''),
(262, 43, 0, 1475542142043, 1475542202690, 1, 4, 4, ''),
(263, 3, 2, 1475542299120, 1475542360940, 1, 2, 2, ''),
(264, 24, 3, 1475542372275, 1475542428671, 1, 1, 1, ''),
(265, 451, 0, 1475542786460, 1475542788621, 0, 4, 4, ''),
(266, 320, 1, 1475542789738, 1475542790758, 0, 3, 3, ''),
(267, 288, 2, 1475542791581, 1475542792689, 0, 2, 2, ''),
(268, 146, 3, 1475542793768, 1475542795283, 0, 1, 1, ''),
(269, 71, 2, 1475545774487, 1475545775385, 0, -1, -1, ''),
(270, 275, 0, 1475545763949, 1475545771580, 0, -1, -1, ''),
(271, 95, 1, 1475545772830, 1475545773578, 0, -1, -1, ''),
(272, 254, 3, 1475545776197, 1475545777169, 0, -1, -1, ''),
(273, 159, 0, 1475546014171, 1475546022765, 1, 4, 4, ''),
(274, 359, 1, 1475546025375, 1475546034307, 1, 3, 3, ''),
(275, 396, 2, 1475546036579, 1475546045464, 1, 2, 2, ''),
(276, 87, 3, 1475546048351, 1475546063242, 1, 1, 1, ''),
(277, 415, 0, 1475546144767, 1475546157051, 1, 4, 4, ''),
(278, 219, 1, 1475546159457, 1475546176666, 1, 3, 3, ''),
(279, 540, 2, 1475546181360, 1475546193312, 1, 2, 2, ''),
(280, 245, 3, 1475546196153, 1475546206912, 1, 1, 1, ''),
(281, 59, 0, 1475546273241, 1475546292768, 1, 4, 4, ''),
(282, 166, 1, 1475546295652, 1475546308395, 1, 3, 3, ''),
(283, 178, 2, 1475546310926, 1475546335688, 1, 2, 2, ''),
(284, 463, 3, 1475546341731, 1475546352995, 1, 1, 1, ''),
(285, 478, 0, 0, 0, 0, -1, -1, ''),
(286, 356, 1, 0, 0, 0, -1, -1, ''),
(287, 63, 3, 0, 0, 0, -1, -1, ''),
(288, 396, 2, 0, 0, 0, -1, -1, ''),
(289, 52, 1, 1476199455689, 1476199501318, 1, -1, -1, ''),
(290, 304, 2, 1476199504229, 1476199532351, 0, -1, -1, ''),
(291, 42, 0, 1476199405769, 1476199446529, 1, -1, -1, ''),
(292, 402, 3, 1476199545999, 1476199588359, 0, -1, -1, ''),
(293, 42, 0, 1476207556480, 1476207557716, 0, -1, -1, ''),
(294, 402, 3, 1476207566470, 1476207663294, 0, -1, -1, ''),
(295, 52, 1, 1476207558820, 1476207562200, 0, -1, -1, ''),
(296, 304, 2, 1476207563338, 1476207564862, 0, -1, -1, ''),
(297, 89, 1, 0, 0, 0, -1, -1, ''),
(298, 424, 0, 1476304096977, 1476304104127, 0, -1, -1, ''),
(299, 532, 3, 0, 0, 0, -1, -1, ''),
(300, 39, 2, 0, 0, 0, -1, -1, ''),
(301, 66, 0, 1476309102315, 1476309118496, 1, 3, 2, ''),
(302, 507, 1, 1476309121366, 1476309141192, 1, 4, 3, ''),
(303, 338, 2, 1476309143544, 1476309165119, 1, 1, 1, ''),
(304, 287, 3, 1476309168231, 1476309195783, 1, 2, 4, ''),
(305, 31, 3, 1476310043001, 1476310043836, 0, -1, -1, ''),
(306, 235, 2, 1476310040508, 1476310041873, 0, -1, -1, ''),
(307, 64, 1, 1476310038850, 1476310039489, 0, -1, -1, ''),
(308, 303, 0, 1476309303966, 1476310037796, 0, -1, -1, ''),
(309, 176, 0, 0, 0, 0, -1, -1, ''),
(310, 227, 1, 0, 0, 0, -1, -1, ''),
(311, 375, 2, 0, 0, 0, -1, -1, ''),
(312, 80, 3, 0, 0, 0, -1, -1, ''),
(313, 522, 0, 0, 0, 0, -1, -1, ''),
(314, 394, 1, 0, 0, 0, -1, -1, ''),
(315, 138, 2, 0, 0, 0, -1, -1, ''),
(316, 455, 3, 0, 0, 0, -1, -1, ''),
(317, 171, 0, 1476312919203, 1476312938722, 1, 3, 2, ''),
(318, 66, 1, 1476312942136, 1476312956313, 1, 4, 3, ''),
(319, 24, 2, 1476312959922, 1476312972250, 1, 1, 1, ''),
(320, 354, 3, 1476312975811, 1476312994223, 1, 2, 4, ''),
(321, 489, 0, 1476313962998, 1476313975304, 1, 2, 2, ''),
(322, 198, 1, 1476313978368, 1476313988753, 1, 3, 3, ''),
(323, 39, 2, 1476313991350, 1476314014627, 1, 1, 1, ''),
(324, 379, 3, 1476314020084, 1476314034702, 1, 4, 4, ''),
(325, 376, 0, 1476314395802, 1476314404681, 1, 4, 3, ''),
(326, 240, 1, 1476314409320, 1476314419833, 1, 3, 2, ''),
(327, 427, 2, 1476314422265, 1476314435582, 1, 1, 1, ''),
(328, 373, 3, 1476314439912, 1476314453748, 1, 2, 4, ''),
(329, 181, 0, 1476863893619, 1476863908587, 0, -1, -1, ''),
(330, 296, 1, 1476863912241, 1476863921876, 0, -1, -1, ''),
(331, 451, 2, 1476863923257, 1476863932167, 0, -1, -1, ''),
(332, 298, 3, 1476863933468, 1476864426098, 0, -1, -1, ''),
(333, 490, 0, 1476874309589, 1476874321887, 1, 2, 3, ''),
(334, 105, 1, 1476874324442, 1476874334409, 1, 3, 2, ''),
(335, 174, 3, 1476874350429, 1476874359514, 1, 4, 4, ''),
(336, 268, 2, 1476874336939, 1476874347205, 1, 1, 1, ''),
(337, 35, 0, 1476881320408, 1476881425932, 1, -1, -1, ''),
(338, 372, 1, 1476881495828, 1476881629005, 1, -1, -1, ''),
(339, 307, 2, 1476881631616, 1476881733265, 1, -1, -1, ''),
(340, 239, 3, 0, 0, 0, -1, -1, ''),
(341, 473, 2, 1477173175648, 1477173185951, 1, 1, 1, ''),
(342, 390, 0, 1477173133914, 1477173150815, 1, 3, 4, ''),
(343, 297, 1, 1477173160822, 1477173171765, 1, 2, 2, ''),
(344, 357, 3, 1477173189128, 1477173202778, 1, 4, 3, ''),
(345, 35, 0, 1477173224239, 1477173280284, 1, 2, 2, ''),
(346, 191, 1, 1477173297881, 1477173318916, 1, 3, 3, ''),
(347, 423, 2, 1477173324127, 1477173343383, 1, 1, -1, ''),
(348, 508, 3, 1477173349802, 1477173374135, 1, 4, 1, ''),
(349, 199, 2, 1477173336300, 1477173349632, 1, 1, 1, ''),
(350, 205, 1, 1477173322897, 1477173334594, 1, 2, 4, ''),
(351, 410, 3, 1477173351709, 1477173371001, 1, 4, 3, ''),
(352, 405, 0, 1477173311536, 1477173321249, 1, 3, 2, ''),
(353, 431, 0, 0, 0, 0, -1, -1, ''),
(354, 476, 1, 0, 0, 0, -1, -1, ''),
(355, 324, 3, 0, 0, 0, -1, -1, ''),
(356, 63, 2, 0, 0, 0, -1, -1, ''),
(357, 108, 0, 0, 0, 0, -1, -1, ''),
(358, 144, 1, 0, 0, 0, -1, -1, ''),
(359, 401, 2, 0, 0, 0, -1, -1, ''),
(360, 43, 3, 0, 0, 0, -1, -1, ''),
(361, 441, 2, 0, 0, 0, -1, -1, ''),
(362, 213, 0, 0, 0, 0, -1, -1, ''),
(363, 502, 1, 0, 0, 0, -1, -1, ''),
(364, 374, 3, 0, 0, 0, -1, -1, ''),
(365, 101, 0, 0, 0, 0, -1, -1, ''),
(366, 211, 1, 0, 0, 0, -1, -1, ''),
(367, 402, 2, 0, 0, 0, -1, -1, ''),
(368, 419, 3, 0, 0, 0, -1, -1, ''),
(369, 513, 0, 1477182232604, 1477182366675, 0, -1, -1, ''),
(370, 201, 1, 1477182367681, 1477182438832, 0, -1, -1, ''),
(371, 379, 3, 1477182508465, 1477182576093, 0, -1, -1, ''),
(372, 24, 2, 1477182440015, 1477182507429, 0, -1, -1, ''),
(373, 373, 0, 1477186669559, 1477186684880, 1, 3, 2, ''),
(374, 92, 2, 1477186702835, 1477186719985, 1, 1, 1, ''),
(375, 196, 1, 1477186689792, 1477186700289, 1, 4, 3, ''),
(376, 342, 3, 1477186725072, 1477186738622, 1, 2, 4, ''),
(377, 271, 0, 0, 0, 0, -1, -1, ''),
(378, 77, 1, 0, 0, 0, -1, -1, ''),
(379, 120, 3, 0, 0, 0, -1, -1, ''),
(380, 273, 2, 0, 0, 0, -1, -1, ''),
(381, 145, 2, 0, 0, 0, -1, -1, ''),
(382, 204, 1, 0, 0, 0, -1, -1, ''),
(383, 466, 0, 0, 0, 0, -1, -1, ''),
(384, 285, 3, 0, 0, 0, -1, -1, ''),
(385, 87, 0, 0, 0, 0, -1, -1, ''),
(386, 508, 1, 0, 0, 0, -1, -1, ''),
(387, 41, 2, 0, 0, 0, -1, -1, ''),
(388, 303, 3, 0, 0, 0, -1, -1, ''),
(389, 379, 1, 0, 0, 0, -1, -1, ''),
(390, 541, 2, 0, 0, 0, -1, -1, ''),
(391, 12, 0, 0, 0, 0, -1, -1, ''),
(392, 267, 3, 0, 0, 0, -1, -1, ''),
(393, 203, 0, 1477950766883, 1477950878770, 1, 3, 2, ''),
(394, 438, 2, 1477950985775, 1477951045760, 1, 4, 1, ''),
(395, 123, 3, 1477951059211, 1477951125177, 1, 1, 4, ''),
(396, 114, 1, 1477950929332, 1477950971104, 1, 2, 3, ''),
(397, 228, 0, 1478024962879, 1478025034090, 1, -1, -1, ''),
(398, 107, 2, 0, 0, 0, -1, -1, ''),
(399, 88, 1, 0, 0, 0, -1, -1, ''),
(400, 226, 3, 0, 0, 0, -1, -1, ''),
(401, 415, 0, 1478025127010, 1478025164036, 1, 1, 2, ''),
(402, 471, 2, 1478025486825, 1478025593387, 1, 2, 1, ''),
(403, 330, 1, 1478025211429, 1478025337649, 1, 4, 4, ''),
(404, 375, 3, 1478025643184, 1478025696353, 1, 3, 3, ''),
(405, 116, 0, 1478028125935, 1478028138521, 1, 2, 2, ''),
(406, 131, 1, 1478028143913, 1478028159929, 1, 4, 3, ''),
(407, 290, 2, 1478028165613, 1478028176194, 1, 1, 1, ''),
(408, 9, 3, 1478028187226, 1478028214033, 1, 3, 4, ''),
(409, 21, 0, 1478028404644, 1478028423244, 1, 4, 1, ''),
(410, 99, 1, 1478028430689, 1478028445546, 1, 3, 2, ''),
(411, 70, 2, 1478028454134, 1478028476765, 1, 1, 4, ''),
(412, 335, 3, 1478028482169, 1478028494626, 1, 2, 3, '');

-- --------------------------------------------------------

--
-- Struktura tabeli dla tabeli `Task_Action`
--

CREATE TABLE IF NOT EXISTS `Task_Action` (
  `idTask` int(11) NOT NULL,
  `idAction` int(11) NOT NULL,
  KEY `action_task_idx` (`idAction`),
  KEY `task_action_idx` (`idTask`)
) ENGINE=InnoDB DEFAULT CHARSET=utf8 COLLATE=utf8_unicode_ci;

--
-- Zrzut danych tabeli `Task_Action`
--

INSERT INTO `Task_Action` (`idTask`, `idAction`) VALUES
(262, 795),
(262, 794),
(262, 796),
(262, 797),
(262, 798),
(262, 799),
(262, 800),
(262, 801),
(262, 802),
(262, 803),
(262, 804),
(262, 805),
(262, 806),
(262, 807),
(262, 808),
(262, 809),
(262, 810),
(262, 812),
(262, 811),
(261, 813),
(261, 814),
(261, 815),
(261, 816),
(261, 817),
(261, 818),
(261, 819),
(261, 820),
(261, 821),
(261, 822),
(261, 823),
(261, 824),
(261, 825),
(261, 826),
(261, 827),
(261, 828),
(261, 829),
(261, 830),
(261, 831),
(261, 832),
(261, 833),
(263, 834),
(263, 835),
(263, 836),
(263, 837),
(263, 838),
(263, 839),
(263, 840),
(263, 841),
(263, 842),
(263, 843),
(263, 844),
(263, 845),
(263, 846),
(263, 847),
(263, 848),
(263, 849),
(263, 850),
(263, 851),
(263, 852),
(263, 853),
(263, 854),
(263, 855),
(263, 856),
(263, 857),
(263, 858),
(263, 859),
(263, 860),
(263, 861),
(263, 862),
(263, 863),
(263, 864),
(263, 865),
(264, 866),
(264, 868),
(264, 869),
(264, 867),
(264, 870),
(264, 871),
(264, 872),
(264, 873),
(264, 874),
(264, 875),
(264, 876),
(264, 877),
(264, 878),
(264, 879),
(264, 880),
(264, 881),
(264, 882),
(264, 883),
(264, 884),
(264, 885),
(264, 886),
(264, 887),
(264, 888),
(264, 889),
(264, 890),
(264, 891),
(264, 892),
(264, 893),
(264, 894),
(264, 895),
(264, 896),
(264, 897),
(264, 898),
(264, 899),
(264, 900),
(264, 901),
(264, 902),
(264, 903),
(273, 905),
(273, 906),
(273, 904),
(273, 907),
(273, 908),
(273, 909),
(273, 910),
(273, 911),
(273, 912),
(273, 913),
(274, 915),
(274, 914),
(274, 916),
(274, 917),
(274, 918),
(274, 919),
(274, 920),
(274, 921),
(274, 922),
(274, 923),
(275, 924),
(275, 925),
(275, 926),
(275, 927),
(275, 928),
(275, 929),
(276, 930),
(276, 931),
(276, 932),
(276, 933),
(276, 934),
(276, 935),
(276, 936),
(276, 937),
(276, 938),
(276, 939),
(276, 940),
(276, 941),
(276, 942),
(277, 943),
(277, 944),
(277, 945),
(277, 946),
(277, 947),
(277, 948),
(277, 949),
(277, 950),
(277, 951),
(277, 952),
(277, 953),
(277, 954),
(277, 955),
(277, 956),
(278, 957),
(278, 958),
(278, 959),
(278, 960),
(278, 961),
(278, 962),
(278, 963),
(278, 964),
(278, 965),
(278, 966),
(278, 967),
(278, 968),
(278, 969),
(279, 970),
(279, 971),
(279, 972),
(279, 973),
(279, 974),
(279, 975),
(279, 976),
(279, 977),
(279, 978),
(279, 979),
(280, 980),
(280, 981),
(280, 982),
(280, 983),
(280, 984),
(280, 985),
(280, 986),
(280, 987),
(280, 988),
(280, 989),
(280, 990),
(280, 991),
(281, 992),
(281, 993),
(281, 994),
(281, 995),
(281, 996),
(281, 997),
(281, 998),
(281, 999),
(281, 1000),
(281, 1001),
(281, 1002),
(281, 1003),
(281, 1004),
(281, 1005),
(281, 1006),
(281, 1007),
(281, 1008),
(281, 1009),
(282, 1010),
(282, 1011),
(282, 1012),
(282, 1013),
(282, 1014),
(282, 1015),
(282, 1016),
(282, 1017),
(282, 1018),
(283, 1019),
(283, 1020),
(283, 1021),
(283, 1022),
(283, 1023),
(283, 1024),
(284, 1025),
(284, 1026),
(284, 1027),
(284, 1028),
(284, 1029),
(284, 1030),
(284, 1031),
(284, 1033),
(284, 1032),
(284, 1034),
(284, 1035),
(284, 1036),
(291, 1037),
(291, 1038),
(291, 1039),
(291, 1040),
(291, 1041),
(291, 1042),
(291, 1043),
(291, 1044),
(291, 1045),
(291, 1046),
(291, 1047),
(291, 1048),
(291, 1049),
(291, 1050),
(291, 1051),
(291, 1052),
(291, 1053),
(289, 1054),
(289, 1055),
(289, 1056),
(289, 1057),
(289, 1058),
(289, 1059),
(289, 1060),
(289, 1061),
(289, 1062),
(289, 1063),
(289, 1064),
(289, 1065),
(289, 1066),
(289, 1067),
(289, 1068),
(289, 1069),
(289, 1071),
(289, 1070),
(289, 1072),
(289, 1073),
(301, 1074),
(301, 1075),
(301, 1077),
(301, 1076),
(301, 1078),
(301, 1079),
(301, 1080),
(301, 1081),
(301, 1082),
(301, 1083),
(301, 1084),
(302, 1085),
(302, 1086),
(302, 1087),
(302, 1088),
(302, 1090),
(302, 1089),
(302, 1091),
(302, 1092),
(302, 1093),
(302, 1094),
(302, 1095),
(302, 1096),
(302, 1097),
(303, 1098),
(303, 1099),
(303, 1100),
(303, 1101),
(303, 1102),
(303, 1103),
(304, 1105),
(304, 1106),
(304, 1104),
(304, 1107),
(304, 1108),
(304, 1109),
(304, 1110),
(304, 1111),
(304, 1112),
(304, 1113),
(304, 1114),
(304, 1115),
(317, 1116),
(317, 1117),
(317, 1118),
(317, 1119),
(317, 1120),
(317, 1121),
(317, 1122),
(317, 1123),
(317, 1124),
(317, 1125),
(317, 1126),
(318, 1127),
(318, 1128),
(318, 1129),
(318, 1130),
(318, 1131),
(318, 1132),
(318, 1133),
(318, 1134),
(318, 1135),
(319, 1136),
(319, 1137),
(319, 1138),
(319, 1139),
(319, 1140),
(319, 1141),
(320, 1142),
(320, 1143),
(320, 1144),
(320, 1145),
(320, 1146),
(320, 1147),
(320, 1148),
(320, 1149),
(320, 1150),
(321, 1151),
(321, 1152),
(321, 1153),
(321, 1154),
(321, 1155),
(321, 1156),
(321, 1157),
(321, 1158),
(321, 1159),
(321, 1160),
(322, 1161),
(322, 1162),
(322, 1163),
(322, 1164),
(322, 1165),
(322, 1166),
(322, 1167),
(322, 1168),
(323, 1169),
(323, 1170),
(323, 1171),
(323, 1172),
(323, 1173),
(323, 1174),
(323, 1175),
(323, 1176),
(323, 1177),
(323, 1178),
(323, 1179),
(323, 1180),
(323, 1181),
(324, 1182),
(324, 1183),
(324, 1184),
(324, 1185),
(324, 1186),
(324, 1187),
(324, 1188),
(324, 1189),
(324, 1190),
(324, 1191),
(324, 1192),
(324, 1193),
(325, 1194),
(325, 1195),
(325, 1196),
(325, 1197),
(325, 1198),
(325, 1199),
(325, 1200),
(325, 1201),
(326, 1202),
(326, 1203),
(326, 1204),
(326, 1205),
(326, 1206),
(326, 1207),
(326, 1208),
(326, 1209),
(326, 1210),
(326, 1211),
(327, 1212),
(327, 1213),
(327, 1214),
(327, 1215),
(327, 1216),
(327, 1217),
(328, 1218),
(328, 1219),
(328, 1220),
(328, 1221),
(328, 1222),
(328, 1223),
(328, 1224),
(328, 1225),
(328, 1226),
(328, 1227),
(333, 1229),
(333, 1230),
(333, 1231),
(333, 1228),
(333, 1232),
(333, 1233),
(333, 1234),
(333, 1235),
(333, 1236),
(334, 1237),
(334, 1238),
(334, 1239),
(334, 1240),
(334, 1241),
(334, 1242),
(334, 1243),
(336, 1244),
(336, 1245),
(336, 1246),
(336, 1247),
(336, 1248),
(336, 1249),
(335, 1250),
(335, 1251),
(335, 1252),
(335, 1253),
(335, 1254),
(335, 1255),
(335, 1256),
(335, 1257),
(335, 1258),
(337, 1262),
(337, 1261),
(337, 1259),
(337, 1260),
(337, 1263),
(337, 1264),
(337, 1265),
(338, 1266),
(338, 1267),
(338, 1268),
(338, 1270),
(338, 1269),
(338, 1271),
(338, 1272),
(338, 1273),
(339, 1274),
(339, 1275),
(339, 1276),
(339, 1277),
(339, 1278),
(339, 1279),
(342, 1280),
(342, 1281),
(342, 1283),
(342, 1282),
(342, 1284),
(342, 1285),
(342, 1286),
(342, 1287),
(342, 1288),
(342, 1289),
(342, 1290),
(342, 1291),
(343, 1292),
(343, 1293),
(343, 1294),
(343, 1295),
(343, 1296),
(343, 1297),
(343, 1298),
(343, 1299),
(341, 1300),
(341, 1301),
(341, 1302),
(341, 1303),
(341, 1304),
(341, 1305),
(341, 1306),
(344, 1307),
(344, 1308),
(344, 1309),
(344, 1310),
(344, 1311),
(344, 1312),
(344, 1313),
(344, 1314),
(344, 1315),
(344, 1316),
(345, 1317),
(345, 1318),
(345, 1319),
(345, 1320),
(345, 1321),
(345, 1322),
(345, 1323),
(345, 1324),
(345, 1325),
(345, 1326),
(345, 1327),
(345, 1328),
(345, 1329),
(345, 1330),
(345, 1331),
(345, 1334),
(345, 1332),
(345, 1333),
(345, 1335),
(345, 1336),
(345, 1337),
(345, 1338),
(345, 1339),
(345, 1340),
(345, 1341),
(345, 1342),
(345, 1343),
(352, 1344),
(352, 1345),
(352, 1346),
(352, 1347),
(352, 1348),
(352, 1349),
(352, 1350),
(352, 1351),
(352, 1352),
(346, 1353),
(346, 1354),
(346, 1355),
(346, 1356),
(346, 1357),
(346, 1358),
(346, 1359),
(346, 1360),
(346, 1361),
(346, 1362),
(346, 1363),
(346, 1364),
(350, 1365),
(350, 1366),
(350, 1367),
(350, 1368),
(350, 1369),
(350, 1370),
(350, 1371),
(350, 1372),
(350, 1373),
(350, 1374),
(350, 1375),
(350, 1376),
(347, 1377),
(347, 1378),
(347, 1379),
(347, 1380),
(347, 1381),
(347, 1382),
(347, 1383),
(347, 1384),
(347, 1385),
(347, 1386),
(349, 1387),
(349, 1388),
(349, 1389),
(349, 1390),
(349, 1391),
(349, 1392),
(349, 1393),
(349, 1394),
(349, 1395),
(349, 1396),
(349, 1397),
(349, 1398),
(351, 1399),
(351, 1400),
(351, 1401),
(351, 1402),
(351, 1403),
(351, 1404),
(351, 1405),
(351, 1406),
(351, 1407),
(351, 1408),
(351, 1409),
(351, 1410),
(351, 1411),
(351, 1412),
(351, 1413),
(351, 1414),
(351, 1415),
(348, 1416),
(348, 1417),
(348, 1418),
(348, 1419),
(348, 1420),
(348, 1421),
(348, 1422),
(348, 1423),
(348, 1424),
(348, 1425),
(348, 1426),
(348, 1427),
(373, 1428),
(373, 1431),
(373, 1430),
(373, 1429),
(373, 1432),
(373, 1433),
(373, 1434),
(373, 1435),
(373, 1436),
(373, 1437),
(373, 1438),
(375, 1439),
(375, 1440),
(375, 1441),
(375, 1442),
(375, 1443),
(375, 1444),
(375, 1445),
(374, 1446),
(374, 1447),
(374, 1448),
(374, 1449),
(374, 1450),
(374, 1451),
(376, 1452),
(376, 1453),
(376, 1454),
(376, 1455),
(376, 1456),
(376, 1457),
(376, 1458),
(376, 1459),
(376, 1460),
(376, 1461),
(393, 1462),
(393, 1463),
(393, 1465),
(393, 1464),
(393, 1466),
(393, 1467),
(393, 1468),
(393, 1469),
(393, 1470),
(393, 1471),
(393, 1472),
(393, 1473),
(393, 1474),
(393, 1475),
(393, 1476),
(396, 1477),
(396, 1478),
(396, 1479),
(396, 1480),
(396, 1481),
(396, 1482),
(396, 1483),
(394, 1484),
(394, 1485),
(394, 1486),
(394, 1487),
(394, 1488),
(394, 1489),
(394, 1490),
(394, 1491),
(395, 1492),
(395, 1493),
(395, 1495),
(395, 1494),
(395, 1496),
(395, 1497),
(395, 1498),
(395, 1499),
(395, 1501),
(395, 1500),
(395, 1502),
(395, 1503),
(397, 1505),
(397, 1507),
(397, 1506),
(397, 1504),
(397, 1508),
(397, 1509),
(397, 1510),
(397, 1511),
(397, 1512),
(397, 1513),
(401, 1514),
(401, 1515),
(401, 1516),
(401, 1517),
(401, 1518),
(401, 1519),
(401, 1520),
(401, 1521),
(401, 1522),
(401, 1523),
(401, 1524),
(403, 1526),
(403, 1525),
(403, 1527),
(403, 1528),
(403, 1530),
(403, 1529),
(403, 1531),
(403, 1532),
(403, 1533),
(403, 1534),
(402, 1535),
(402, 1537),
(402, 1536),
(402, 1538),
(402, 1539),
(402, 1540),
(402, 1541),
(402, 1542),
(402, 1543),
(402, 1544),
(402, 1545),
(402, 1546),
(402, 1547),
(402, 1548),
(404, 1549),
(404, 1550),
(404, 1551),
(404, 1552),
(404, 1553),
(404, 1554),
(404, 1555),
(404, 1556),
(404, 1557),
(404, 1558),
(404, 1559),
(404, 1560),
(405, 1561),
(405, 1562),
(405, 1563),
(405, 1564),
(405, 1566),
(405, 1565),
(405, 1567),
(406, 1568),
(406, 1569),
(406, 1570),
(406, 1571),
(406, 1572),
(406, 1573),
(406, 1574),
(406, 1575),
(406, 1576),
(407, 1577),
(407, 1578),
(407, 1579),
(407, 1580),
(407, 1581),
(407, 1582),
(408, 1583),
(408, 1584),
(408, 1585),
(408, 1586),
(408, 1587),
(408, 1588),
(408, 1589),
(408, 1590),
(408, 1591),
(408, 1592),
(408, 1593),
(409, 1594),
(409, 1595),
(409, 1596),
(409, 1597),
(409, 1598),
(409, 1599),
(409, 1600),
(409, 1601),
(410, 1602),
(410, 1603),
(410, 1604),
(410, 1605),
(410, 1606),
(410, 1607),
(410, 1608),
(410, 1609),
(411, 1610),
(411, 1611),
(411, 1612),
(411, 1613),
(411, 1614),
(411, 1615),
(411, 1616),
(411, 1617),
(411, 1619),
(411, 1618),
(412, 1620),
(412, 1621),
(412, 1622),
(412, 1623),
(412, 1624),
(412, 1625),
(412, 1626),
(412, 1627),
(412, 1628);

--
-- Ograniczenia dla zrzutw tabel
--

--
-- Ograniczenia dla tabeli `Client_Task`
--
ALTER TABLE `Client_Task`
  ADD CONSTRAINT `client_client` FOREIGN KEY (`idClient`) REFERENCES `Client` (`idClient`) ON DELETE NO ACTION ON UPDATE NO ACTION,
  ADD CONSTRAINT `client_task` FOREIGN KEY (`idTask`) REFERENCES `Task` (`idTask`) ON DELETE NO ACTION ON UPDATE NO ACTION;

--
-- Ograniczenia dla tabeli `Product`
--
ALTER TABLE `Product`
  ADD CONSTRAINT `category` FOREIGN KEY (`idCategory`) REFERENCES `Category` (`idCategory`) ON DELETE NO ACTION ON UPDATE NO ACTION;

--
-- Ograniczenia dla tabeli `Task`
--
ALTER TABLE `Task`
  ADD CONSTRAINT `interface_task` FOREIGN KEY (`idInterface`) REFERENCES `Interface` (`idInterface`) ON DELETE NO ACTION ON UPDATE NO ACTION,
  ADD CONSTRAINT `product_task` FOREIGN KEY (`idProduct`) REFERENCES `Product` (`idProdukt`) ON DELETE NO ACTION ON UPDATE NO ACTION;

--
-- Ograniczenia dla tabeli `Task_Action`
--
ALTER TABLE `Task_Action`
  ADD CONSTRAINT `action_task` FOREIGN KEY (`idAction`) REFERENCES `Action` (`idAction`) ON DELETE NO ACTION ON UPDATE NO ACTION,
  ADD CONSTRAINT `task_action` FOREIGN KEY (`idTask`) REFERENCES `Task` (`idTask`) ON DELETE NO ACTION ON UPDATE NO ACTION;
--
-- Baza danych: `information_schema`
--
CREATE DATABASE `information_schema` DEFAULT CHARACTER SET utf8 COLLATE utf8_general_ci;
USE `information_schema`;

-- --------------------------------------------------------

--
-- Struktura tabeli dla tabeli `CHARACTER_SETS`
--

CREATE TEMPORARY TABLE `CHARACTER_SETS` (
  `CHARACTER_SET_NAME` varchar(32) NOT NULL DEFAULT '',
  `DEFAULT_COLLATE_NAME` varchar(32) NOT NULL DEFAULT '',
  `DESCRIPTION` varchar(60) NOT NULL DEFAULT '',
  `MAXLEN` bigint(3) NOT NULL DEFAULT '0'
) ENGINE=MEMORY DEFAULT CHARSET=utf8;

--
-- Zrzut danych tabeli `CHARACTER_SETS`
--

INSERT INTO `CHARACTER_SETS` (`CHARACTER_SET_NAME`, `DEFAULT_COLLATE_NAME`, `DESCRIPTION`, `MAXLEN`) VALUES
('big5', 'big5_chinese_ci', 'Big5 Traditional Chinese', 2),
('dec8', 'dec8_swedish_ci', 'DEC West European', 1),
('cp850', 'cp850_general_ci', 'DOS West European', 1),
('hp8', 'hp8_english_ci', 'HP West European', 1),
('koi8r', 'koi8r_general_ci', 'KOI8-R Relcom Russian', 1),
('latin1', 'latin1_swedish_ci', 'cp1252 West European', 1),
('latin2', 'latin2_general_ci', 'ISO 8859-2 Central European', 1),
('swe7', 'swe7_swedish_ci', '7bit Swedish', 1),
('ascii', 'ascii_general_ci', 'US ASCII', 1),
('ujis', 'ujis_japanese_ci', 'EUC-JP Japanese', 3),
('sjis', 'sjis_japanese_ci', 'Shift-JIS Japanese', 2),
('hebrew', 'hebrew_general_ci', 'ISO 8859-8 Hebrew', 1),
('tis620', 'tis620_thai_ci', 'TIS620 Thai', 1),
('euckr', 'euckr_korean_ci', 'EUC-KR Korean', 2),
('koi8u', 'koi8u_general_ci', 'KOI8-U Ukrainian', 1),
('gb2312', 'gb2312_chinese_ci', 'GB2312 Simplified Chinese', 2),
('greek', 'greek_general_ci', 'ISO 8859-7 Greek', 1),
('cp1250', 'cp1250_general_ci', 'Windows Central European', 1),
('gbk', 'gbk_chinese_ci', 'GBK Simplified Chinese', 2),
('latin5', 'latin5_turkish_ci', 'ISO 8859-9 Turkish', 1),
('armscii8', 'armscii8_general_ci', 'ARMSCII-8 Armenian', 1),
('utf8', 'utf8_general_ci', 'UTF-8 Unicode', 3),
('ucs2', 'ucs2_general_ci', 'UCS-2 Unicode', 2),
('cp866', 'cp866_general_ci', 'DOS Russian', 1),
('keybcs2', 'keybcs2_general_ci', 'DOS Kamenicky Czech-Slovak', 1),
('macce', 'macce_general_ci', 'Mac Central European', 1),
('macroman', 'macroman_general_ci', 'Mac West European', 1),
('cp852', 'cp852_general_ci', 'DOS Central European', 1),
('latin7', 'latin7_general_ci', 'ISO 8859-13 Baltic', 1),
('utf8mb4', 'utf8mb4_general_ci', 'UTF-8 Unicode', 4),
('cp1251', 'cp1251_general_ci', 'Windows Cyrillic', 1),
('utf16', 'utf16_general_ci', 'UTF-16 Unicode', 4),
('cp1256', 'cp1256_general_ci', 'Windows Arabic', 1),
('cp1257', 'cp1257_general_ci', 'Windows Baltic', 1),
('utf32', 'utf32_general_ci', 'UTF-32 Unicode', 4),
('binary', 'binary', 'Binary pseudo charset', 1),
('geostd8', 'geostd8_general_ci', 'GEOSTD8 Georgian', 1),
('cp932', 'cp932_japanese_ci', 'SJIS for Windows Japanese', 2),
('eucjpms', 'eucjpms_japanese_ci', 'UJIS for Windows Japanese', 3);

-- --------------------------------------------------------

--
-- Struktura tabeli dla tabeli `CLIENT_STATISTICS`
--

CREATE TEMPORARY TABLE `CLIENT_STATISTICS` (
  `CLIENT` varchar(64) NOT NULL DEFAULT '',
  `TOTAL_CONNECTIONS` bigint(21) unsigned NOT NULL DEFAULT '0',
  `CONCURRENT_CONNECTIONS` bigint(21) unsigned NOT NULL DEFAULT '0',
  `CONNECTED_TIME` bigint(21) unsigned NOT NULL DEFAULT '0',
  `BUSY_TIME` bigint(21) unsigned NOT NULL DEFAULT '0',
  `CPU_TIME` bigint(21) unsigned NOT NULL DEFAULT '0',
  `BYTES_RECEIVED` bigint(21) unsigned NOT NULL DEFAULT '0',
  `BYTES_SENT` bigint(21) unsigned NOT NULL DEFAULT '0',
  `BINLOG_BYTES_WRITTEN` bigint(21) unsigned NOT NULL DEFAULT '0',
  `ROWS_FETCHED` bigint(21) unsigned NOT NULL DEFAULT '0',
  `ROWS_UPDATED` bigint(21) unsigned NOT NULL DEFAULT '0',
  `TABLE_ROWS_READ` bigint(21) unsigned NOT NULL DEFAULT '0',
  `SELECT_COMMANDS` bigint(21) unsigned NOT NULL DEFAULT '0',
  `UPDATE_COMMANDS` bigint(21) unsigned NOT NULL DEFAULT '0',
  `OTHER_COMMANDS` bigint(21) unsigned NOT NULL DEFAULT '0',
  `COMMIT_TRANSACTIONS` bigint(21) unsigned NOT NULL DEFAULT '0',
  `ROLLBACK_TRANSACTIONS` bigint(21) unsigned NOT NULL DEFAULT '0',
  `DENIED_CONNECTIONS` bigint(21) unsigned NOT NULL DEFAULT '0',
  `LOST_CONNECTIONS` bigint(21) unsigned NOT NULL DEFAULT '0',
  `ACCESS_DENIED` bigint(21) unsigned NOT NULL DEFAULT '0',
  `EMPTY_QUERIES` bigint(21) unsigned NOT NULL DEFAULT '0',
  `TOTAL_SSL_CONNECTIONS` bigint(21) unsigned NOT NULL DEFAULT '0'
) ENGINE=MEMORY DEFAULT CHARSET=utf8;
-- Bd odczytu danych: (#1227 - Access denied; you need (at least one of) the PROCESS,SUPER privilege(s) for this operation)

-- --------------------------------------------------------

--
-- Struktura tabeli dla tabeli `COLLATIONS`
--

CREATE TEMPORARY TABLE `COLLATIONS` (
  `COLLATION_NAME` varchar(32) NOT NULL DEFAULT '',
  `CHARACTER_SET_NAME` varchar(32) NOT NULL DEFAULT '',
  `ID` bigint(11) NOT NULL DEFAULT '0',
  `IS_DEFAULT` varchar(3) NOT NULL DEFAULT '',
  `IS_COMPILED` varchar(3) NOT NULL DEFAULT '',
  `SORTLEN` bigint(3) NOT NULL DEFAULT '0'
) ENGINE=MEMORY DEFAULT CHARSET=utf8;

--
-- Zrzut danych tabeli `COLLATIONS`
--

INSERT INTO `COLLATIONS` (`COLLATION_NAME`, `CHARACTER_SET_NAME`, `ID`, `IS_DEFAULT`, `IS_COMPILED`, `SORTLEN`) VALUES
('big5_chinese_ci', 'big5', 1, 'Yes', 'Yes', 1),
('big5_bin', 'big5', 84, '', 'Yes', 1),
('dec8_swedish_ci', 'dec8', 3, 'Yes', 'Yes', 1),
('dec8_bin', 'dec8', 69, '', 'Yes', 1),
('cp850_general_ci', 'cp850', 4, 'Yes', 'Yes', 1),
('cp850_bin', 'cp850', 80, '', 'Yes', 1),
('hp8_english_ci', 'hp8', 6, 'Yes', 'Yes', 1),
('hp8_bin', 'hp8', 72, '', 'Yes', 1),
('koi8r_general_ci', 'koi8r', 7, 'Yes', 'Yes', 1),
('koi8r_bin', 'koi8r', 74, '', 'Yes', 1),
('latin1_german1_ci', 'latin1', 5, '', 'Yes', 1),
('latin1_swedish_ci', 'latin1', 8, 'Yes', 'Yes', 1),
('latin1_danish_ci', 'latin1', 15, '', 'Yes', 1),
('latin1_german2_ci', 'latin1', 31, '', 'Yes', 2),
('latin1_bin', 'latin1', 47, '', 'Yes', 1),
('latin1_general_ci', 'latin1', 48, '', 'Yes', 1),
('latin1_general_cs', 'latin1', 49, '', 'Yes', 1),
('latin1_spanish_ci', 'latin1', 94, '', 'Yes', 1),
('latin2_czech_cs', 'latin2', 2, '', 'Yes', 4),
('latin2_general_ci', 'latin2', 9, 'Yes', 'Yes', 1),
('latin2_hungarian_ci', 'latin2', 21, '', 'Yes', 1),
('latin2_croatian_ci', 'latin2', 27, '', 'Yes', 1),
('latin2_bin', 'latin2', 77, '', 'Yes', 1),
('swe7_swedish_ci', 'swe7', 10, 'Yes', 'Yes', 1),
('swe7_bin', 'swe7', 82, '', 'Yes', 1),
('ascii_general_ci', 'ascii', 11, 'Yes', 'Yes', 1),
('ascii_bin', 'ascii', 65, '', 'Yes', 1),
('ujis_japanese_ci', 'ujis', 12, 'Yes', 'Yes', 1),
('ujis_bin', 'ujis', 91, '', 'Yes', 1),
('sjis_japanese_ci', 'sjis', 13, 'Yes', 'Yes', 1),
('sjis_bin', 'sjis', 88, '', 'Yes', 1),
('hebrew_general_ci', 'hebrew', 16, 'Yes', 'Yes', 1),
('hebrew_bin', 'hebrew', 71, '', 'Yes', 1),
('tis620_thai_ci', 'tis620', 18, 'Yes', 'Yes', 4),
('tis620_bin', 'tis620', 89, '', 'Yes', 1),
('euckr_korean_ci', 'euckr', 19, 'Yes', 'Yes', 1),
('euckr_bin', 'euckr', 85, '', 'Yes', 1),
('koi8u_general_ci', 'koi8u', 22, 'Yes', 'Yes', 1),
('koi8u_bin', 'koi8u', 75, '', 'Yes', 1),
('gb2312_chinese_ci', 'gb2312', 24, 'Yes', 'Yes', 1),
('gb2312_bin', 'gb2312', 86, '', 'Yes', 1),
('greek_general_ci', 'greek', 25, 'Yes', 'Yes', 1),
('greek_bin', 'greek', 70, '', 'Yes', 1),
('cp1250_general_ci', 'cp1250', 26, 'Yes', 'Yes', 1),
('cp1250_czech_cs', 'cp1250', 34, '', 'Yes', 2),
('cp1250_croatian_ci', 'cp1250', 44, '', 'Yes', 1),
('cp1250_bin', 'cp1250', 66, '', 'Yes', 1),
('cp1250_polish_ci', 'cp1250', 99, '', 'Yes', 1),
('gbk_chinese_ci', 'gbk', 28, 'Yes', 'Yes', 1),
('gbk_bin', 'gbk', 87, '', 'Yes', 1),
('latin5_turkish_ci', 'latin5', 30, 'Yes', 'Yes', 1),
('latin5_bin', 'latin5', 78, '', 'Yes', 1),
('armscii8_general_ci', 'armscii8', 32, 'Yes', 'Yes', 1),
('armscii8_bin', 'armscii8', 64, '', 'Yes', 1),
('utf8_general_ci', 'utf8', 33, 'Yes', 'Yes', 1),
('utf8_bin', 'utf8', 83, '', 'Yes', 1),
('utf8_unicode_ci', 'utf8', 192, '', 'Yes', 8),
('utf8_icelandic_ci', 'utf8', 193, '', 'Yes', 8),
('utf8_latvian_ci', 'utf8', 194, '', 'Yes', 8),
('utf8_romanian_ci', 'utf8', 195, '', 'Yes', 8),
('utf8_slovenian_ci', 'utf8', 196, '', 'Yes', 8),
('utf8_polish_ci', 'utf8', 197, '', 'Yes', 8),
('utf8_estonian_ci', 'utf8', 198, '', 'Yes', 8),
('utf8_spanish_ci', 'utf8', 199, '', 'Yes', 8),
('utf8_swedish_ci', 'utf8', 200, '', 'Yes', 8),
('utf8_turkish_ci', 'utf8', 201, '', 'Yes', 8),
('utf8_czech_ci', 'utf8', 202, '', 'Yes', 8),
('utf8_danish_ci', 'utf8', 203, '', 'Yes', 8),
('utf8_lithuanian_ci', 'utf8', 204, '', 'Yes', 8),
('utf8_slovak_ci', 'utf8', 205, '', 'Yes', 8),
('utf8_spanish2_ci', 'utf8', 206, '', 'Yes', 8),
('utf8_roman_ci', 'utf8', 207, '', 'Yes', 8),
('utf8_persian_ci', 'utf8', 208, '', 'Yes', 8),
('utf8_esperanto_ci', 'utf8', 209, '', 'Yes', 8),
('utf8_hungarian_ci', 'utf8', 210, '', 'Yes', 8),
('utf8_sinhala_ci', 'utf8', 211, '', 'Yes', 8),
('utf8_general_mysql500_ci', 'utf8', 223, '', 'Yes', 1),
('utf8_general50_ci', 'utf8', 253, '', 'Yes', 1),
('ucs2_general_ci', 'ucs2', 35, 'Yes', 'Yes', 1),
('ucs2_bin', 'ucs2', 90, '', 'Yes', 1),
('ucs2_unicode_ci', 'ucs2', 128, '', 'Yes', 8),
('ucs2_icelandic_ci', 'ucs2', 129, '', 'Yes', 8),
('ucs2_latvian_ci', 'ucs2', 130, '', 'Yes', 8),
('ucs2_romanian_ci', 'ucs2', 131, '', 'Yes', 8),
('ucs2_slovenian_ci', 'ucs2', 132, '', 'Yes', 8),
('ucs2_polish_ci', 'ucs2', 133, '', 'Yes', 8),
('ucs2_estonian_ci', 'ucs2', 134, '', 'Yes', 8),
('ucs2_spanish_ci', 'ucs2', 135, '', 'Yes', 8),
('ucs2_swedish_ci', 'ucs2', 136, '', 'Yes', 8),
('ucs2_turkish_ci', 'ucs2', 137, '', 'Yes', 8),
('ucs2_czech_ci', 'ucs2', 138, '', 'Yes', 8),
('ucs2_danish_ci', 'ucs2', 139, '', 'Yes', 8),
('ucs2_lithuanian_ci', 'ucs2', 140, '', 'Yes', 8),
('ucs2_slovak_ci', 'ucs2', 141, '', 'Yes', 8),
('ucs2_spanish2_ci', 'ucs2', 142, '', 'Yes', 8),
('ucs2_roman_ci', 'ucs2', 143, '', 'Yes', 8),
('ucs2_persian_ci', 'ucs2', 144, '', 'Yes', 8),
('ucs2_esperanto_ci', 'ucs2', 145, '', 'Yes', 8),
('ucs2_hungarian_ci', 'ucs2', 146, '', 'Yes', 8),
('ucs2_sinhala_ci', 'ucs2', 147, '', 'Yes', 8),
('ucs2_general50_ci', 'ucs2', 159, '', 'Yes', 1),
('cp866_general_ci', 'cp866', 36, 'Yes', 'Yes', 1),
('cp866_bin', 'cp866', 68, '', 'Yes', 1),
('keybcs2_general_ci', 'keybcs2', 37, 'Yes', 'Yes', 1),
('keybcs2_bin', 'keybcs2', 73, '', 'Yes', 1),
('macce_general_ci', 'macce', 38, 'Yes', 'Yes', 1),
('macce_bin', 'macce', 43, '', 'Yes', 1),
('macroman_general_ci', 'macroman', 39, 'Yes', 'Yes', 1),
('macroman_bin', 'macroman', 53, '', 'Yes', 1),
('cp852_general_ci', 'cp852', 40, 'Yes', 'Yes', 1),
('cp852_bin', 'cp852', 81, '', 'Yes', 1),
('latin7_estonian_cs', 'latin7', 20, '', 'Yes', 1),
('latin7_general_ci', 'latin7', 41, 'Yes', 'Yes', 1),
('latin7_general_cs', 'latin7', 42, '', 'Yes', 1),
('latin7_bin', 'latin7', 79, '', 'Yes', 1),
('utf8mb4_general_ci', 'utf8mb4', 45, 'Yes', 'Yes', 1),
('utf8mb4_bin', 'utf8mb4', 46, '', 'Yes', 1),
('utf8mb4_unicode_ci', 'utf8mb4', 224, '', 'Yes', 8),
('utf8mb4_icelandic_ci', 'utf8mb4', 225, '', 'Yes', 8),
('utf8mb4_latvian_ci', 'utf8mb4', 226, '', 'Yes', 8),
('utf8mb4_romanian_ci', 'utf8mb4', 227, '', 'Yes', 8),
('utf8mb4_slovenian_ci', 'utf8mb4', 228, '', 'Yes', 8),
('utf8mb4_polish_ci', 'utf8mb4', 229, '', 'Yes', 8),
('utf8mb4_estonian_ci', 'utf8mb4', 230, '', 'Yes', 8),
('utf8mb4_spanish_ci', 'utf8mb4', 231, '', 'Yes', 8),
('utf8mb4_swedish_ci', 'utf8mb4', 232, '', 'Yes', 8),
('utf8mb4_turkish_ci', 'utf8mb4', 233, '', 'Yes', 8),
('utf8mb4_czech_ci', 'utf8mb4', 234, '', 'Yes', 8),
('utf8mb4_danish_ci', 'utf8mb4', 235, '', 'Yes', 8),
('utf8mb4_lithuanian_ci', 'utf8mb4', 236, '', 'Yes', 8),
('utf8mb4_slovak_ci', 'utf8mb4', 237, '', 'Yes', 8),
('utf8mb4_spanish2_ci', 'utf8mb4', 238, '', 'Yes', 8),
('utf8mb4_roman_ci', 'utf8mb4', 239, '', 'Yes', 8),
('utf8mb4_persian_ci', 'utf8mb4', 240, '', 'Yes', 8),
('utf8mb4_esperanto_ci', 'utf8mb4', 241, '', 'Yes', 8),
('utf8mb4_hungarian_ci', 'utf8mb4', 242, '', 'Yes', 8),
('utf8mb4_sinhala_ci', 'utf8mb4', 243, '', 'Yes', 8),
('cp1251_bulgarian_ci', 'cp1251', 14, '', 'Yes', 1),
('cp1251_ukrainian_ci', 'cp1251', 23, '', 'Yes', 1),
('cp1251_bin', 'cp1251', 50, '', 'Yes', 1),
('cp1251_general_ci', 'cp1251', 51, 'Yes', 'Yes', 1),
('cp1251_general_cs', 'cp1251', 52, '', 'Yes', 1),
('utf16_general_ci', 'utf16', 54, 'Yes', 'Yes', 1),
('utf16_bin', 'utf16', 55, '', 'Yes', 1),
('utf16_unicode_ci', 'utf16', 101, '', 'Yes', 8),
('utf16_icelandic_ci', 'utf16', 102, '', 'Yes', 8),
('utf16_latvian_ci', 'utf16', 103, '', 'Yes', 8),
('utf16_romanian_ci', 'utf16', 104, '', 'Yes', 8),
('utf16_slovenian_ci', 'utf16', 105, '', 'Yes', 8),
('utf16_polish_ci', 'utf16', 106, '', 'Yes', 8),
('utf16_estonian_ci', 'utf16', 107, '', 'Yes', 8),
('utf16_spanish_ci', 'utf16', 108, '', 'Yes', 8),
('utf16_swedish_ci', 'utf16', 109, '', 'Yes', 8),
('utf16_turkish_ci', 'utf16', 110, '', 'Yes', 8),
('utf16_czech_ci', 'utf16', 111, '', 'Yes', 8),
('utf16_danish_ci', 'utf16', 112, '', 'Yes', 8),
('utf16_lithuanian_ci', 'utf16', 113, '', 'Yes', 8),
('utf16_slovak_ci', 'utf16', 114, '', 'Yes', 8),
('utf16_spanish2_ci', 'utf16', 115, '', 'Yes', 8),
('utf16_roman_ci', 'utf16', 116, '', 'Yes', 8),
('utf16_persian_ci', 'utf16', 117, '', 'Yes', 8),
('utf16_esperanto_ci', 'utf16', 118, '', 'Yes', 8),
('utf16_hungarian_ci', 'utf16', 119, '', 'Yes', 8),
('utf16_sinhala_ci', 'utf16', 120, '', 'Yes', 8),
('cp1256_general_ci', 'cp1256', 57, 'Yes', 'Yes', 1),
('cp1256_bin', 'cp1256', 67, '', 'Yes', 1),
('cp1257_lithuanian_ci', 'cp1257', 29, '', 'Yes', 1),
('cp1257_bin', 'cp1257', 58, '', 'Yes', 1),
('cp1257_general_ci', 'cp1257', 59, 'Yes', 'Yes', 1),
('utf32_general_ci', 'utf32', 60, 'Yes', 'Yes', 1),
('utf32_bin', 'utf32', 61, '', 'Yes', 1),
('utf32_unicode_ci', 'utf32', 160, '', 'Yes', 8),
('utf32_icelandic_ci', 'utf32', 161, '', 'Yes', 8),
('utf32_latvian_ci', 'utf32', 162, '', 'Yes', 8),
('utf32_romanian_ci', 'utf32', 163, '', 'Yes', 8),
('utf32_slovenian_ci', 'utf32', 164, '', 'Yes', 8),
('utf32_polish_ci', 'utf32', 165, '', 'Yes', 8),
('utf32_estonian_ci', 'utf32', 166, '', 'Yes', 8),
('utf32_spanish_ci', 'utf32', 167, '', 'Yes', 8),
('utf32_swedish_ci', 'utf32', 168, '', 'Yes', 8),
('utf32_turkish_ci', 'utf32', 169, '', 'Yes', 8),
('utf32_czech_ci', 'utf32', 170, '', 'Yes', 8),
('utf32_danish_ci', 'utf32', 171, '', 'Yes', 8),
('utf32_lithuanian_ci', 'utf32', 172, '', 'Yes', 8),
('utf32_slovak_ci', 'utf32', 173, '', 'Yes', 8),
('utf32_spanish2_ci', 'utf32', 174, '', 'Yes', 8),
('utf32_roman_ci', 'utf32', 175, '', 'Yes', 8),
('utf32_persian_ci', 'utf32', 176, '', 'Yes', 8),
('utf32_esperanto_ci', 'utf32', 177, '', 'Yes', 8),
('utf32_hungarian_ci', 'utf32', 178, '', 'Yes', 8),
('utf32_sinhala_ci', 'utf32', 179, '', 'Yes', 8),
('binary', 'binary', 63, 'Yes', 'Yes', 1),
('geostd8_general_ci', 'geostd8', 92, 'Yes', 'Yes', 1),
('geostd8_bin', 'geostd8', 93, '', 'Yes', 1),
('cp932_japanese_ci', 'cp932', 95, 'Yes', 'Yes', 1),
('cp932_bin', 'cp932', 96, '', 'Yes', 1),
('eucjpms_japanese_ci', 'eucjpms', 97, 'Yes', 'Yes', 1),
('eucjpms_bin', 'eucjpms', 98, '', 'Yes', 1);

-- --------------------------------------------------------

--
-- Struktura tabeli dla tabeli `COLLATION_CHARACTER_SET_APPLICABILITY`
--

CREATE TEMPORARY TABLE `COLLATION_CHARACTER_SET_APPLICABILITY` (
  `COLLATION_NAME` varchar(32) NOT NULL DEFAULT '',
  `CHARACTER_SET_NAME` varchar(32) NOT NULL DEFAULT ''
) ENGINE=MEMORY DEFAULT CHARSET=utf8;

--
-- Zrzut danych tabeli `COLLATION_CHARACTER_SET_APPLICABILITY`
--

INSERT INTO `COLLATION_CHARACTER_SET_APPLICABILITY` (`COLLATION_NAME`, `CHARACTER_SET_NAME`) VALUES
('big5_chinese_ci', 'big5'),
('big5_bin', 'big5'),
('dec8_swedish_ci', 'dec8'),
('dec8_bin', 'dec8'),
('cp850_general_ci', 'cp850'),
('cp850_bin', 'cp850'),
('hp8_english_ci', 'hp8'),
('hp8_bin', 'hp8'),
('koi8r_general_ci', 'koi8r'),
('koi8r_bin', 'koi8r'),
('latin1_german1_ci', 'latin1'),
('latin1_swedish_ci', 'latin1'),
('latin1_danish_ci', 'latin1'),
('latin1_german2_ci', 'latin1'),
('latin1_bin', 'latin1'),
('latin1_general_ci', 'latin1'),
('latin1_general_cs', 'latin1'),
('latin1_spanish_ci', 'latin1'),
('latin2_czech_cs', 'latin2'),
('latin2_general_ci', 'latin2'),
('latin2_hungarian_ci', 'latin2'),
('latin2_croatian_ci', 'latin2'),
('latin2_bin', 'latin2'),
('swe7_swedish_ci', 'swe7'),
('swe7_bin', 'swe7'),
('ascii_general_ci', 'ascii'),
('ascii_bin', 'ascii'),
('ujis_japanese_ci', 'ujis'),
('ujis_bin', 'ujis'),
('sjis_japanese_ci', 'sjis'),
('sjis_bin', 'sjis'),
('hebrew_general_ci', 'hebrew'),
('hebrew_bin', 'hebrew'),
('tis620_thai_ci', 'tis620'),
('tis620_bin', 'tis620'),
('euckr_korean_ci', 'euckr'),
('euckr_bin', 'euckr'),
('koi8u_general_ci', 'koi8u'),
('koi8u_bin', 'koi8u'),
('gb2312_chinese_ci', 'gb2312'),
('gb2312_bin', 'gb2312'),
('greek_general_ci', 'greek'),
('greek_bin', 'greek'),
('cp1250_general_ci', 'cp1250'),
('cp1250_czech_cs', 'cp1250'),
('cp1250_croatian_ci', 'cp1250'),
('cp1250_bin', 'cp1250'),
('cp1250_polish_ci', 'cp1250'),
('gbk_chinese_ci', 'gbk'),
('gbk_bin', 'gbk'),
('latin5_turkish_ci', 'latin5'),
('latin5_bin', 'latin5'),
('armscii8_general_ci', 'armscii8'),
('armscii8_bin', 'armscii8'),
('utf8_general_ci', 'utf8'),
('utf8_bin', 'utf8'),
('utf8_unicode_ci', 'utf8'),
('utf8_icelandic_ci', 'utf8'),
('utf8_latvian_ci', 'utf8'),
('utf8_romanian_ci', 'utf8'),
('utf8_slovenian_ci', 'utf8'),
('utf8_polish_ci', 'utf8'),
('utf8_estonian_ci', 'utf8'),
('utf8_spanish_ci', 'utf8'),
('utf8_swedish_ci', 'utf8'),
('utf8_turkish_ci', 'utf8'),
('utf8_czech_ci', 'utf8'),
('utf8_danish_ci', 'utf8'),
('utf8_lithuanian_ci', 'utf8'),
('utf8_slovak_ci', 'utf8'),
('utf8_spanish2_ci', 'utf8'),
('utf8_roman_ci', 'utf8'),
('utf8_persian_ci', 'utf8'),
('utf8_esperanto_ci', 'utf8'),
('utf8_hungarian_ci', 'utf8'),
('utf8_sinhala_ci', 'utf8'),
('utf8_general_mysql500_ci', 'utf8'),
('utf8_general50_ci', 'utf8'),
('ucs2_general_ci', 'ucs2'),
('ucs2_bin', 'ucs2'),
('ucs2_unicode_ci', 'ucs2'),
('ucs2_icelandic_ci', 'ucs2'),
('ucs2_latvian_ci', 'ucs2'),
('ucs2_romanian_ci', 'ucs2'),
('ucs2_slovenian_ci', 'ucs2'),
('ucs2_polish_ci', 'ucs2'),
('ucs2_estonian_ci', 'ucs2'),
('ucs2_spanish_ci', 'ucs2'),
('ucs2_swedish_ci', 'ucs2'),
('ucs2_turkish_ci', 'ucs2'),
('ucs2_czech_ci', 'ucs2'),
('ucs2_danish_ci', 'ucs2'),
('ucs2_lithuanian_ci', 'ucs2'),
('ucs2_slovak_ci', 'ucs2'),
('ucs2_spanish2_ci', 'ucs2'),
('ucs2_roman_ci', 'ucs2'),
('ucs2_persian_ci', 'ucs2'),
('ucs2_esperanto_ci', 'ucs2'),
('ucs2_hungarian_ci', 'ucs2'),
('ucs2_sinhala_ci', 'ucs2'),
('ucs2_general50_ci', 'ucs2'),
('cp866_general_ci', 'cp866'),
('cp866_bin', 'cp866'),
('keybcs2_general_ci', 'keybcs2'),
('keybcs2_bin', 'keybcs2'),
('macce_general_ci', 'macce'),
('macce_bin', 'macce'),
('macroman_general_ci', 'macroman'),
('macroman_bin', 'macroman'),
('cp852_general_ci', 'cp852'),
('cp852_bin', 'cp852'),
('latin7_estonian_cs', 'latin7'),
('latin7_general_ci', 'latin7'),
('latin7_general_cs', 'latin7'),
('latin7_bin', 'latin7'),
('utf8mb4_general_ci', 'utf8mb4'),
('utf8mb4_bin', 'utf8mb4'),
('utf8mb4_unicode_ci', 'utf8mb4'),
('utf8mb4_icelandic_ci', 'utf8mb4'),
('utf8mb4_latvian_ci', 'utf8mb4'),
('utf8mb4_romanian_ci', 'utf8mb4'),
('utf8mb4_slovenian_ci', 'utf8mb4'),
('utf8mb4_polish_ci', 'utf8mb4'),
('utf8mb4_estonian_ci', 'utf8mb4'),
('utf8mb4_spanish_ci', 'utf8mb4'),
('utf8mb4_swedish_ci', 'utf8mb4'),
('utf8mb4_turkish_ci', 'utf8mb4'),
('utf8mb4_czech_ci', 'utf8mb4'),
('utf8mb4_danish_ci', 'utf8mb4'),
('utf8mb4_lithuanian_ci', 'utf8mb4'),
('utf8mb4_slovak_ci', 'utf8mb4'),
('utf8mb4_spanish2_ci', 'utf8mb4'),
('utf8mb4_roman_ci', 'utf8mb4'),
('utf8mb4_persian_ci', 'utf8mb4'),
('utf8mb4_esperanto_ci', 'utf8mb4'),
('utf8mb4_hungarian_ci', 'utf8mb4'),
('utf8mb4_sinhala_ci', 'utf8mb4'),
('cp1251_bulgarian_ci', 'cp1251'),
('cp1251_ukrainian_ci', 'cp1251'),
('cp1251_bin', 'cp1251'),
('cp1251_general_ci', 'cp1251'),
('cp1251_general_cs', 'cp1251'),
('utf16_general_ci', 'utf16'),
('utf16_bin', 'utf16'),
('utf16_unicode_ci', 'utf16'),
('utf16_icelandic_ci', 'utf16'),
('utf16_latvian_ci', 'utf16'),
('utf16_romanian_ci', 'utf16'),
('utf16_slovenian_ci', 'utf16'),
('utf16_polish_ci', 'utf16'),
('utf16_estonian_ci', 'utf16'),
('utf16_spanish_ci', 'utf16'),
('utf16_swedish_ci', 'utf16'),
('utf16_turkish_ci', 'utf16'),
('utf16_czech_ci', 'utf16'),
('utf16_danish_ci', 'utf16'),
('utf16_lithuanian_ci', 'utf16'),
('utf16_slovak_ci', 'utf16'),
('utf16_spanish2_ci', 'utf16'),
('utf16_roman_ci', 'utf16'),
('utf16_persian_ci', 'utf16'),
('utf16_esperanto_ci', 'utf16'),
('utf16_hungarian_ci', 'utf16'),
('utf16_sinhala_ci', 'utf16'),
('cp1256_general_ci', 'cp1256'),
('cp1256_bin', 'cp1256'),
('cp1257_lithuanian_ci', 'cp1257'),
('cp1257_bin', 'cp1257'),
('cp1257_general_ci', 'cp1257'),
('utf32_general_ci', 'utf32'),
('utf32_bin', 'utf32'),
('utf32_unicode_ci', 'utf32'),
('utf32_icelandic_ci', 'utf32'),
('utf32_latvian_ci', 'utf32'),
('utf32_romanian_ci', 'utf32'),
('utf32_slovenian_ci', 'utf32'),
('utf32_polish_ci', 'utf32'),
('utf32_estonian_ci', 'utf32'),
('utf32_spanish_ci', 'utf32'),
('utf32_swedish_ci', 'utf32'),
('utf32_turkish_ci', 'utf32'),
('utf32_czech_ci', 'utf32'),
('utf32_danish_ci', 'utf32'),
('utf32_lithuanian_ci', 'utf32'),
('utf32_slovak_ci', 'utf32'),
('utf32_spanish2_ci', 'utf32'),
('utf32_roman_ci', 'utf32'),
('utf32_persian_ci', 'utf32'),
('utf32_esperanto_ci', 'utf32'),
('utf32_hungarian_ci', 'utf32'),
('utf32_sinhala_ci', 'utf32'),
('binary', 'binary'),
('geostd8_general_ci', 'geostd8'),
('geostd8_bin', 'geostd8'),
('cp932_japanese_ci', 'cp932'),
('cp932_bin', 'cp932'),
('eucjpms_japanese_ci', 'eucjpms'),
('eucjpms_bin', 'eucjpms');

-- --------------------------------------------------------

--
-- Struktura tabeli dla tabeli `COLUMNS`
--

CREATE TEMPORARY TABLE `COLUMNS` (
  `TABLE_CATALOG` varchar(512) NOT NULL DEFAULT '',
  `TABLE_SCHEMA` varchar(64) NOT NULL DEFAULT '',
  `TABLE_NAME` varchar(64) NOT NULL DEFAULT '',
  `COLUMN_NAME` varchar(64) NOT NULL DEFAULT '',
  `ORDINAL_POSITION` bigint(21) unsigned NOT NULL DEFAULT '0',
  `COLUMN_DEFAULT` longtext,
  `IS_NULLABLE` varchar(3) NOT NULL DEFAULT '',
  `DATA_TYPE` varchar(64) NOT NULL DEFAULT '',
  `CHARACTER_MAXIMUM_LENGTH` bigint(21) unsigned DEFAULT NULL,
  `CHARACTER_OCTET_LENGTH` bigint(21) unsigned DEFAULT NULL,
  `NUMERIC_PRECISION` bigint(21) unsigned DEFAULT NULL,
  `NUMERIC_SCALE` bigint(21) unsigned DEFAULT NULL,
  `CHARACTER_SET_NAME` varchar(32) DEFAULT NULL,
  `COLLATION_NAME` varchar(32) DEFAULT NULL,
  `COLUMN_TYPE` longtext NOT NULL,
  `COLUMN_KEY` varchar(3) NOT NULL DEFAULT '',
  `EXTRA` varchar(27) NOT NULL DEFAULT '',
  `PRIVILEGES` varchar(80) NOT NULL DEFAULT '',
  `COLUMN_COMMENT` varchar(1024) NOT NULL DEFAULT ''
) ENGINE=MyISAM DEFAULT CHARSET=utf8;

--
-- Zrzut danych tabeli `COLUMNS`
--

INSERT INTO `COLUMNS` (`TABLE_CATALOG`, `TABLE_SCHEMA`, `TABLE_NAME`, `COLUMN_NAME`, `ORDINAL_POSITION`, `COLUMN_DEFAULT`, `IS_NULLABLE`, `DATA_TYPE`, `CHARACTER_MAXIMUM_LENGTH`, `CHARACTER_OCTET_LENGTH`, `NUMERIC_PRECISION`, `NUMERIC_SCALE`, `CHARACTER_SET_NAME`, `COLLATION_NAME`, `COLUMN_TYPE`, `COLUMN_KEY`, `EXTRA`, `PRIVILEGES`, `COLUMN_COMMENT`) VALUES
('def', 'information_schema', 'CHARACTER_SETS', 'CHARACTER_SET_NAME', 1, '', 'NO', 'varchar', 32, 96, NULL, NULL, 'utf8', 'utf8_general_ci', 'varchar(32)', '', '', 'select', ''),
('def', 'information_schema', 'CHARACTER_SETS', 'DEFAULT_COLLATE_NAME', 2, '', 'NO', 'varchar', 32, 96, NULL, NULL, 'utf8', 'utf8_general_ci', 'varchar(32)', '', '', 'select', ''),
('def', 'information_schema', 'CHARACTER_SETS', 'DESCRIPTION', 3, '', 'NO', 'varchar', 60, 180, NULL, NULL, 'utf8', 'utf8_general_ci', 'varchar(60)', '', '', 'select', ''),
('def', 'information_schema', 'CHARACTER_SETS', 'MAXLEN', 4, '0', 'NO', 'bigint', NULL, NULL, 19, 0, NULL, NULL, 'bigint(3)', '', '', 'select', ''),
('def', 'information_schema', 'CLIENT_STATISTICS', 'CLIENT', 1, '', 'NO', 'varchar', 64, 192, NULL, NULL, 'utf8', 'utf8_general_ci', 'varchar(64)', '', '', 'select', ''),
('def', 'information_schema', 'CLIENT_STATISTICS', 'TOTAL_CONNECTIONS', 2, '0', 'NO', 'bigint', NULL, NULL, 20, 0, NULL, NULL, 'bigint(21) unsigned', '', '', 'select', ''),
('def', 'information_schema', 'CLIENT_STATISTICS', 'CONCURRENT_CONNECTIONS', 3, '0', 'NO', 'bigint', NULL, NULL, 20, 0, NULL, NULL, 'bigint(21) unsigned', '', '', 'select', ''),
('def', 'information_schema', 'CLIENT_STATISTICS', 'CONNECTED_TIME', 4, '0', 'NO', 'bigint', NULL, NULL, 20, 0, NULL, NULL, 'bigint(21) unsigned', '', '', 'select', ''),
('def', 'information_schema', 'CLIENT_STATISTICS', 'BUSY_TIME', 5, '0', 'NO', 'bigint', NULL, NULL, 20, 0, NULL, NULL, 'bigint(21) unsigned', '', '', 'select', ''),
('def', 'information_schema', 'CLIENT_STATISTICS', 'CPU_TIME', 6, '0', 'NO', 'bigint', NULL, NULL, 20, 0, NULL, NULL, 'bigint(21) unsigned', '', '', 'select', ''),
('def', 'information_schema', 'CLIENT_STATISTICS', 'BYTES_RECEIVED', 7, '0', 'NO', 'bigint', NULL, NULL, 20, 0, NULL, NULL, 'bigint(21) unsigned', '', '', 'select', ''),
('def', 'information_schema', 'CLIENT_STATISTICS', 'BYTES_SENT', 8, '0', 'NO', 'bigint', NULL, NULL, 20, 0, NULL, NULL, 'bigint(21) unsigned', '', '', 'select', ''),
('def', 'information_schema', 'CLIENT_STATISTICS', 'BINLOG_BYTES_WRITTEN', 9, '0', 'NO', 'bigint', NULL, NULL, 20, 0, NULL, NULL, 'bigint(21) unsigned', '', '', 'select', ''),
('def', 'information_schema', 'CLIENT_STATISTICS', 'ROWS_FETCHED', 10, '0', 'NO', 'bigint', NULL, NULL, 20, 0, NULL, NULL, 'bigint(21) unsigned', '', '', 'select', ''),
('def', 'information_schema', 'CLIENT_STATISTICS', 'ROWS_UPDATED', 11, '0', 'NO', 'bigint', NULL, NULL, 20, 0, NULL, NULL, 'bigint(21) unsigned', '', '', 'select', ''),
('def', 'information_schema', 'CLIENT_STATISTICS', 'TABLE_ROWS_READ', 12, '0', 'NO', 'bigint', NULL, NULL, 20, 0, NULL, NULL, 'bigint(21) unsigned', '', '', 'select', ''),
('def', 'information_schema', 'CLIENT_STATISTICS', 'SELECT_COMMANDS', 13, '0', 'NO', 'bigint', NULL, NULL, 20, 0, NULL, NULL, 'bigint(21) unsigned', '', '', 'select', ''),
('def', 'information_schema', 'CLIENT_STATISTICS', 'UPDATE_COMMANDS', 14, '0', 'NO', 'bigint', NULL, NULL, 20, 0, NULL, NULL, 'bigint(21) unsigned', '', '', 'select', ''),
('def', 'information_schema', 'CLIENT_STATISTICS', 'OTHER_COMMANDS', 15, '0', 'NO', 'bigint', NULL, NULL, 20, 0, NULL, NULL, 'bigint(21) unsigned', '', '', 'select', ''),
('def', 'information_schema', 'CLIENT_STATISTICS', 'COMMIT_TRANSACTIONS', 16, '0', 'NO', 'bigint', NULL, NULL, 20, 0, NULL, NULL, 'bigint(21) unsigned', '', '', 'select', ''),
('def', 'information_schema', 'CLIENT_STATISTICS', 'ROLLBACK_TRANSACTIONS', 17, '0', 'NO', 'bigint', NULL, NULL, 20, 0, NULL, NULL, 'bigint(21) unsigned', '', '', 'select', ''),
('def', 'information_schema', 'CLIENT_STATISTICS', 'DENIED_CONNECTIONS', 18, '0', 'NO', 'bigint', NULL, NULL, 20, 0, NULL, NULL, 'bigint(21) unsigned', '', '', 'select', ''),
('def', 'information_schema', 'CLIENT_STATISTICS', 'LOST_CONNECTIONS', 19, '0', 'NO', 'bigint', NULL, NULL, 20, 0, NULL, NULL, 'bigint(21) unsigned', '', '', 'select', ''),
('def', 'information_schema', 'CLIENT_STATISTICS', 'ACCESS_DENIED', 20, '0', 'NO', 'bigint', NULL, NULL, 20, 0, NULL, NULL, 'bigint(21) unsigned', '', '', 'select', ''),
('def', 'information_schema', 'CLIENT_STATISTICS', 'EMPTY_QUERIES', 21, '0', 'NO', 'bigint', NULL, NULL, 20, 0, NULL, NULL, 'bigint(21) unsigned', '', '', 'select', ''),
('def', 'information_schema', 'CLIENT_STATISTICS', 'TOTAL_SSL_CONNECTIONS', 22, '0', 'NO', 'bigint', NULL, NULL, 20, 0, NULL, NULL, 'bigint(21) unsigned', '', '', 'select', ''),
('def', 'information_schema', 'COLLATIONS', 'COLLATION_NAME', 1, '', 'NO', 'varchar', 32, 96, NULL, NULL, 'utf8', 'utf8_general_ci', 'varchar(32)', '', '', 'select', ''),
('def', 'information_schema', 'COLLATIONS', 'CHARACTER_SET_NAME', 2, '', 'NO', 'varchar', 32, 96, NULL, NULL, 'utf8', 'utf8_general_ci', 'varchar(32)', '', '', 'select', ''),
('def', 'information_schema', 'COLLATIONS', 'ID', 3, '0', 'NO', 'bigint', NULL, NULL, 19, 0, NULL, NULL, 'bigint(11)', '', '', 'select', ''),
('def', 'information_schema', 'COLLATIONS', 'IS_DEFAULT', 4, '', 'NO', 'varchar', 3, 9, NULL, NULL, 'utf8', 'utf8_general_ci', 'varchar(3)', '', '', 'select', ''),
('def', 'information_schema', 'COLLATIONS', 'IS_COMPILED', 5, '', 'NO', 'varchar', 3, 9, NULL, NULL, 'utf8', 'utf8_general_ci', 'varchar(3)', '', '', 'select', ''),
('def', 'information_schema', 'COLLATIONS', 'SORTLEN', 6, '0', 'NO', 'bigint', NULL, NULL, 19, 0, NULL, NULL, 'bigint(3)', '', '', 'select', ''),
('def', 'information_schema', 'COLLATION_CHARACTER_SET_APPLICABILITY', 'COLLATION_NAME', 1, '', 'NO', 'varchar', 32, 96, NULL, NULL, 'utf8', 'utf8_general_ci', 'varchar(32)', '', '', 'select', ''),
('def', 'information_schema', 'COLLATION_CHARACTER_SET_APPLICABILITY', 'CHARACTER_SET_NAME', 2, '', 'NO', 'varchar', 32, 96, NULL, NULL, 'utf8', 'utf8_general_ci', 'varchar(32)', '', '', 'select', ''),
('def', 'information_schema', 'COLUMNS', 'TABLE_CATALOG', 1, '', 'NO', 'varchar', 512, 1536, NULL, NULL, 'utf8', 'utf8_general_ci', 'varchar(512)', '', '', 'select', ''),
('def', 'information_schema', 'COLUMNS', 'TABLE_SCHEMA', 2, '', 'NO', 'varchar', 64, 192, NULL, NULL, 'utf8', 'utf8_general_ci', 'varchar(64)', '', '', 'select', ''),
('def', 'information_schema', 'COLUMNS', 'TABLE_NAME', 3, '', 'NO', 'varchar', 64, 192, NULL, NULL, 'utf8', 'utf8_general_ci', 'varchar(64)', '', '', 'select', ''),
('def', 'information_schema', 'COLUMNS', 'COLUMN_NAME', 4, '', 'NO', 'varchar', 64, 192, NULL, NULL, 'utf8', 'utf8_general_ci', 'varchar(64)', '', '', 'select', ''),
('def', 'information_schema', 'COLUMNS', 'ORDINAL_POSITION', 5, '0', 'NO', 'bigint', NULL, NULL, 20, 0, NULL, NULL, 'bigint(21) unsigned', '', '', 'select', ''),
('def', 'information_schema', 'COLUMNS', 'COLUMN_DEFAULT', 6, NULL, 'YES', 'longtext', 4294967295, 4294967295, NULL, NULL, 'utf8', 'utf8_general_ci', 'longtext', '', '', 'select', ''),
('def', 'information_schema', 'COLUMNS', 'IS_NULLABLE', 7, '', 'NO', 'varchar', 3, 9, NULL, NULL, 'utf8', 'utf8_general_ci', 'varchar(3)', '', '', 'select', ''),
('def', 'information_schema', 'COLUMNS', 'DATA_TYPE', 8, '', 'NO', 'varchar', 64, 192, NULL, NULL, 'utf8', 'utf8_general_ci', 'varchar(64)', '', '', 'select', ''),
('def', 'information_schema', 'COLUMNS', 'CHARACTER_MAXIMUM_LENGTH', 9, NULL, 'YES', 'bigint', NULL, NULL, 20, 0, NULL, NULL, 'bigint(21) unsigned', '', '', 'select', ''),
('def', 'information_schema', 'COLUMNS', 'CHARACTER_OCTET_LENGTH', 10, NULL, 'YES', 'bigint', NULL, NULL, 20, 0, NULL, NULL, 'bigint(21) unsigned', '', '', 'select', ''),
('def', 'information_schema', 'COLUMNS', 'NUMERIC_PRECISION', 11, NULL, 'YES', 'bigint', NULL, NULL, 20, 0, NULL, NULL, 'bigint(21) unsigned', '', '', 'select', ''),
('def', 'information_schema', 'COLUMNS', 'NUMERIC_SCALE', 12, NULL, 'YES', 'bigint', NULL, NULL, 20, 0, NULL, NULL, 'bigint(21) unsigned', '', '', 'select', ''),
('def', 'information_schema', 'COLUMNS', 'CHARACTER_SET_NAME', 13, NULL, 'YES', 'varchar', 32, 96, NULL, NULL, 'utf8', 'utf8_general_ci', 'varchar(32)', '', '', 'select', ''),
('def', 'information_schema', 'COLUMNS', 'COLLATION_NAME', 14, NULL, 'YES', 'varchar', 32, 96, NULL, NULL, 'utf8', 'utf8_general_ci', 'varchar(32)', '', '', 'select', ''),
('def', 'information_schema', 'COLUMNS', 'COLUMN_TYPE', 15, NULL, 'NO', 'longtext', 4294967295, 4294967295, NULL, NULL, 'utf8', 'utf8_general_ci', 'longtext', '', '', 'select', ''),
('def', 'information_schema', 'COLUMNS', 'COLUMN_KEY', 16, '', 'NO', 'varchar', 3, 9, NULL, NULL, 'utf8', 'utf8_general_ci', 'varchar(3)', '', '', 'select', ''),
('def', 'information_schema', 'COLUMNS', 'EXTRA', 17, '', 'NO', 'varchar', 27, 81, NULL, NULL, 'utf8', 'utf8_general_ci', 'varchar(27)', '', '', 'select', ''),
('def', 'information_schema', 'COLUMNS', 'PRIVILEGES', 18, '', 'NO', 'varchar', 80, 240, NULL, NULL, 'utf8', 'utf8_general_ci', 'varchar(80)', '', '', 'select', ''),
('def', 'information_schema', 'COLUMNS', 'COLUMN_COMMENT', 19, '', 'NO', 'varchar', 1024, 3072, NULL, NULL, 'utf8', 'utf8_general_ci', 'varchar(1024)', '', '', 'select', ''),
('def', 'information_schema', 'COLUMN_PRIVILEGES', 'GRANTEE', 1, '', 'NO', 'varchar', 81, 243, NULL, NULL, 'utf8', 'utf8_general_ci', 'varchar(81)', '', '', 'select', ''),
('def', 'information_schema', 'COLUMN_PRIVILEGES', 'TABLE_CATALOG', 2, '', 'NO', 'varchar', 512, 1536, NULL, NULL, 'utf8', 'utf8_general_ci', 'varchar(512)', '', '', 'select', ''),
('def', 'information_schema', 'COLUMN_PRIVILEGES', 'TABLE_SCHEMA', 3, '', 'NO', 'varchar', 64, 192, NULL, NULL, 'utf8', 'utf8_general_ci', 'varchar(64)', '', '', 'select', ''),
('def', 'information_schema', 'COLUMN_PRIVILEGES', 'TABLE_NAME', 4, '', 'NO', 'varchar', 64, 192, NULL, NULL, 'utf8', 'utf8_general_ci', 'varchar(64)', '', '', 'select', ''),
('def', 'information_schema', 'COLUMN_PRIVILEGES', 'COLUMN_NAME', 5, '', 'NO', 'varchar', 64, 192, NULL, NULL, 'utf8', 'utf8_general_ci', 'varchar(64)', '', '', 'select', ''),
('def', 'information_schema', 'COLUMN_PRIVILEGES', 'PRIVILEGE_TYPE', 6, '', 'NO', 'varchar', 64, 192, NULL, NULL, 'utf8', 'utf8_general_ci', 'varchar(64)', '', '', 'select', ''),
('def', 'information_schema', 'COLUMN_PRIVILEGES', 'IS_GRANTABLE', 7, '', 'NO', 'varchar', 3, 9, NULL, NULL, 'utf8', 'utf8_general_ci', 'varchar(3)', '', '', 'select', ''),
('def', 'information_schema', 'INDEX_STATISTICS', 'TABLE_SCHEMA', 1, '', 'NO', 'varchar', 192, 576, NULL, NULL, 'utf8', 'utf8_general_ci', 'varchar(192)', '', '', 'select', ''),
('def', 'information_schema', 'INDEX_STATISTICS', 'TABLE_NAME', 2, '', 'NO', 'varchar', 192, 576, NULL, NULL, 'utf8', 'utf8_general_ci', 'varchar(192)', '', '', 'select', ''),
('def', 'information_schema', 'INDEX_STATISTICS', 'INDEX_NAME', 3, '', 'NO', 'varchar', 192, 576, NULL, NULL, 'utf8', 'utf8_general_ci', 'varchar(192)', '', '', 'select', ''),
('def', 'information_schema', 'INDEX_STATISTICS', 'ROWS_READ', 4, '0', 'NO', 'bigint', NULL, NULL, 20, 0, NULL, NULL, 'bigint(21) unsigned', '', '', 'select', ''),
('def', 'information_schema', 'ENGINES', 'ENGINE', 1, '', 'NO', 'varchar', 64, 192, NULL, NULL, 'utf8', 'utf8_general_ci', 'varchar(64)', '', '', 'select', ''),
('def', 'information_schema', 'ENGINES', 'SUPPORT', 2, '', 'NO', 'varchar', 8, 24, NULL, NULL, 'utf8', 'utf8_general_ci', 'varchar(8)', '', '', 'select', ''),
('def', 'information_schema', 'ENGINES', 'COMMENT', 3, '', 'NO', 'varchar', 80, 240, NULL, NULL, 'utf8', 'utf8_general_ci', 'varchar(80)', '', '', 'select', ''),
('def', 'information_schema', 'ENGINES', 'TRANSACTIONS', 4, NULL, 'YES', 'varchar', 3, 9, NULL, NULL, 'utf8', 'utf8_general_ci', 'varchar(3)', '', '', 'select', ''),
('def', 'information_schema', 'ENGINES', 'XA', 5, NULL, 'YES', 'varchar', 3, 9, NULL, NULL, 'utf8', 'utf8_general_ci', 'varchar(3)', '', '', 'select', ''),
('def', 'information_schema', 'ENGINES', 'SAVEPOINTS', 6, NULL, 'YES', 'varchar', 3, 9, NULL, NULL, 'utf8', 'utf8_general_ci', 'varchar(3)', '', '', 'select', ''),
('def', 'information_schema', 'EVENTS', 'EVENT_CATALOG', 1, '', 'NO', 'varchar', 64, 192, NULL, NULL, 'utf8', 'utf8_general_ci', 'varchar(64)', '', '', 'select', ''),
('def', 'information_schema', 'EVENTS', 'EVENT_SCHEMA', 2, '', 'NO', 'varchar', 64, 192, NULL, NULL, 'utf8', 'utf8_general_ci', 'varchar(64)', '', '', 'select', ''),
('def', 'information_schema', 'EVENTS', 'EVENT_NAME', 3, '', 'NO', 'varchar', 64, 192, NULL, NULL, 'utf8', 'utf8_general_ci', 'varchar(64)', '', '', 'select', ''),
('def', 'information_schema', 'EVENTS', 'DEFINER', 4, '', 'NO', 'varchar', 77, 231, NULL, NULL, 'utf8', 'utf8_general_ci', 'varchar(77)', '', '', 'select', ''),
('def', 'information_schema', 'EVENTS', 'TIME_ZONE', 5, '', 'NO', 'varchar', 64, 192, NULL, NULL, 'utf8', 'utf8_general_ci', 'varchar(64)', '', '', 'select', ''),
('def', 'information_schema', 'EVENTS', 'EVENT_BODY', 6, '', 'NO', 'varchar', 8, 24, NULL, NULL, 'utf8', 'utf8_general_ci', 'varchar(8)', '', '', 'select', ''),
('def', 'information_schema', 'EVENTS', 'EVENT_DEFINITION', 7, NULL, 'NO', 'longtext', 4294967295, 4294967295, NULL, NULL, 'utf8', 'utf8_general_ci', 'longtext', '', '', 'select', ''),
('def', 'information_schema', 'EVENTS', 'EVENT_TYPE', 8, '', 'NO', 'varchar', 9, 27, NULL, NULL, 'utf8', 'utf8_general_ci', 'varchar(9)', '', '', 'select', ''),
('def', 'information_schema', 'EVENTS', 'EXECUTE_AT', 9, NULL, 'YES', 'datetime', NULL, NULL, NULL, NULL, NULL, NULL, 'datetime', '', '', 'select', ''),
('def', 'information_schema', 'EVENTS', 'INTERVAL_VALUE', 10, NULL, 'YES', 'varchar', 256, 768, NULL, NULL, 'utf8', 'utf8_general_ci', 'varchar(256)', '', '', 'select', ''),
('def', 'information_schema', 'EVENTS', 'INTERVAL_FIELD', 11, NULL, 'YES', 'varchar', 18, 54, NULL, NULL, 'utf8', 'utf8_general_ci', 'varchar(18)', '', '', 'select', ''),
('def', 'information_schema', 'EVENTS', 'SQL_MODE', 12, '', 'NO', 'varchar', 8192, 24576, NULL, NULL, 'utf8', 'utf8_general_ci', 'varchar(8192)', '', '', 'select', ''),
('def', 'information_schema', 'EVENTS', 'STARTS', 13, NULL, 'YES', 'datetime', NULL, NULL, NULL, NULL, NULL, NULL, 'datetime', '', '', 'select', ''),
('def', 'information_schema', 'EVENTS', 'ENDS', 14, NULL, 'YES', 'datetime', NULL, NULL, NULL, NULL, NULL, NULL, 'datetime', '', '', 'select', ''),
('def', 'information_schema', 'EVENTS', 'STATUS', 15, '', 'NO', 'varchar', 18, 54, NULL, NULL, 'utf8', 'utf8_general_ci', 'varchar(18)', '', '', 'select', ''),
('def', 'information_schema', 'EVENTS', 'ON_COMPLETION', 16, '', 'NO', 'varchar', 12, 36, NULL, NULL, 'utf8', 'utf8_general_ci', 'varchar(12)', '', '', 'select', ''),
('def', 'information_schema', 'EVENTS', 'CREATED', 17, '0000-00-00 00:00:00', 'NO', 'datetime', NULL, NULL, NULL, NULL, NULL, NULL, 'datetime', '', '', 'select', ''),
('def', 'information_schema', 'EVENTS', 'LAST_ALTERED', 18, '0000-00-00 00:00:00', 'NO', 'datetime', NULL, NULL, NULL, NULL, NULL, NULL, 'datetime', '', '', 'select', ''),
('def', 'information_schema', 'EVENTS', 'LAST_EXECUTED', 19, NULL, 'YES', 'datetime', NULL, NULL, NULL, NULL, NULL, NULL, 'datetime', '', '', 'select', ''),
('def', 'information_schema', 'EVENTS', 'EVENT_COMMENT', 20, '', 'NO', 'varchar', 64, 192, NULL, NULL, 'utf8', 'utf8_general_ci', 'varchar(64)', '', '', 'select', ''),
('def', 'information_schema', 'EVENTS', 'ORIGINATOR', 21, '0', 'NO', 'bigint', NULL, NULL, 19, 0, NULL, NULL, 'bigint(10)', '', '', 'select', ''),
('def', 'information_schema', 'EVENTS', 'CHARACTER_SET_CLIENT', 22, '', 'NO', 'varchar', 32, 96, NULL, NULL, 'utf8', 'utf8_general_ci', 'varchar(32)', '', '', 'select', ''),
('def', 'information_schema', 'EVENTS', 'COLLATION_CONNECTION', 23, '', 'NO', 'varchar', 32, 96, NULL, NULL, 'utf8', 'utf8_general_ci', 'varchar(32)', '', '', 'select', ''),
('def', 'information_schema', 'EVENTS', 'DATABASE_COLLATION', 24, '', 'NO', 'varchar', 32, 96, NULL, NULL, 'utf8', 'utf8_general_ci', 'varchar(32)', '', '', 'select', ''),
('def', 'information_schema', 'FILES', 'FILE_ID', 1, '0', 'NO', 'bigint', NULL, NULL, 19, 0, NULL, NULL, 'bigint(4)', '', '', 'select', ''),
('def', 'information_schema', 'FILES', 'FILE_NAME', 2, NULL, 'YES', 'varchar', 64, 192, NULL, NULL, 'utf8', 'utf8_general_ci', 'varchar(64)', '', '', 'select', ''),
('def', 'information_schema', 'FILES', 'FILE_TYPE', 3, '', 'NO', 'varchar', 20, 60, NULL, NULL, 'utf8', 'utf8_general_ci', 'varchar(20)', '', '', 'select', ''),
('def', 'information_schema', 'FILES', 'TABLESPACE_NAME', 4, NULL, 'YES', 'varchar', 64, 192, NULL, NULL, 'utf8', 'utf8_general_ci', 'varchar(64)', '', '', 'select', ''),
('def', 'information_schema', 'FILES', 'TABLE_CATALOG', 5, '', 'NO', 'varchar', 64, 192, NULL, NULL, 'utf8', 'utf8_general_ci', 'varchar(64)', '', '', 'select', ''),
('def', 'information_schema', 'FILES', 'TABLE_SCHEMA', 6, NULL, 'YES', 'varchar', 64, 192, NULL, NULL, 'utf8', 'utf8_general_ci', 'varchar(64)', '', '', 'select', ''),
('def', 'information_schema', 'FILES', 'TABLE_NAME', 7, NULL, 'YES', 'varchar', 64, 192, NULL, NULL, 'utf8', 'utf8_general_ci', 'varchar(64)', '', '', 'select', ''),
('def', 'information_schema', 'FILES', 'LOGFILE_GROUP_NAME', 8, NULL, 'YES', 'varchar', 64, 192, NULL, NULL, 'utf8', 'utf8_general_ci', 'varchar(64)', '', '', 'select', ''),
('def', 'information_schema', 'FILES', 'LOGFILE_GROUP_NUMBER', 9, NULL, 'YES', 'bigint', NULL, NULL, 19, 0, NULL, NULL, 'bigint(4)', '', '', 'select', ''),
('def', 'information_schema', 'FILES', 'ENGINE', 10, '', 'NO', 'varchar', 64, 192, NULL, NULL, 'utf8', 'utf8_general_ci', 'varchar(64)', '', '', 'select', ''),
('def', 'information_schema', 'FILES', 'FULLTEXT_KEYS', 11, NULL, 'YES', 'varchar', 64, 192, NULL, NULL, 'utf8', 'utf8_general_ci', 'varchar(64)', '', '', 'select', ''),
('def', 'information_schema', 'FILES', 'DELETED_ROWS', 12, NULL, 'YES', 'bigint', NULL, NULL, 19, 0, NULL, NULL, 'bigint(4)', '', '', 'select', ''),
('def', 'information_schema', 'FILES', 'UPDATE_COUNT', 13, NULL, 'YES', 'bigint', NULL, NULL, 19, 0, NULL, NULL, 'bigint(4)', '', '', 'select', ''),
('def', 'information_schema', 'FILES', 'FREE_EXTENTS', 14, NULL, 'YES', 'bigint', NULL, NULL, 19, 0, NULL, NULL, 'bigint(4)', '', '', 'select', ''),
('def', 'information_schema', 'FILES', 'TOTAL_EXTENTS', 15, NULL, 'YES', 'bigint', NULL, NULL, 19, 0, NULL, NULL, 'bigint(4)', '', '', 'select', ''),
('def', 'information_schema', 'FILES', 'EXTENT_SIZE', 16, '0', 'NO', 'bigint', NULL, NULL, 19, 0, NULL, NULL, 'bigint(4)', '', '', 'select', ''),
('def', 'information_schema', 'FILES', 'INITIAL_SIZE', 17, NULL, 'YES', 'bigint', NULL, NULL, 20, 0, NULL, NULL, 'bigint(21) unsigned', '', '', 'select', ''),
('def', 'information_schema', 'FILES', 'MAXIMUM_SIZE', 18, NULL, 'YES', 'bigint', NULL, NULL, 20, 0, NULL, NULL, 'bigint(21) unsigned', '', '', 'select', ''),
('def', 'information_schema', 'FILES', 'AUTOEXTEND_SIZE', 19, NULL, 'YES', 'bigint', NULL, NULL, 20, 0, NULL, NULL, 'bigint(21) unsigned', '', '', 'select', ''),
('def', 'information_schema', 'FILES', 'CREATION_TIME', 20, NULL, 'YES', 'datetime', NULL, NULL, NULL, NULL, NULL, NULL, 'datetime', '', '', 'select', ''),
('def', 'information_schema', 'FILES', 'LAST_UPDATE_TIME', 21, NULL, 'YES', 'datetime', NULL, NULL, NULL, NULL, NULL, NULL, 'datetime', '', '', 'select', ''),
('def', 'information_schema', 'FILES', 'LAST_ACCESS_TIME', 22, NULL, 'YES', 'datetime', NULL, NULL, NULL, NULL, NULL, NULL, 'datetime', '', '', 'select', ''),
('def', 'information_schema', 'FILES', 'RECOVER_TIME', 23, NULL, 'YES', 'bigint', NULL, NULL, 19, 0, NULL, NULL, 'bigint(4)', '', '', 'select', ''),
('def', 'information_schema', 'FILES', 'TRANSACTION_COUNTER', 24, NULL, 'YES', 'bigint', NULL, NULL, 19, 0, NULL, NULL, 'bigint(4)', '', '', 'select', ''),
('def', 'information_schema', 'FILES', 'VERSION', 25, NULL, 'YES', 'bigint', NULL, NULL, 20, 0, NULL, NULL, 'bigint(21) unsigned', '', '', 'select', ''),
('def', 'information_schema', 'FILES', 'ROW_FORMAT', 26, NULL, 'YES', 'varchar', 10, 30, NULL, NULL, 'utf8', 'utf8_general_ci', 'varchar(10)', '', '', 'select', ''),
('def', 'information_schema', 'FILES', 'TABLE_ROWS', 27, NULL, 'YES', 'bigint', NULL, NULL, 20, 0, NULL, NULL, 'bigint(21) unsigned', '', '', 'select', ''),
('def', 'information_schema', 'FILES', 'AVG_ROW_LENGTH', 28, NULL, 'YES', 'bigint', NULL, NULL, 20, 0, NULL, NULL, 'bigint(21) unsigned', '', '', 'select', ''),
('def', 'information_schema', 'FILES', 'DATA_LENGTH', 29, NULL, 'YES', 'bigint', NULL, NULL, 20, 0, NULL, NULL, 'bigint(21) unsigned', '', '', 'select', ''),
('def', 'information_schema', 'FILES', 'MAX_DATA_LENGTH', 30, NULL, 'YES', 'bigint', NULL, NULL, 20, 0, NULL, NULL, 'bigint(21) unsigned', '', '', 'select', ''),
('def', 'information_schema', 'FILES', 'INDEX_LENGTH', 31, NULL, 'YES', 'bigint', NULL, NULL, 20, 0, NULL, NULL, 'bigint(21) unsigned', '', '', 'select', ''),
('def', 'information_schema', 'FILES', 'DATA_FREE', 32, NULL, 'YES', 'bigint', NULL, NULL, 20, 0, NULL, NULL, 'bigint(21) unsigned', '', '', 'select', ''),
('def', 'information_schema', 'FILES', 'CREATE_TIME', 33, NULL, 'YES', 'datetime', NULL, NULL, NULL, NULL, NULL, NULL, 'datetime', '', '', 'select', ''),
('def', 'information_schema', 'FILES', 'UPDATE_TIME', 34, NULL, 'YES', 'datetime', NULL, NULL, NULL, NULL, NULL, NULL, 'datetime', '', '', 'select', ''),
('def', 'information_schema', 'FILES', 'CHECK_TIME', 35, NULL, 'YES', 'datetime', NULL, NULL, NULL, NULL, NULL, NULL, 'datetime', '', '', 'select', ''),
('def', 'information_schema', 'FILES', 'CHECKSUM', 36, NULL, 'YES', 'bigint', NULL, NULL, 20, 0, NULL, NULL, 'bigint(21) unsigned', '', '', 'select', ''),
('def', 'information_schema', 'FILES', 'STATUS', 37, '', 'NO', 'varchar', 20, 60, NULL, NULL, 'utf8', 'utf8_general_ci', 'varchar(20)', '', '', 'select', ''),
('def', 'information_schema', 'FILES', 'EXTRA', 38, NULL, 'YES', 'varchar', 255, 765, NULL, NULL, 'utf8', 'utf8_general_ci', 'varchar(255)', '', '', 'select', ''),
('def', 'information_schema', 'GLOBAL_STATUS', 'VARIABLE_NAME', 1, '', 'NO', 'varchar', 64, 192, NULL, NULL, 'utf8', 'utf8_general_ci', 'varchar(64)', '', '', 'select', ''),
('def', 'information_schema', 'GLOBAL_STATUS', 'VARIABLE_VALUE', 2, NULL, 'YES', 'varchar', 1024, 3072, NULL, NULL, 'utf8', 'utf8_general_ci', 'varchar(1024)', '', '', 'select', ''),
('def', 'information_schema', 'GLOBAL_TEMPORARY_TABLES', 'SESSION_ID', 1, '0', 'NO', 'bigint', NULL, NULL, 19, 0, NULL, NULL, 'bigint(4)', '', '', 'select', ''),
('def', 'information_schema', 'GLOBAL_TEMPORARY_TABLES', 'TABLE_SCHEMA', 2, '', 'NO', 'varchar', 64, 192, NULL, NULL, 'utf8', 'utf8_general_ci', 'varchar(64)', '', '', 'select', ''),
('def', 'information_schema', 'GLOBAL_TEMPORARY_TABLES', 'TABLE_NAME', 3, '', 'NO', 'varchar', 64, 192, NULL, NULL, 'utf8', 'utf8_general_ci', 'varchar(64)', '', '', 'select', ''),
('def', 'information_schema', 'GLOBAL_TEMPORARY_TABLES', 'ENGINE', 4, '', 'NO', 'varchar', 64, 192, NULL, NULL, 'utf8', 'utf8_general_ci', 'varchar(64)', '', '', 'select', ''),
('def', 'information_schema', 'GLOBAL_TEMPORARY_TABLES', 'NAME', 5, '', 'NO', 'varchar', 512, 1536, NULL, NULL, 'utf8', 'utf8_general_ci', 'varchar(512)', '', '', 'select', ''),
('def', 'information_schema', 'GLOBAL_TEMPORARY_TABLES', 'TABLE_ROWS', 6, '0', 'NO', 'bigint', NULL, NULL, 20, 0, NULL, NULL, 'bigint(21) unsigned', '', '', 'select', ''),
('def', 'information_schema', 'GLOBAL_TEMPORARY_TABLES', 'AVG_ROW_LENGTH', 7, '0', 'NO', 'bigint', NULL, NULL, 20, 0, NULL, NULL, 'bigint(21) unsigned', '', '', 'select', ''),
('def', 'information_schema', 'GLOBAL_TEMPORARY_TABLES', 'DATA_LENGTH', 8, '0', 'NO', 'bigint', NULL, NULL, 20, 0, NULL, NULL, 'bigint(21) unsigned', '', '', 'select', ''),
('def', 'information_schema', 'GLOBAL_TEMPORARY_TABLES', 'INDEX_LENGTH', 9, '0', 'NO', 'bigint', NULL, NULL, 20, 0, NULL, NULL, 'bigint(21) unsigned', '', '', 'select', ''),
('def', 'information_schema', 'GLOBAL_TEMPORARY_TABLES', 'CREATE_TIME', 10, NULL, 'YES', 'datetime', NULL, NULL, NULL, NULL, NULL, NULL, 'datetime', '', '', 'select', ''),
('def', 'information_schema', 'GLOBAL_TEMPORARY_TABLES', 'UPDATE_TIME', 11, NULL, 'YES', 'datetime', NULL, NULL, NULL, NULL, NULL, NULL, 'datetime', '', '', 'select', ''),
('def', 'information_schema', 'GLOBAL_VARIABLES', 'VARIABLE_NAME', 1, '', 'NO', 'varchar', 64, 192, NULL, NULL, 'utf8', 'utf8_general_ci', 'varchar(64)', '', '', 'select', ''),
('def', 'information_schema', 'GLOBAL_VARIABLES', 'VARIABLE_VALUE', 2, NULL, 'YES', 'varchar', 1024, 3072, NULL, NULL, 'utf8', 'utf8_general_ci', 'varchar(1024)', '', '', 'select', ''),
('def', 'information_schema', 'KEY_COLUMN_USAGE', 'CONSTRAINT_CATALOG', 1, '', 'NO', 'varchar', 512, 1536, NULL, NULL, 'utf8', 'utf8_general_ci', 'varchar(512)', '', '', 'select', ''),
('def', 'information_schema', 'KEY_COLUMN_USAGE', 'CONSTRAINT_SCHEMA', 2, '', 'NO', 'varchar', 64, 192, NULL, NULL, 'utf8', 'utf8_general_ci', 'varchar(64)', '', '', 'select', ''),
('def', 'information_schema', 'KEY_COLUMN_USAGE', 'CONSTRAINT_NAME', 3, '', 'NO', 'varchar', 64, 192, NULL, NULL, 'utf8', 'utf8_general_ci', 'varchar(64)', '', '', 'select', ''),
('def', 'information_schema', 'KEY_COLUMN_USAGE', 'TABLE_CATALOG', 4, '', 'NO', 'varchar', 512, 1536, NULL, NULL, 'utf8', 'utf8_general_ci', 'varchar(512)', '', '', 'select', ''),
('def', 'information_schema', 'KEY_COLUMN_USAGE', 'TABLE_SCHEMA', 5, '', 'NO', 'varchar', 64, 192, NULL, NULL, 'utf8', 'utf8_general_ci', 'varchar(64)', '', '', 'select', ''),
('def', 'information_schema', 'KEY_COLUMN_USAGE', 'TABLE_NAME', 6, '', 'NO', 'varchar', 64, 192, NULL, NULL, 'utf8', 'utf8_general_ci', 'varchar(64)', '', '', 'select', ''),
('def', 'information_schema', 'KEY_COLUMN_USAGE', 'COLUMN_NAME', 7, '', 'NO', 'varchar', 64, 192, NULL, NULL, 'utf8', 'utf8_general_ci', 'varchar(64)', '', '', 'select', ''),
('def', 'information_schema', 'KEY_COLUMN_USAGE', 'ORDINAL_POSITION', 8, '0', 'NO', 'bigint', NULL, NULL, 19, 0, NULL, NULL, 'bigint(10)', '', '', 'select', ''),
('def', 'information_schema', 'KEY_COLUMN_USAGE', 'POSITION_IN_UNIQUE_CONSTRAINT', 9, NULL, 'YES', 'bigint', NULL, NULL, 19, 0, NULL, NULL, 'bigint(10)', '', '', 'select', ''),
('def', 'information_schema', 'KEY_COLUMN_USAGE', 'REFERENCED_TABLE_SCHEMA', 10, NULL, 'YES', 'varchar', 64, 192, NULL, NULL, 'utf8', 'utf8_general_ci', 'varchar(64)', '', '', 'select', ''),
('def', 'information_schema', 'KEY_COLUMN_USAGE', 'REFERENCED_TABLE_NAME', 11, NULL, 'YES', 'varchar', 64, 192, NULL, NULL, 'utf8', 'utf8_general_ci', 'varchar(64)', '', '', 'select', ''),
('def', 'information_schema', 'KEY_COLUMN_USAGE', 'REFERENCED_COLUMN_NAME', 12, NULL, 'YES', 'varchar', 64, 192, NULL, NULL, 'utf8', 'utf8_general_ci', 'varchar(64)', '', '', 'select', ''),
('def', 'information_schema', 'PARAMETERS', 'SPECIFIC_CATALOG', 1, '', 'NO', 'varchar', 512, 1536, NULL, NULL, 'utf8', 'utf8_general_ci', 'varchar(512)', '', '', 'select', ''),
('def', 'information_schema', 'PARAMETERS', 'SPECIFIC_SCHEMA', 2, '', 'NO', 'varchar', 64, 192, NULL, NULL, 'utf8', 'utf8_general_ci', 'varchar(64)', '', '', 'select', ''),
('def', 'information_schema', 'PARAMETERS', 'SPECIFIC_NAME', 3, '', 'NO', 'varchar', 64, 192, NULL, NULL, 'utf8', 'utf8_general_ci', 'varchar(64)', '', '', 'select', ''),
('def', 'information_schema', 'PARAMETERS', 'ORDINAL_POSITION', 4, '0', 'NO', 'int', NULL, NULL, 10, 0, NULL, NULL, 'int(21)', '', '', 'select', ''),
('def', 'information_schema', 'PARAMETERS', 'PARAMETER_MODE', 5, NULL, 'YES', 'varchar', 5, 15, NULL, NULL, 'utf8', 'utf8_general_ci', 'varchar(5)', '', '', 'select', ''),
('def', 'information_schema', 'PARAMETERS', 'PARAMETER_NAME', 6, NULL, 'YES', 'varchar', 64, 192, NULL, NULL, 'utf8', 'utf8_general_ci', 'varchar(64)', '', '', 'select', ''),
('def', 'information_schema', 'PARAMETERS', 'DATA_TYPE', 7, '', 'NO', 'varchar', 64, 192, NULL, NULL, 'utf8', 'utf8_general_ci', 'varchar(64)', '', '', 'select', ''),
('def', 'information_schema', 'PARAMETERS', 'CHARACTER_MAXIMUM_LENGTH', 8, NULL, 'YES', 'int', NULL, NULL, 10, 0, NULL, NULL, 'int(21)', '', '', 'select', ''),
('def', 'information_schema', 'PARAMETERS', 'CHARACTER_OCTET_LENGTH', 9, NULL, 'YES', 'int', NULL, NULL, 10, 0, NULL, NULL, 'int(21)', '', '', 'select', ''),
('def', 'information_schema', 'PARAMETERS', 'NUMERIC_PRECISION', 10, NULL, 'YES', 'int', NULL, NULL, 10, 0, NULL, NULL, 'int(21)', '', '', 'select', ''),
('def', 'information_schema', 'PARAMETERS', 'NUMERIC_SCALE', 11, NULL, 'YES', 'int', NULL, NULL, 10, 0, NULL, NULL, 'int(21)', '', '', 'select', ''),
('def', 'information_schema', 'PARAMETERS', 'CHARACTER_SET_NAME', 12, NULL, 'YES', 'varchar', 64, 192, NULL, NULL, 'utf8', 'utf8_general_ci', 'varchar(64)', '', '', 'select', ''),
('def', 'information_schema', 'PARAMETERS', 'COLLATION_NAME', 13, NULL, 'YES', 'varchar', 64, 192, NULL, NULL, 'utf8', 'utf8_general_ci', 'varchar(64)', '', '', 'select', ''),
('def', 'information_schema', 'PARAMETERS', 'DTD_IDENTIFIER', 14, NULL, 'NO', 'longtext', 4294967295, 4294967295, NULL, NULL, 'utf8', 'utf8_general_ci', 'longtext', '', '', 'select', ''),
('def', 'information_schema', 'PARAMETERS', 'ROUTINE_TYPE', 15, '', 'NO', 'varchar', 9, 27, NULL, NULL, 'utf8', 'utf8_general_ci', 'varchar(9)', '', '', 'select', ''),
('def', 'information_schema', 'PARTITIONS', 'TABLE_CATALOG', 1, '', 'NO', 'varchar', 512, 1536, NULL, NULL, 'utf8', 'utf8_general_ci', 'varchar(512)', '', '', 'select', ''),
('def', 'information_schema', 'PARTITIONS', 'TABLE_SCHEMA', 2, '', 'NO', 'varchar', 64, 192, NULL, NULL, 'utf8', 'utf8_general_ci', 'varchar(64)', '', '', 'select', ''),
('def', 'information_schema', 'PARTITIONS', 'TABLE_NAME', 3, '', 'NO', 'varchar', 64, 192, NULL, NULL, 'utf8', 'utf8_general_ci', 'varchar(64)', '', '', 'select', ''),
('def', 'information_schema', 'PARTITIONS', 'PARTITION_NAME', 4, NULL, 'YES', 'varchar', 64, 192, NULL, NULL, 'utf8', 'utf8_general_ci', 'varchar(64)', '', '', 'select', ''),
('def', 'information_schema', 'PARTITIONS', 'SUBPARTITION_NAME', 5, NULL, 'YES', 'varchar', 64, 192, NULL, NULL, 'utf8', 'utf8_general_ci', 'varchar(64)', '', '', 'select', ''),
('def', 'information_schema', 'PARTITIONS', 'PARTITION_ORDINAL_POSITION', 6, NULL, 'YES', 'bigint', NULL, NULL, 20, 0, NULL, NULL, 'bigint(21) unsigned', '', '', 'select', ''),
('def', 'information_schema', 'PARTITIONS', 'SUBPARTITION_ORDINAL_POSITION', 7, NULL, 'YES', 'bigint', NULL, NULL, 20, 0, NULL, NULL, 'bigint(21) unsigned', '', '', 'select', ''),
('def', 'information_schema', 'PARTITIONS', 'PARTITION_METHOD', 8, NULL, 'YES', 'varchar', 18, 54, NULL, NULL, 'utf8', 'utf8_general_ci', 'varchar(18)', '', '', 'select', ''),
('def', 'information_schema', 'PARTITIONS', 'SUBPARTITION_METHOD', 9, NULL, 'YES', 'varchar', 12, 36, NULL, NULL, 'utf8', 'utf8_general_ci', 'varchar(12)', '', '', 'select', ''),
('def', 'information_schema', 'PARTITIONS', 'PARTITION_EXPRESSION', 10, NULL, 'YES', 'longtext', 4294967295, 4294967295, NULL, NULL, 'utf8', 'utf8_general_ci', 'longtext', '', '', 'select', ''),
('def', 'information_schema', 'PARTITIONS', 'SUBPARTITION_EXPRESSION', 11, NULL, 'YES', 'longtext', 4294967295, 4294967295, NULL, NULL, 'utf8', 'utf8_general_ci', 'longtext', '', '', 'select', ''),
('def', 'information_schema', 'PARTITIONS', 'PARTITION_DESCRIPTION', 12, NULL, 'YES', 'longtext', 4294967295, 4294967295, NULL, NULL, 'utf8', 'utf8_general_ci', 'longtext', '', '', 'select', ''),
('def', 'information_schema', 'PARTITIONS', 'TABLE_ROWS', 13, '0', 'NO', 'bigint', NULL, NULL, 20, 0, NULL, NULL, 'bigint(21) unsigned', '', '', 'select', ''),
('def', 'information_schema', 'PARTITIONS', 'AVG_ROW_LENGTH', 14, '0', 'NO', 'bigint', NULL, NULL, 20, 0, NULL, NULL, 'bigint(21) unsigned', '', '', 'select', ''),
('def', 'information_schema', 'PARTITIONS', 'DATA_LENGTH', 15, '0', 'NO', 'bigint', NULL, NULL, 20, 0, NULL, NULL, 'bigint(21) unsigned', '', '', 'select', ''),
('def', 'information_schema', 'PARTITIONS', 'MAX_DATA_LENGTH', 16, NULL, 'YES', 'bigint', NULL, NULL, 20, 0, NULL, NULL, 'bigint(21) unsigned', '', '', 'select', ''),
('def', 'information_schema', 'PARTITIONS', 'INDEX_LENGTH', 17, '0', 'NO', 'bigint', NULL, NULL, 20, 0, NULL, NULL, 'bigint(21) unsigned', '', '', 'select', ''),
('def', 'information_schema', 'PARTITIONS', 'DATA_FREE', 18, '0', 'NO', 'bigint', NULL, NULL, 20, 0, NULL, NULL, 'bigint(21) unsigned', '', '', 'select', ''),
('def', 'information_schema', 'PARTITIONS', 'CREATE_TIME', 19, NULL, 'YES', 'datetime', NULL, NULL, NULL, NULL, NULL, NULL, 'datetime', '', '', 'select', ''),
('def', 'information_schema', 'PARTITIONS', 'UPDATE_TIME', 20, NULL, 'YES', 'datetime', NULL, NULL, NULL, NULL, NULL, NULL, 'datetime', '', '', 'select', ''),
('def', 'information_schema', 'PARTITIONS', 'CHECK_TIME', 21, NULL, 'YES', 'datetime', NULL, NULL, NULL, NULL, NULL, NULL, 'datetime', '', '', 'select', ''),
('def', 'information_schema', 'PARTITIONS', 'CHECKSUM', 22, NULL, 'YES', 'bigint', NULL, NULL, 20, 0, NULL, NULL, 'bigint(21) unsigned', '', '', 'select', ''),
('def', 'information_schema', 'PARTITIONS', 'PARTITION_COMMENT', 23, '', 'NO', 'varchar', 80, 240, NULL, NULL, 'utf8', 'utf8_general_ci', 'varchar(80)', '', '', 'select', ''),
('def', 'information_schema', 'PARTITIONS', 'NODEGROUP', 24, '', 'NO', 'varchar', 12, 36, NULL, NULL, 'utf8', 'utf8_general_ci', 'varchar(12)', '', '', 'select', ''),
('def', 'information_schema', 'PARTITIONS', 'TABLESPACE_NAME', 25, NULL, 'YES', 'varchar', 64, 192, NULL, NULL, 'utf8', 'utf8_general_ci', 'varchar(64)', '', '', 'select', ''),
('def', 'information_schema', 'PLUGINS', 'PLUGIN_NAME', 1, '', 'NO', 'varchar', 64, 192, NULL, NULL, 'utf8', 'utf8_general_ci', 'varchar(64)', '', '', 'select', ''),
('def', 'information_schema', 'PLUGINS', 'PLUGIN_VERSION', 2, '', 'NO', 'varchar', 20, 60, NULL, NULL, 'utf8', 'utf8_general_ci', 'varchar(20)', '', '', 'select', ''),
('def', 'information_schema', 'PLUGINS', 'PLUGIN_STATUS', 3, '', 'NO', 'varchar', 10, 30, NULL, NULL, 'utf8', 'utf8_general_ci', 'varchar(10)', '', '', 'select', ''),
('def', 'information_schema', 'PLUGINS', 'PLUGIN_TYPE', 4, '', 'NO', 'varchar', 80, 240, NULL, NULL, 'utf8', 'utf8_general_ci', 'varchar(80)', '', '', 'select', ''),
('def', 'information_schema', 'PLUGINS', 'PLUGIN_TYPE_VERSION', 5, '', 'NO', 'varchar', 20, 60, NULL, NULL, 'utf8', 'utf8_general_ci', 'varchar(20)', '', '', 'select', ''),
('def', 'information_schema', 'PLUGINS', 'PLUGIN_LIBRARY', 6, NULL, 'YES', 'varchar', 64, 192, NULL, NULL, 'utf8', 'utf8_general_ci', 'varchar(64)', '', '', 'select', ''),
('def', 'information_schema', 'PLUGINS', 'PLUGIN_LIBRARY_VERSION', 7, NULL, 'YES', 'varchar', 20, 60, NULL, NULL, 'utf8', 'utf8_general_ci', 'varchar(20)', '', '', 'select', ''),
('def', 'information_schema', 'PLUGINS', 'PLUGIN_AUTHOR', 8, NULL, 'YES', 'varchar', 64, 192, NULL, NULL, 'utf8', 'utf8_general_ci', 'varchar(64)', '', '', 'select', ''),
('def', 'information_schema', 'PLUGINS', 'PLUGIN_DESCRIPTION', 9, NULL, 'YES', 'longtext', 4294967295, 4294967295, NULL, NULL, 'utf8', 'utf8_general_ci', 'longtext', '', '', 'select', ''),
('def', 'information_schema', 'PLUGINS', 'PLUGIN_LICENSE', 10, NULL, 'YES', 'varchar', 80, 240, NULL, NULL, 'utf8', 'utf8_general_ci', 'varchar(80)', '', '', 'select', ''),
('def', 'information_schema', 'PLUGINS', 'LOAD_OPTION', 11, '', 'NO', 'varchar', 64, 192, NULL, NULL, 'utf8', 'utf8_general_ci', 'varchar(64)', '', '', 'select', ''),
('def', 'information_schema', 'PROCESSLIST', 'ID', 1, '0', 'NO', 'bigint', NULL, NULL, 19, 0, NULL, NULL, 'bigint(4)', '', '', 'select', ''),
('def', 'information_schema', 'PROCESSLIST', 'USER', 2, '', 'NO', 'varchar', 16, 48, NULL, NULL, 'utf8', 'utf8_general_ci', 'varchar(16)', '', '', 'select', ''),
('def', 'information_schema', 'PROCESSLIST', 'HOST', 3, '', 'NO', 'varchar', 64, 192, NULL, NULL, 'utf8', 'utf8_general_ci', 'varchar(64)', '', '', 'select', ''),
('def', 'information_schema', 'PROCESSLIST', 'DB', 4, NULL, 'YES', 'varchar', 64, 192, NULL, NULL, 'utf8', 'utf8_general_ci', 'varchar(64)', '', '', 'select', ''),
('def', 'information_schema', 'PROCESSLIST', 'COMMAND', 5, '', 'NO', 'varchar', 16, 48, NULL, NULL, 'utf8', 'utf8_general_ci', 'varchar(16)', '', '', 'select', ''),
('def', 'information_schema', 'PROCESSLIST', 'TIME', 6, '0', 'NO', 'int', NULL, NULL, 10, 0, NULL, NULL, 'int(7)', '', '', 'select', ''),
('def', 'information_schema', 'PROCESSLIST', 'STATE', 7, NULL, 'YES', 'varchar', 64, 192, NULL, NULL, 'utf8', 'utf8_general_ci', 'varchar(64)', '', '', 'select', ''),
('def', 'information_schema', 'PROCESSLIST', 'INFO', 8, NULL, 'YES', 'longtext', 4294967295, 4294967295, NULL, NULL, 'utf8', 'utf8_general_ci', 'longtext', '', '', 'select', ''),
('def', 'information_schema', 'PROCESSLIST', 'TIME_MS', 9, '0', 'NO', 'bigint', NULL, NULL, 19, 0, NULL, NULL, 'bigint(21)', '', '', 'select', ''),
('def', 'information_schema', 'PROCESSLIST', 'ROWS_SENT', 10, '0', 'NO', 'bigint', NULL, NULL, 20, 0, NULL, NULL, 'bigint(21) unsigned', '', '', 'select', ''),
('def', 'information_schema', 'PROCESSLIST', 'ROWS_EXAMINED', 11, '0', 'NO', 'bigint', NULL, NULL, 20, 0, NULL, NULL, 'bigint(21) unsigned', '', '', 'select', ''),
('def', 'information_schema', 'PROCESSLIST', 'ROWS_READ', 12, '0', 'NO', 'bigint', NULL, NULL, 20, 0, NULL, NULL, 'bigint(21) unsigned', '', '', 'select', ''),
('def', 'information_schema', 'PROFILING', 'QUERY_ID', 1, '0', 'NO', 'int', NULL, NULL, 10, 0, NULL, NULL, 'int(20)', '', '', 'select', ''),
('def', 'information_schema', 'PROFILING', 'SEQ', 2, '0', 'NO', 'int', NULL, NULL, 10, 0, NULL, NULL, 'int(20)', '', '', 'select', ''),
('def', 'information_schema', 'PROFILING', 'STATE', 3, '', 'NO', 'varchar', 30, 90, NULL, NULL, 'utf8', 'utf8_general_ci', 'varchar(30)', '', '', 'select', ''),
('def', 'information_schema', 'PROFILING', 'DURATION', 4, '0.000000', 'NO', 'decimal', NULL, NULL, 9, 6, NULL, NULL, 'decimal(9,6)', '', '', 'select', ''),
('def', 'information_schema', 'PROFILING', 'CPU_USER', 5, NULL, 'YES', 'decimal', NULL, NULL, 9, 6, NULL, NULL, 'decimal(9,6)', '', '', 'select', ''),
('def', 'information_schema', 'PROFILING', 'CPU_SYSTEM', 6, NULL, 'YES', 'decimal', NULL, NULL, 9, 6, NULL, NULL, 'decimal(9,6)', '', '', 'select', ''),
('def', 'information_schema', 'PROFILING', 'CONTEXT_VOLUNTARY', 7, NULL, 'YES', 'int', NULL, NULL, 10, 0, NULL, NULL, 'int(20)', '', '', 'select', ''),
('def', 'information_schema', 'PROFILING', 'CONTEXT_INVOLUNTARY', 8, NULL, 'YES', 'int', NULL, NULL, 10, 0, NULL, NULL, 'int(20)', '', '', 'select', ''),
('def', 'information_schema', 'PROFILING', 'BLOCK_OPS_IN', 9, NULL, 'YES', 'int', NULL, NULL, 10, 0, NULL, NULL, 'int(20)', '', '', 'select', ''),
('def', 'information_schema', 'PROFILING', 'BLOCK_OPS_OUT', 10, NULL, 'YES', 'int', NULL, NULL, 10, 0, NULL, NULL, 'int(20)', '', '', 'select', ''),
('def', 'information_schema', 'PROFILING', 'MESSAGES_SENT', 11, NULL, 'YES', 'int', NULL, NULL, 10, 0, NULL, NULL, 'int(20)', '', '', 'select', ''),
('def', 'information_schema', 'PROFILING', 'MESSAGES_RECEIVED', 12, NULL, 'YES', 'int', NULL, NULL, 10, 0, NULL, NULL, 'int(20)', '', '', 'select', ''),
('def', 'information_schema', 'PROFILING', 'PAGE_FAULTS_MAJOR', 13, NULL, 'YES', 'int', NULL, NULL, 10, 0, NULL, NULL, 'int(20)', '', '', 'select', ''),
('def', 'information_schema', 'PROFILING', 'PAGE_FAULTS_MINOR', 14, NULL, 'YES', 'int', NULL, NULL, 10, 0, NULL, NULL, 'int(20)', '', '', 'select', ''),
('def', 'information_schema', 'PROFILING', 'SWAPS', 15, NULL, 'YES', 'int', NULL, NULL, 10, 0, NULL, NULL, 'int(20)', '', '', 'select', ''),
('def', 'information_schema', 'PROFILING', 'SOURCE_FUNCTION', 16, NULL, 'YES', 'varchar', 30, 90, NULL, NULL, 'utf8', 'utf8_general_ci', 'varchar(30)', '', '', 'select', ''),
('def', 'information_schema', 'PROFILING', 'SOURCE_FILE', 17, NULL, 'YES', 'varchar', 20, 60, NULL, NULL, 'utf8', 'utf8_general_ci', 'varchar(20)', '', '', 'select', ''),
('def', 'information_schema', 'PROFILING', 'SOURCE_LINE', 18, NULL, 'YES', 'int', NULL, NULL, 10, 0, NULL, NULL, 'int(20)', '', '', 'select', ''),
('def', 'information_schema', 'REFERENTIAL_CONSTRAINTS', 'CONSTRAINT_CATALOG', 1, '', 'NO', 'varchar', 512, 1536, NULL, NULL, 'utf8', 'utf8_general_ci', 'varchar(512)', '', '', 'select', ''),
('def', 'information_schema', 'REFERENTIAL_CONSTRAINTS', 'CONSTRAINT_SCHEMA', 2, '', 'NO', 'varchar', 64, 192, NULL, NULL, 'utf8', 'utf8_general_ci', 'varchar(64)', '', '', 'select', ''),
('def', 'information_schema', 'REFERENTIAL_CONSTRAINTS', 'CONSTRAINT_NAME', 3, '', 'NO', 'varchar', 64, 192, NULL, NULL, 'utf8', 'utf8_general_ci', 'varchar(64)', '', '', 'select', ''),
('def', 'information_schema', 'REFERENTIAL_CONSTRAINTS', 'UNIQUE_CONSTRAINT_CATALOG', 4, '', 'NO', 'varchar', 512, 1536, NULL, NULL, 'utf8', 'utf8_general_ci', 'varchar(512)', '', '', 'select', ''),
('def', 'information_schema', 'REFERENTIAL_CONSTRAINTS', 'UNIQUE_CONSTRAINT_SCHEMA', 5, '', 'NO', 'varchar', 64, 192, NULL, NULL, 'utf8', 'utf8_general_ci', 'varchar(64)', '', '', 'select', ''),
('def', 'information_schema', 'REFERENTIAL_CONSTRAINTS', 'UNIQUE_CONSTRAINT_NAME', 6, NULL, 'YES', 'varchar', 64, 192, NULL, NULL, 'utf8', 'utf8_general_ci', 'varchar(64)', '', '', 'select', ''),
('def', 'information_schema', 'REFERENTIAL_CONSTRAINTS', 'MATCH_OPTION', 7, '', 'NO', 'varchar', 64, 192, NULL, NULL, 'utf8', 'utf8_general_ci', 'varchar(64)', '', '', 'select', ''),
('def', 'information_schema', 'REFERENTIAL_CONSTRAINTS', 'UPDATE_RULE', 8, '', 'NO', 'varchar', 64, 192, NULL, NULL, 'utf8', 'utf8_general_ci', 'varchar(64)', '', '', 'select', ''),
('def', 'information_schema', 'REFERENTIAL_CONSTRAINTS', 'DELETE_RULE', 9, '', 'NO', 'varchar', 64, 192, NULL, NULL, 'utf8', 'utf8_general_ci', 'varchar(64)', '', '', 'select', ''),
('def', 'information_schema', 'REFERENTIAL_CONSTRAINTS', 'TABLE_NAME', 10, '', 'NO', 'varchar', 64, 192, NULL, NULL, 'utf8', 'utf8_general_ci', 'varchar(64)', '', '', 'select', ''),
('def', 'information_schema', 'REFERENTIAL_CONSTRAINTS', 'REFERENCED_TABLE_NAME', 11, '', 'NO', 'varchar', 64, 192, NULL, NULL, 'utf8', 'utf8_general_ci', 'varchar(64)', '', '', 'select', ''),
('def', 'information_schema', 'ROUTINES', 'SPECIFIC_NAME', 1, '', 'NO', 'varchar', 64, 192, NULL, NULL, 'utf8', 'utf8_general_ci', 'varchar(64)', '', '', 'select', ''),
('def', 'information_schema', 'ROUTINES', 'ROUTINE_CATALOG', 2, '', 'NO', 'varchar', 512, 1536, NULL, NULL, 'utf8', 'utf8_general_ci', 'varchar(512)', '', '', 'select', ''),
('def', 'information_schema', 'ROUTINES', 'ROUTINE_SCHEMA', 3, '', 'NO', 'varchar', 64, 192, NULL, NULL, 'utf8', 'utf8_general_ci', 'varchar(64)', '', '', 'select', ''),
('def', 'information_schema', 'ROUTINES', 'ROUTINE_NAME', 4, '', 'NO', 'varchar', 64, 192, NULL, NULL, 'utf8', 'utf8_general_ci', 'varchar(64)', '', '', 'select', ''),
('def', 'information_schema', 'ROUTINES', 'ROUTINE_TYPE', 5, '', 'NO', 'varchar', 9, 27, NULL, NULL, 'utf8', 'utf8_general_ci', 'varchar(9)', '', '', 'select', ''),
('def', 'information_schema', 'ROUTINES', 'DATA_TYPE', 6, '', 'NO', 'varchar', 64, 192, NULL, NULL, 'utf8', 'utf8_general_ci', 'varchar(64)', '', '', 'select', ''),
('def', 'information_schema', 'ROUTINES', 'CHARACTER_MAXIMUM_LENGTH', 7, NULL, 'YES', 'int', NULL, NULL, 10, 0, NULL, NULL, 'int(21)', '', '', 'select', ''),
('def', 'information_schema', 'ROUTINES', 'CHARACTER_OCTET_LENGTH', 8, NULL, 'YES', 'int', NULL, NULL, 10, 0, NULL, NULL, 'int(21)', '', '', 'select', ''),
('def', 'information_schema', 'ROUTINES', 'NUMERIC_PRECISION', 9, NULL, 'YES', 'int', NULL, NULL, 10, 0, NULL, NULL, 'int(21)', '', '', 'select', ''),
('def', 'information_schema', 'ROUTINES', 'NUMERIC_SCALE', 10, NULL, 'YES', 'int', NULL, NULL, 10, 0, NULL, NULL, 'int(21)', '', '', 'select', ''),
('def', 'information_schema', 'ROUTINES', 'CHARACTER_SET_NAME', 11, NULL, 'YES', 'varchar', 64, 192, NULL, NULL, 'utf8', 'utf8_general_ci', 'varchar(64)', '', '', 'select', ''),
('def', 'information_schema', 'ROUTINES', 'COLLATION_NAME', 12, NULL, 'YES', 'varchar', 64, 192, NULL, NULL, 'utf8', 'utf8_general_ci', 'varchar(64)', '', '', 'select', ''),
('def', 'information_schema', 'ROUTINES', 'DTD_IDENTIFIER', 13, NULL, 'YES', 'longtext', 4294967295, 4294967295, NULL, NULL, 'utf8', 'utf8_general_ci', 'longtext', '', '', 'select', ''),
('def', 'information_schema', 'ROUTINES', 'ROUTINE_BODY', 14, '', 'NO', 'varchar', 8, 24, NULL, NULL, 'utf8', 'utf8_general_ci', 'varchar(8)', '', '', 'select', ''),
('def', 'information_schema', 'ROUTINES', 'ROUTINE_DEFINITION', 15, NULL, 'YES', 'longtext', 4294967295, 4294967295, NULL, NULL, 'utf8', 'utf8_general_ci', 'longtext', '', '', 'select', ''),
('def', 'information_schema', 'ROUTINES', 'EXTERNAL_NAME', 16, NULL, 'YES', 'varchar', 64, 192, NULL, NULL, 'utf8', 'utf8_general_ci', 'varchar(64)', '', '', 'select', ''),
('def', 'information_schema', 'ROUTINES', 'EXTERNAL_LANGUAGE', 17, NULL, 'YES', 'varchar', 64, 192, NULL, NULL, 'utf8', 'utf8_general_ci', 'varchar(64)', '', '', 'select', ''),
('def', 'information_schema', 'ROUTINES', 'PARAMETER_STYLE', 18, '', 'NO', 'varchar', 8, 24, NULL, NULL, 'utf8', 'utf8_general_ci', 'varchar(8)', '', '', 'select', ''),
('def', 'information_schema', 'ROUTINES', 'IS_DETERMINISTIC', 19, '', 'NO', 'varchar', 3, 9, NULL, NULL, 'utf8', 'utf8_general_ci', 'varchar(3)', '', '', 'select', ''),
('def', 'information_schema', 'ROUTINES', 'SQL_DATA_ACCESS', 20, '', 'NO', 'varchar', 64, 192, NULL, NULL, 'utf8', 'utf8_general_ci', 'varchar(64)', '', '', 'select', ''),
('def', 'information_schema', 'ROUTINES', 'SQL_PATH', 21, NULL, 'YES', 'varchar', 64, 192, NULL, NULL, 'utf8', 'utf8_general_ci', 'varchar(64)', '', '', 'select', ''),
('def', 'information_schema', 'ROUTINES', 'SECURITY_TYPE', 22, '', 'NO', 'varchar', 7, 21, NULL, NULL, 'utf8', 'utf8_general_ci', 'varchar(7)', '', '', 'select', ''),
('def', 'information_schema', 'ROUTINES', 'CREATED', 23, '0000-00-00 00:00:00', 'NO', 'datetime', NULL, NULL, NULL, NULL, NULL, NULL, 'datetime', '', '', 'select', ''),
('def', 'information_schema', 'ROUTINES', 'LAST_ALTERED', 24, '0000-00-00 00:00:00', 'NO', 'datetime', NULL, NULL, NULL, NULL, NULL, NULL, 'datetime', '', '', 'select', ''),
('def', 'information_schema', 'ROUTINES', 'SQL_MODE', 25, '', 'NO', 'varchar', 8192, 24576, NULL, NULL, 'utf8', 'utf8_general_ci', 'varchar(8192)', '', '', 'select', ''),
('def', 'information_schema', 'ROUTINES', 'ROUTINE_COMMENT', 26, NULL, 'NO', 'longtext', 4294967295, 4294967295, NULL, NULL, 'utf8', 'utf8_general_ci', 'longtext', '', '', 'select', ''),
('def', 'information_schema', 'ROUTINES', 'DEFINER', 27, '', 'NO', 'varchar', 77, 231, NULL, NULL, 'utf8', 'utf8_general_ci', 'varchar(77)', '', '', 'select', ''),
('def', 'information_schema', 'ROUTINES', 'CHARACTER_SET_CLIENT', 28, '', 'NO', 'varchar', 32, 96, NULL, NULL, 'utf8', 'utf8_general_ci', 'varchar(32)', '', '', 'select', ''),
('def', 'information_schema', 'ROUTINES', 'COLLATION_CONNECTION', 29, '', 'NO', 'varchar', 32, 96, NULL, NULL, 'utf8', 'utf8_general_ci', 'varchar(32)', '', '', 'select', ''),
('def', 'information_schema', 'ROUTINES', 'DATABASE_COLLATION', 30, '', 'NO', 'varchar', 32, 96, NULL, NULL, 'utf8', 'utf8_general_ci', 'varchar(32)', '', '', 'select', ''),
('def', 'information_schema', 'QUERY_RESPONSE_TIME', 'time', 1, '', 'NO', 'varchar', 14, 42, NULL, NULL, 'utf8', 'utf8_general_ci', 'varchar(14)', '', '', 'select', ''),
('def', 'information_schema', 'QUERY_RESPONSE_TIME', 'count', 2, '0', 'NO', 'int', NULL, NULL, 10, 0, NULL, NULL, 'int(11) unsigned', '', '', 'select', ''),
('def', 'information_schema', 'QUERY_RESPONSE_TIME', 'total', 3, '', 'NO', 'varchar', 14, 42, NULL, NULL, 'utf8', 'utf8_general_ci', 'varchar(14)', '', '', 'select', ''),
('def', 'information_schema', 'SCHEMATA', 'CATALOG_NAME', 1, '', 'NO', 'varchar', 512, 1536, NULL, NULL, 'utf8', 'utf8_general_ci', 'varchar(512)', '', '', 'select', ''),
('def', 'information_schema', 'SCHEMATA', 'SCHEMA_NAME', 2, '', 'NO', 'varchar', 64, 192, NULL, NULL, 'utf8', 'utf8_general_ci', 'varchar(64)', '', '', 'select', ''),
('def', 'information_schema', 'SCHEMATA', 'DEFAULT_CHARACTER_SET_NAME', 3, '', 'NO', 'varchar', 32, 96, NULL, NULL, 'utf8', 'utf8_general_ci', 'varchar(32)', '', '', 'select', ''),
('def', 'information_schema', 'SCHEMATA', 'DEFAULT_COLLATION_NAME', 4, '', 'NO', 'varchar', 32, 96, NULL, NULL, 'utf8', 'utf8_general_ci', 'varchar(32)', '', '', 'select', ''),
('def', 'information_schema', 'SCHEMATA', 'SQL_PATH', 5, NULL, 'YES', 'varchar', 512, 1536, NULL, NULL, 'utf8', 'utf8_general_ci', 'varchar(512)', '', '', 'select', ''),
('def', 'information_schema', 'SCHEMA_PRIVILEGES', 'GRANTEE', 1, '', 'NO', 'varchar', 81, 243, NULL, NULL, 'utf8', 'utf8_general_ci', 'varchar(81)', '', '', 'select', ''),
('def', 'information_schema', 'SCHEMA_PRIVILEGES', 'TABLE_CATALOG', 2, '', 'NO', 'varchar', 512, 1536, NULL, NULL, 'utf8', 'utf8_general_ci', 'varchar(512)', '', '', 'select', ''),
('def', 'information_schema', 'SCHEMA_PRIVILEGES', 'TABLE_SCHEMA', 3, '', 'NO', 'varchar', 64, 192, NULL, NULL, 'utf8', 'utf8_general_ci', 'varchar(64)', '', '', 'select', ''),
('def', 'information_schema', 'SCHEMA_PRIVILEGES', 'PRIVILEGE_TYPE', 4, '', 'NO', 'varchar', 64, 192, NULL, NULL, 'utf8', 'utf8_general_ci', 'varchar(64)', '', '', 'select', ''),
('def', 'information_schema', 'SCHEMA_PRIVILEGES', 'IS_GRANTABLE', 5, '', 'NO', 'varchar', 3, 9, NULL, NULL, 'utf8', 'utf8_general_ci', 'varchar(3)', '', '', 'select', ''),
('def', 'information_schema', 'SESSION_STATUS', 'VARIABLE_NAME', 1, '', 'NO', 'varchar', 64, 192, NULL, NULL, 'utf8', 'utf8_general_ci', 'varchar(64)', '', '', 'select', ''),
('def', 'information_schema', 'SESSION_STATUS', 'VARIABLE_VALUE', 2, NULL, 'YES', 'varchar', 1024, 3072, NULL, NULL, 'utf8', 'utf8_general_ci', 'varchar(1024)', '', '', 'select', ''),
('def', 'information_schema', 'SESSION_VARIABLES', 'VARIABLE_NAME', 1, '', 'NO', 'varchar', 64, 192, NULL, NULL, 'utf8', 'utf8_general_ci', 'varchar(64)', '', '', 'select', ''),
('def', 'information_schema', 'SESSION_VARIABLES', 'VARIABLE_VALUE', 2, NULL, 'YES', 'varchar', 1024, 3072, NULL, NULL, 'utf8', 'utf8_general_ci', 'varchar(1024)', '', '', 'select', '');
INSERT INTO `COLUMNS` (`TABLE_CATALOG`, `TABLE_SCHEMA`, `TABLE_NAME`, `COLUMN_NAME`, `ORDINAL_POSITION`, `COLUMN_DEFAULT`, `IS_NULLABLE`, `DATA_TYPE`, `CHARACTER_MAXIMUM_LENGTH`, `CHARACTER_OCTET_LENGTH`, `NUMERIC_PRECISION`, `NUMERIC_SCALE`, `CHARACTER_SET_NAME`, `COLLATION_NAME`, `COLUMN_TYPE`, `COLUMN_KEY`, `EXTRA`, `PRIVILEGES`, `COLUMN_COMMENT`) VALUES
('def', 'information_schema', 'STATISTICS', 'TABLE_CATALOG', 1, '', 'NO', 'varchar', 512, 1536, NULL, NULL, 'utf8', 'utf8_general_ci', 'varchar(512)', '', '', 'select', ''),
('def', 'information_schema', 'STATISTICS', 'TABLE_SCHEMA', 2, '', 'NO', 'varchar', 64, 192, NULL, NULL, 'utf8', 'utf8_general_ci', 'varchar(64)', '', '', 'select', ''),
('def', 'information_schema', 'STATISTICS', 'TABLE_NAME', 3, '', 'NO', 'varchar', 64, 192, NULL, NULL, 'utf8', 'utf8_general_ci', 'varchar(64)', '', '', 'select', ''),
('def', 'information_schema', 'STATISTICS', 'NON_UNIQUE', 4, '0', 'NO', 'bigint', NULL, NULL, 19, 0, NULL, NULL, 'bigint(1)', '', '', 'select', ''),
('def', 'information_schema', 'STATISTICS', 'INDEX_SCHEMA', 5, '', 'NO', 'varchar', 64, 192, NULL, NULL, 'utf8', 'utf8_general_ci', 'varchar(64)', '', '', 'select', ''),
('def', 'information_schema', 'STATISTICS', 'INDEX_NAME', 6, '', 'NO', 'varchar', 64, 192, NULL, NULL, 'utf8', 'utf8_general_ci', 'varchar(64)', '', '', 'select', ''),
('def', 'information_schema', 'STATISTICS', 'SEQ_IN_INDEX', 7, '0', 'NO', 'bigint', NULL, NULL, 19, 0, NULL, NULL, 'bigint(2)', '', '', 'select', ''),
('def', 'information_schema', 'STATISTICS', 'COLUMN_NAME', 8, '', 'NO', 'varchar', 64, 192, NULL, NULL, 'utf8', 'utf8_general_ci', 'varchar(64)', '', '', 'select', ''),
('def', 'information_schema', 'STATISTICS', 'COLLATION', 9, NULL, 'YES', 'varchar', 1, 3, NULL, NULL, 'utf8', 'utf8_general_ci', 'varchar(1)', '', '', 'select', ''),
('def', 'information_schema', 'STATISTICS', 'CARDINALITY', 10, NULL, 'YES', 'bigint', NULL, NULL, 19, 0, NULL, NULL, 'bigint(21)', '', '', 'select', ''),
('def', 'information_schema', 'STATISTICS', 'SUB_PART', 11, NULL, 'YES', 'bigint', NULL, NULL, 19, 0, NULL, NULL, 'bigint(3)', '', '', 'select', ''),
('def', 'information_schema', 'STATISTICS', 'PACKED', 12, NULL, 'YES', 'varchar', 10, 30, NULL, NULL, 'utf8', 'utf8_general_ci', 'varchar(10)', '', '', 'select', ''),
('def', 'information_schema', 'STATISTICS', 'NULLABLE', 13, '', 'NO', 'varchar', 3, 9, NULL, NULL, 'utf8', 'utf8_general_ci', 'varchar(3)', '', '', 'select', ''),
('def', 'information_schema', 'STATISTICS', 'INDEX_TYPE', 14, '', 'NO', 'varchar', 16, 48, NULL, NULL, 'utf8', 'utf8_general_ci', 'varchar(16)', '', '', 'select', ''),
('def', 'information_schema', 'STATISTICS', 'COMMENT', 15, NULL, 'YES', 'varchar', 16, 48, NULL, NULL, 'utf8', 'utf8_general_ci', 'varchar(16)', '', '', 'select', ''),
('def', 'information_schema', 'STATISTICS', 'INDEX_COMMENT', 16, '', 'NO', 'varchar', 1024, 3072, NULL, NULL, 'utf8', 'utf8_general_ci', 'varchar(1024)', '', '', 'select', ''),
('def', 'information_schema', 'TABLES', 'TABLE_CATALOG', 1, '', 'NO', 'varchar', 512, 1536, NULL, NULL, 'utf8', 'utf8_general_ci', 'varchar(512)', '', '', 'select', ''),
('def', 'information_schema', 'TABLES', 'TABLE_SCHEMA', 2, '', 'NO', 'varchar', 64, 192, NULL, NULL, 'utf8', 'utf8_general_ci', 'varchar(64)', '', '', 'select', ''),
('def', 'information_schema', 'TABLES', 'TABLE_NAME', 3, '', 'NO', 'varchar', 64, 192, NULL, NULL, 'utf8', 'utf8_general_ci', 'varchar(64)', '', '', 'select', ''),
('def', 'information_schema', 'TABLES', 'TABLE_TYPE', 4, '', 'NO', 'varchar', 64, 192, NULL, NULL, 'utf8', 'utf8_general_ci', 'varchar(64)', '', '', 'select', ''),
('def', 'information_schema', 'TABLES', 'ENGINE', 5, NULL, 'YES', 'varchar', 64, 192, NULL, NULL, 'utf8', 'utf8_general_ci', 'varchar(64)', '', '', 'select', ''),
('def', 'information_schema', 'TABLES', 'VERSION', 6, NULL, 'YES', 'bigint', NULL, NULL, 20, 0, NULL, NULL, 'bigint(21) unsigned', '', '', 'select', ''),
('def', 'information_schema', 'TABLES', 'ROW_FORMAT', 7, NULL, 'YES', 'varchar', 10, 30, NULL, NULL, 'utf8', 'utf8_general_ci', 'varchar(10)', '', '', 'select', ''),
('def', 'information_schema', 'TABLES', 'TABLE_ROWS', 8, NULL, 'YES', 'bigint', NULL, NULL, 20, 0, NULL, NULL, 'bigint(21) unsigned', '', '', 'select', ''),
('def', 'information_schema', 'TABLES', 'AVG_ROW_LENGTH', 9, NULL, 'YES', 'bigint', NULL, NULL, 20, 0, NULL, NULL, 'bigint(21) unsigned', '', '', 'select', ''),
('def', 'information_schema', 'TABLES', 'DATA_LENGTH', 10, NULL, 'YES', 'bigint', NULL, NULL, 20, 0, NULL, NULL, 'bigint(21) unsigned', '', '', 'select', ''),
('def', 'information_schema', 'TABLES', 'MAX_DATA_LENGTH', 11, NULL, 'YES', 'bigint', NULL, NULL, 20, 0, NULL, NULL, 'bigint(21) unsigned', '', '', 'select', ''),
('def', 'information_schema', 'TABLES', 'INDEX_LENGTH', 12, NULL, 'YES', 'bigint', NULL, NULL, 20, 0, NULL, NULL, 'bigint(21) unsigned', '', '', 'select', ''),
('def', 'information_schema', 'TABLES', 'DATA_FREE', 13, NULL, 'YES', 'bigint', NULL, NULL, 20, 0, NULL, NULL, 'bigint(21) unsigned', '', '', 'select', ''),
('def', 'information_schema', 'TABLES', 'AUTO_INCREMENT', 14, NULL, 'YES', 'bigint', NULL, NULL, 20, 0, NULL, NULL, 'bigint(21) unsigned', '', '', 'select', ''),
('def', 'information_schema', 'TABLES', 'CREATE_TIME', 15, NULL, 'YES', 'datetime', NULL, NULL, NULL, NULL, NULL, NULL, 'datetime', '', '', 'select', ''),
('def', 'information_schema', 'TABLES', 'UPDATE_TIME', 16, NULL, 'YES', 'datetime', NULL, NULL, NULL, NULL, NULL, NULL, 'datetime', '', '', 'select', ''),
('def', 'information_schema', 'TABLES', 'CHECK_TIME', 17, NULL, 'YES', 'datetime', NULL, NULL, NULL, NULL, NULL, NULL, 'datetime', '', '', 'select', ''),
('def', 'information_schema', 'TABLES', 'TABLE_COLLATION', 18, NULL, 'YES', 'varchar', 32, 96, NULL, NULL, 'utf8', 'utf8_general_ci', 'varchar(32)', '', '', 'select', ''),
('def', 'information_schema', 'TABLES', 'CHECKSUM', 19, NULL, 'YES', 'bigint', NULL, NULL, 20, 0, NULL, NULL, 'bigint(21) unsigned', '', '', 'select', ''),
('def', 'information_schema', 'TABLES', 'CREATE_OPTIONS', 20, NULL, 'YES', 'varchar', 255, 765, NULL, NULL, 'utf8', 'utf8_general_ci', 'varchar(255)', '', '', 'select', ''),
('def', 'information_schema', 'TABLES', 'TABLE_COMMENT', 21, '', 'NO', 'varchar', 2048, 6144, NULL, NULL, 'utf8', 'utf8_general_ci', 'varchar(2048)', '', '', 'select', ''),
('def', 'information_schema', 'TABLESPACES', 'TABLESPACE_NAME', 1, '', 'NO', 'varchar', 64, 192, NULL, NULL, 'utf8', 'utf8_general_ci', 'varchar(64)', '', '', 'select', ''),
('def', 'information_schema', 'TABLESPACES', 'ENGINE', 2, '', 'NO', 'varchar', 64, 192, NULL, NULL, 'utf8', 'utf8_general_ci', 'varchar(64)', '', '', 'select', ''),
('def', 'information_schema', 'TABLESPACES', 'TABLESPACE_TYPE', 3, NULL, 'YES', 'varchar', 64, 192, NULL, NULL, 'utf8', 'utf8_general_ci', 'varchar(64)', '', '', 'select', ''),
('def', 'information_schema', 'TABLESPACES', 'LOGFILE_GROUP_NAME', 4, NULL, 'YES', 'varchar', 64, 192, NULL, NULL, 'utf8', 'utf8_general_ci', 'varchar(64)', '', '', 'select', ''),
('def', 'information_schema', 'TABLESPACES', 'EXTENT_SIZE', 5, NULL, 'YES', 'bigint', NULL, NULL, 20, 0, NULL, NULL, 'bigint(21) unsigned', '', '', 'select', ''),
('def', 'information_schema', 'TABLESPACES', 'AUTOEXTEND_SIZE', 6, NULL, 'YES', 'bigint', NULL, NULL, 20, 0, NULL, NULL, 'bigint(21) unsigned', '', '', 'select', ''),
('def', 'information_schema', 'TABLESPACES', 'MAXIMUM_SIZE', 7, NULL, 'YES', 'bigint', NULL, NULL, 20, 0, NULL, NULL, 'bigint(21) unsigned', '', '', 'select', ''),
('def', 'information_schema', 'TABLESPACES', 'NODEGROUP_ID', 8, NULL, 'YES', 'bigint', NULL, NULL, 20, 0, NULL, NULL, 'bigint(21) unsigned', '', '', 'select', ''),
('def', 'information_schema', 'TABLESPACES', 'TABLESPACE_COMMENT', 9, NULL, 'YES', 'varchar', 2048, 6144, NULL, NULL, 'utf8', 'utf8_general_ci', 'varchar(2048)', '', '', 'select', ''),
('def', 'information_schema', 'TABLE_CONSTRAINTS', 'CONSTRAINT_CATALOG', 1, '', 'NO', 'varchar', 512, 1536, NULL, NULL, 'utf8', 'utf8_general_ci', 'varchar(512)', '', '', 'select', ''),
('def', 'information_schema', 'TABLE_CONSTRAINTS', 'CONSTRAINT_SCHEMA', 2, '', 'NO', 'varchar', 64, 192, NULL, NULL, 'utf8', 'utf8_general_ci', 'varchar(64)', '', '', 'select', ''),
('def', 'information_schema', 'TABLE_CONSTRAINTS', 'CONSTRAINT_NAME', 3, '', 'NO', 'varchar', 64, 192, NULL, NULL, 'utf8', 'utf8_general_ci', 'varchar(64)', '', '', 'select', ''),
('def', 'information_schema', 'TABLE_CONSTRAINTS', 'TABLE_SCHEMA', 4, '', 'NO', 'varchar', 64, 192, NULL, NULL, 'utf8', 'utf8_general_ci', 'varchar(64)', '', '', 'select', ''),
('def', 'information_schema', 'TABLE_CONSTRAINTS', 'TABLE_NAME', 5, '', 'NO', 'varchar', 64, 192, NULL, NULL, 'utf8', 'utf8_general_ci', 'varchar(64)', '', '', 'select', ''),
('def', 'information_schema', 'TABLE_CONSTRAINTS', 'CONSTRAINT_TYPE', 6, '', 'NO', 'varchar', 64, 192, NULL, NULL, 'utf8', 'utf8_general_ci', 'varchar(64)', '', '', 'select', ''),
('def', 'information_schema', 'TABLE_PRIVILEGES', 'GRANTEE', 1, '', 'NO', 'varchar', 81, 243, NULL, NULL, 'utf8', 'utf8_general_ci', 'varchar(81)', '', '', 'select', ''),
('def', 'information_schema', 'TABLE_PRIVILEGES', 'TABLE_CATALOG', 2, '', 'NO', 'varchar', 512, 1536, NULL, NULL, 'utf8', 'utf8_general_ci', 'varchar(512)', '', '', 'select', ''),
('def', 'information_schema', 'TABLE_PRIVILEGES', 'TABLE_SCHEMA', 3, '', 'NO', 'varchar', 64, 192, NULL, NULL, 'utf8', 'utf8_general_ci', 'varchar(64)', '', '', 'select', ''),
('def', 'information_schema', 'TABLE_PRIVILEGES', 'TABLE_NAME', 4, '', 'NO', 'varchar', 64, 192, NULL, NULL, 'utf8', 'utf8_general_ci', 'varchar(64)', '', '', 'select', ''),
('def', 'information_schema', 'TABLE_PRIVILEGES', 'PRIVILEGE_TYPE', 5, '', 'NO', 'varchar', 64, 192, NULL, NULL, 'utf8', 'utf8_general_ci', 'varchar(64)', '', '', 'select', ''),
('def', 'information_schema', 'TABLE_PRIVILEGES', 'IS_GRANTABLE', 6, '', 'NO', 'varchar', 3, 9, NULL, NULL, 'utf8', 'utf8_general_ci', 'varchar(3)', '', '', 'select', ''),
('def', 'information_schema', 'TABLE_STATISTICS', 'TABLE_SCHEMA', 1, '', 'NO', 'varchar', 192, 576, NULL, NULL, 'utf8', 'utf8_general_ci', 'varchar(192)', '', '', 'select', ''),
('def', 'information_schema', 'TABLE_STATISTICS', 'TABLE_NAME', 2, '', 'NO', 'varchar', 192, 576, NULL, NULL, 'utf8', 'utf8_general_ci', 'varchar(192)', '', '', 'select', ''),
('def', 'information_schema', 'TABLE_STATISTICS', 'ROWS_READ', 3, '0', 'NO', 'bigint', NULL, NULL, 20, 0, NULL, NULL, 'bigint(21) unsigned', '', '', 'select', ''),
('def', 'information_schema', 'TABLE_STATISTICS', 'ROWS_CHANGED', 4, '0', 'NO', 'bigint', NULL, NULL, 20, 0, NULL, NULL, 'bigint(21) unsigned', '', '', 'select', ''),
('def', 'information_schema', 'TABLE_STATISTICS', 'ROWS_CHANGED_X_INDEXES', 5, '0', 'NO', 'bigint', NULL, NULL, 20, 0, NULL, NULL, 'bigint(21) unsigned', '', '', 'select', ''),
('def', 'information_schema', 'TEMPORARY_TABLES', 'SESSION_ID', 1, '0', 'NO', 'bigint', NULL, NULL, 19, 0, NULL, NULL, 'bigint(4)', '', '', 'select', ''),
('def', 'information_schema', 'TEMPORARY_TABLES', 'TABLE_SCHEMA', 2, '', 'NO', 'varchar', 64, 192, NULL, NULL, 'utf8', 'utf8_general_ci', 'varchar(64)', '', '', 'select', ''),
('def', 'information_schema', 'TEMPORARY_TABLES', 'TABLE_NAME', 3, '', 'NO', 'varchar', 64, 192, NULL, NULL, 'utf8', 'utf8_general_ci', 'varchar(64)', '', '', 'select', ''),
('def', 'information_schema', 'TEMPORARY_TABLES', 'ENGINE', 4, '', 'NO', 'varchar', 64, 192, NULL, NULL, 'utf8', 'utf8_general_ci', 'varchar(64)', '', '', 'select', ''),
('def', 'information_schema', 'TEMPORARY_TABLES', 'NAME', 5, '', 'NO', 'varchar', 512, 1536, NULL, NULL, 'utf8', 'utf8_general_ci', 'varchar(512)', '', '', 'select', ''),
('def', 'information_schema', 'TEMPORARY_TABLES', 'TABLE_ROWS', 6, '0', 'NO', 'bigint', NULL, NULL, 20, 0, NULL, NULL, 'bigint(21) unsigned', '', '', 'select', ''),
('def', 'information_schema', 'TEMPORARY_TABLES', 'AVG_ROW_LENGTH', 7, '0', 'NO', 'bigint', NULL, NULL, 20, 0, NULL, NULL, 'bigint(21) unsigned', '', '', 'select', ''),
('def', 'information_schema', 'TEMPORARY_TABLES', 'DATA_LENGTH', 8, '0', 'NO', 'bigint', NULL, NULL, 20, 0, NULL, NULL, 'bigint(21) unsigned', '', '', 'select', ''),
('def', 'information_schema', 'TEMPORARY_TABLES', 'INDEX_LENGTH', 9, '0', 'NO', 'bigint', NULL, NULL, 20, 0, NULL, NULL, 'bigint(21) unsigned', '', '', 'select', ''),
('def', 'information_schema', 'TEMPORARY_TABLES', 'CREATE_TIME', 10, NULL, 'YES', 'datetime', NULL, NULL, NULL, NULL, NULL, NULL, 'datetime', '', '', 'select', ''),
('def', 'information_schema', 'TEMPORARY_TABLES', 'UPDATE_TIME', 11, NULL, 'YES', 'datetime', NULL, NULL, NULL, NULL, NULL, NULL, 'datetime', '', '', 'select', ''),
('def', 'information_schema', 'THREAD_STATISTICS', 'THREAD_ID', 1, '0', 'NO', 'bigint', NULL, NULL, 20, 0, NULL, NULL, 'bigint(21) unsigned', '', '', 'select', ''),
('def', 'information_schema', 'THREAD_STATISTICS', 'TOTAL_CONNECTIONS', 2, '0', 'NO', 'bigint', NULL, NULL, 20, 0, NULL, NULL, 'bigint(21) unsigned', '', '', 'select', ''),
('def', 'information_schema', 'THREAD_STATISTICS', 'CONCURRENT_CONNECTIONS', 3, '0', 'NO', 'bigint', NULL, NULL, 20, 0, NULL, NULL, 'bigint(21) unsigned', '', '', 'select', ''),
('def', 'information_schema', 'THREAD_STATISTICS', 'CONNECTED_TIME', 4, '0', 'NO', 'bigint', NULL, NULL, 20, 0, NULL, NULL, 'bigint(21) unsigned', '', '', 'select', ''),
('def', 'information_schema', 'THREAD_STATISTICS', 'BUSY_TIME', 5, '0', 'NO', 'bigint', NULL, NULL, 20, 0, NULL, NULL, 'bigint(21) unsigned', '', '', 'select', ''),
('def', 'information_schema', 'THREAD_STATISTICS', 'CPU_TIME', 6, '0', 'NO', 'bigint', NULL, NULL, 20, 0, NULL, NULL, 'bigint(21) unsigned', '', '', 'select', ''),
('def', 'information_schema', 'THREAD_STATISTICS', 'BYTES_RECEIVED', 7, '0', 'NO', 'bigint', NULL, NULL, 20, 0, NULL, NULL, 'bigint(21) unsigned', '', '', 'select', ''),
('def', 'information_schema', 'THREAD_STATISTICS', 'BYTES_SENT', 8, '0', 'NO', 'bigint', NULL, NULL, 20, 0, NULL, NULL, 'bigint(21) unsigned', '', '', 'select', ''),
('def', 'information_schema', 'THREAD_STATISTICS', 'BINLOG_BYTES_WRITTEN', 9, '0', 'NO', 'bigint', NULL, NULL, 20, 0, NULL, NULL, 'bigint(21) unsigned', '', '', 'select', ''),
('def', 'information_schema', 'THREAD_STATISTICS', 'ROWS_FETCHED', 10, '0', 'NO', 'bigint', NULL, NULL, 20, 0, NULL, NULL, 'bigint(21) unsigned', '', '', 'select', ''),
('def', 'information_schema', 'THREAD_STATISTICS', 'ROWS_UPDATED', 11, '0', 'NO', 'bigint', NULL, NULL, 20, 0, NULL, NULL, 'bigint(21) unsigned', '', '', 'select', ''),
('def', 'information_schema', 'THREAD_STATISTICS', 'TABLE_ROWS_READ', 12, '0', 'NO', 'bigint', NULL, NULL, 20, 0, NULL, NULL, 'bigint(21) unsigned', '', '', 'select', ''),
('def', 'information_schema', 'THREAD_STATISTICS', 'SELECT_COMMANDS', 13, '0', 'NO', 'bigint', NULL, NULL, 20, 0, NULL, NULL, 'bigint(21) unsigned', '', '', 'select', ''),
('def', 'information_schema', 'THREAD_STATISTICS', 'UPDATE_COMMANDS', 14, '0', 'NO', 'bigint', NULL, NULL, 20, 0, NULL, NULL, 'bigint(21) unsigned', '', '', 'select', ''),
('def', 'information_schema', 'THREAD_STATISTICS', 'OTHER_COMMANDS', 15, '0', 'NO', 'bigint', NULL, NULL, 20, 0, NULL, NULL, 'bigint(21) unsigned', '', '', 'select', ''),
('def', 'information_schema', 'THREAD_STATISTICS', 'COMMIT_TRANSACTIONS', 16, '0', 'NO', 'bigint', NULL, NULL, 20, 0, NULL, NULL, 'bigint(21) unsigned', '', '', 'select', ''),
('def', 'information_schema', 'THREAD_STATISTICS', 'ROLLBACK_TRANSACTIONS', 17, '0', 'NO', 'bigint', NULL, NULL, 20, 0, NULL, NULL, 'bigint(21) unsigned', '', '', 'select', ''),
('def', 'information_schema', 'THREAD_STATISTICS', 'DENIED_CONNECTIONS', 18, '0', 'NO', 'bigint', NULL, NULL, 20, 0, NULL, NULL, 'bigint(21) unsigned', '', '', 'select', ''),
('def', 'information_schema', 'THREAD_STATISTICS', 'LOST_CONNECTIONS', 19, '0', 'NO', 'bigint', NULL, NULL, 20, 0, NULL, NULL, 'bigint(21) unsigned', '', '', 'select', ''),
('def', 'information_schema', 'THREAD_STATISTICS', 'ACCESS_DENIED', 20, '0', 'NO', 'bigint', NULL, NULL, 20, 0, NULL, NULL, 'bigint(21) unsigned', '', '', 'select', ''),
('def', 'information_schema', 'THREAD_STATISTICS', 'EMPTY_QUERIES', 21, '0', 'NO', 'bigint', NULL, NULL, 20, 0, NULL, NULL, 'bigint(21) unsigned', '', '', 'select', ''),
('def', 'information_schema', 'THREAD_STATISTICS', 'TOTAL_SSL_CONNECTIONS', 22, '0', 'NO', 'bigint', NULL, NULL, 20, 0, NULL, NULL, 'bigint(21) unsigned', '', '', 'select', ''),
('def', 'information_schema', 'TRIGGERS', 'TRIGGER_CATALOG', 1, '', 'NO', 'varchar', 512, 1536, NULL, NULL, 'utf8', 'utf8_general_ci', 'varchar(512)', '', '', 'select', ''),
('def', 'information_schema', 'TRIGGERS', 'TRIGGER_SCHEMA', 2, '', 'NO', 'varchar', 64, 192, NULL, NULL, 'utf8', 'utf8_general_ci', 'varchar(64)', '', '', 'select', ''),
('def', 'information_schema', 'TRIGGERS', 'TRIGGER_NAME', 3, '', 'NO', 'varchar', 64, 192, NULL, NULL, 'utf8', 'utf8_general_ci', 'varchar(64)', '', '', 'select', ''),
('def', 'information_schema', 'TRIGGERS', 'EVENT_MANIPULATION', 4, '', 'NO', 'varchar', 6, 18, NULL, NULL, 'utf8', 'utf8_general_ci', 'varchar(6)', '', '', 'select', ''),
('def', 'information_schema', 'TRIGGERS', 'EVENT_OBJECT_CATALOG', 5, '', 'NO', 'varchar', 512, 1536, NULL, NULL, 'utf8', 'utf8_general_ci', 'varchar(512)', '', '', 'select', ''),
('def', 'information_schema', 'TRIGGERS', 'EVENT_OBJECT_SCHEMA', 6, '', 'NO', 'varchar', 64, 192, NULL, NULL, 'utf8', 'utf8_general_ci', 'varchar(64)', '', '', 'select', ''),
('def', 'information_schema', 'TRIGGERS', 'EVENT_OBJECT_TABLE', 7, '', 'NO', 'varchar', 64, 192, NULL, NULL, 'utf8', 'utf8_general_ci', 'varchar(64)', '', '', 'select', ''),
('def', 'information_schema', 'TRIGGERS', 'ACTION_ORDER', 8, '0', 'NO', 'bigint', NULL, NULL, 19, 0, NULL, NULL, 'bigint(4)', '', '', 'select', ''),
('def', 'information_schema', 'TRIGGERS', 'ACTION_CONDITION', 9, NULL, 'YES', 'longtext', 4294967295, 4294967295, NULL, NULL, 'utf8', 'utf8_general_ci', 'longtext', '', '', 'select', ''),
('def', 'information_schema', 'TRIGGERS', 'ACTION_STATEMENT', 10, NULL, 'NO', 'longtext', 4294967295, 4294967295, NULL, NULL, 'utf8', 'utf8_general_ci', 'longtext', '', '', 'select', ''),
('def', 'information_schema', 'TRIGGERS', 'ACTION_ORIENTATION', 11, '', 'NO', 'varchar', 9, 27, NULL, NULL, 'utf8', 'utf8_general_ci', 'varchar(9)', '', '', 'select', ''),
('def', 'information_schema', 'TRIGGERS', 'ACTION_TIMING', 12, '', 'NO', 'varchar', 6, 18, NULL, NULL, 'utf8', 'utf8_general_ci', 'varchar(6)', '', '', 'select', ''),
('def', 'information_schema', 'TRIGGERS', 'ACTION_REFERENCE_OLD_TABLE', 13, NULL, 'YES', 'varchar', 64, 192, NULL, NULL, 'utf8', 'utf8_general_ci', 'varchar(64)', '', '', 'select', ''),
('def', 'information_schema', 'TRIGGERS', 'ACTION_REFERENCE_NEW_TABLE', 14, NULL, 'YES', 'varchar', 64, 192, NULL, NULL, 'utf8', 'utf8_general_ci', 'varchar(64)', '', '', 'select', ''),
('def', 'information_schema', 'TRIGGERS', 'ACTION_REFERENCE_OLD_ROW', 15, '', 'NO', 'varchar', 3, 9, NULL, NULL, 'utf8', 'utf8_general_ci', 'varchar(3)', '', '', 'select', ''),
('def', 'information_schema', 'TRIGGERS', 'ACTION_REFERENCE_NEW_ROW', 16, '', 'NO', 'varchar', 3, 9, NULL, NULL, 'utf8', 'utf8_general_ci', 'varchar(3)', '', '', 'select', ''),
('def', 'information_schema', 'TRIGGERS', 'CREATED', 17, NULL, 'YES', 'datetime', NULL, NULL, NULL, NULL, NULL, NULL, 'datetime', '', '', 'select', ''),
('def', 'information_schema', 'TRIGGERS', 'SQL_MODE', 18, '', 'NO', 'varchar', 8192, 24576, NULL, NULL, 'utf8', 'utf8_general_ci', 'varchar(8192)', '', '', 'select', ''),
('def', 'information_schema', 'TRIGGERS', 'DEFINER', 19, '', 'NO', 'varchar', 77, 231, NULL, NULL, 'utf8', 'utf8_general_ci', 'varchar(77)', '', '', 'select', ''),
('def', 'information_schema', 'TRIGGERS', 'CHARACTER_SET_CLIENT', 20, '', 'NO', 'varchar', 32, 96, NULL, NULL, 'utf8', 'utf8_general_ci', 'varchar(32)', '', '', 'select', ''),
('def', 'information_schema', 'TRIGGERS', 'COLLATION_CONNECTION', 21, '', 'NO', 'varchar', 32, 96, NULL, NULL, 'utf8', 'utf8_general_ci', 'varchar(32)', '', '', 'select', ''),
('def', 'information_schema', 'TRIGGERS', 'DATABASE_COLLATION', 22, '', 'NO', 'varchar', 32, 96, NULL, NULL, 'utf8', 'utf8_general_ci', 'varchar(32)', '', '', 'select', ''),
('def', 'information_schema', 'USER_PRIVILEGES', 'GRANTEE', 1, '', 'NO', 'varchar', 81, 243, NULL, NULL, 'utf8', 'utf8_general_ci', 'varchar(81)', '', '', 'select', ''),
('def', 'information_schema', 'USER_PRIVILEGES', 'TABLE_CATALOG', 2, '', 'NO', 'varchar', 512, 1536, NULL, NULL, 'utf8', 'utf8_general_ci', 'varchar(512)', '', '', 'select', ''),
('def', 'information_schema', 'USER_PRIVILEGES', 'PRIVILEGE_TYPE', 3, '', 'NO', 'varchar', 64, 192, NULL, NULL, 'utf8', 'utf8_general_ci', 'varchar(64)', '', '', 'select', ''),
('def', 'information_schema', 'USER_PRIVILEGES', 'IS_GRANTABLE', 4, '', 'NO', 'varchar', 3, 9, NULL, NULL, 'utf8', 'utf8_general_ci', 'varchar(3)', '', '', 'select', ''),
('def', 'information_schema', 'USER_STATISTICS', 'USER', 1, '', 'NO', 'varchar', 144, 432, NULL, NULL, 'utf8', 'utf8_general_ci', 'varchar(144)', '', '', 'select', ''),
('def', 'information_schema', 'USER_STATISTICS', 'TOTAL_CONNECTIONS', 2, '0', 'NO', 'bigint', NULL, NULL, 20, 0, NULL, NULL, 'bigint(21) unsigned', '', '', 'select', ''),
('def', 'information_schema', 'USER_STATISTICS', 'CONCURRENT_CONNECTIONS', 3, '0', 'NO', 'bigint', NULL, NULL, 20, 0, NULL, NULL, 'bigint(21) unsigned', '', '', 'select', ''),
('def', 'information_schema', 'USER_STATISTICS', 'CONNECTED_TIME', 4, '0', 'NO', 'bigint', NULL, NULL, 20, 0, NULL, NULL, 'bigint(21) unsigned', '', '', 'select', ''),
('def', 'information_schema', 'USER_STATISTICS', 'BUSY_TIME', 5, '0', 'NO', 'bigint', NULL, NULL, 20, 0, NULL, NULL, 'bigint(21) unsigned', '', '', 'select', ''),
('def', 'information_schema', 'USER_STATISTICS', 'CPU_TIME', 6, '0', 'NO', 'bigint', NULL, NULL, 20, 0, NULL, NULL, 'bigint(21) unsigned', '', '', 'select', ''),
('def', 'information_schema', 'USER_STATISTICS', 'BYTES_RECEIVED', 7, '0', 'NO', 'bigint', NULL, NULL, 20, 0, NULL, NULL, 'bigint(21) unsigned', '', '', 'select', ''),
('def', 'information_schema', 'USER_STATISTICS', 'BYTES_SENT', 8, '0', 'NO', 'bigint', NULL, NULL, 20, 0, NULL, NULL, 'bigint(21) unsigned', '', '', 'select', ''),
('def', 'information_schema', 'USER_STATISTICS', 'BINLOG_BYTES_WRITTEN', 9, '0', 'NO', 'bigint', NULL, NULL, 20, 0, NULL, NULL, 'bigint(21) unsigned', '', '', 'select', ''),
('def', 'information_schema', 'USER_STATISTICS', 'ROWS_FETCHED', 10, '0', 'NO', 'bigint', NULL, NULL, 20, 0, NULL, NULL, 'bigint(21) unsigned', '', '', 'select', ''),
('def', 'information_schema', 'USER_STATISTICS', 'ROWS_UPDATED', 11, '0', 'NO', 'bigint', NULL, NULL, 20, 0, NULL, NULL, 'bigint(21) unsigned', '', '', 'select', ''),
('def', 'information_schema', 'USER_STATISTICS', 'TABLE_ROWS_READ', 12, '0', 'NO', 'bigint', NULL, NULL, 20, 0, NULL, NULL, 'bigint(21) unsigned', '', '', 'select', ''),
('def', 'information_schema', 'USER_STATISTICS', 'SELECT_COMMANDS', 13, '0', 'NO', 'bigint', NULL, NULL, 20, 0, NULL, NULL, 'bigint(21) unsigned', '', '', 'select', ''),
('def', 'information_schema', 'USER_STATISTICS', 'UPDATE_COMMANDS', 14, '0', 'NO', 'bigint', NULL, NULL, 20, 0, NULL, NULL, 'bigint(21) unsigned', '', '', 'select', ''),
('def', 'information_schema', 'USER_STATISTICS', 'OTHER_COMMANDS', 15, '0', 'NO', 'bigint', NULL, NULL, 20, 0, NULL, NULL, 'bigint(21) unsigned', '', '', 'select', ''),
('def', 'information_schema', 'USER_STATISTICS', 'COMMIT_TRANSACTIONS', 16, '0', 'NO', 'bigint', NULL, NULL, 20, 0, NULL, NULL, 'bigint(21) unsigned', '', '', 'select', ''),
('def', 'information_schema', 'USER_STATISTICS', 'ROLLBACK_TRANSACTIONS', 17, '0', 'NO', 'bigint', NULL, NULL, 20, 0, NULL, NULL, 'bigint(21) unsigned', '', '', 'select', ''),
('def', 'information_schema', 'USER_STATISTICS', 'DENIED_CONNECTIONS', 18, '0', 'NO', 'bigint', NULL, NULL, 20, 0, NULL, NULL, 'bigint(21) unsigned', '', '', 'select', ''),
('def', 'information_schema', 'USER_STATISTICS', 'LOST_CONNECTIONS', 19, '0', 'NO', 'bigint', NULL, NULL, 20, 0, NULL, NULL, 'bigint(21) unsigned', '', '', 'select', ''),
('def', 'information_schema', 'USER_STATISTICS', 'ACCESS_DENIED', 20, '0', 'NO', 'bigint', NULL, NULL, 20, 0, NULL, NULL, 'bigint(21) unsigned', '', '', 'select', ''),
('def', 'information_schema', 'USER_STATISTICS', 'EMPTY_QUERIES', 21, '0', 'NO', 'bigint', NULL, NULL, 20, 0, NULL, NULL, 'bigint(21) unsigned', '', '', 'select', ''),
('def', 'information_schema', 'USER_STATISTICS', 'TOTAL_SSL_CONNECTIONS', 22, '0', 'NO', 'bigint', NULL, NULL, 20, 0, NULL, NULL, 'bigint(21) unsigned', '', '', 'select', ''),
('def', 'information_schema', 'VIEWS', 'TABLE_CATALOG', 1, '', 'NO', 'varchar', 512, 1536, NULL, NULL, 'utf8', 'utf8_general_ci', 'varchar(512)', '', '', 'select', ''),
('def', 'information_schema', 'VIEWS', 'TABLE_SCHEMA', 2, '', 'NO', 'varchar', 64, 192, NULL, NULL, 'utf8', 'utf8_general_ci', 'varchar(64)', '', '', 'select', ''),
('def', 'information_schema', 'VIEWS', 'TABLE_NAME', 3, '', 'NO', 'varchar', 64, 192, NULL, NULL, 'utf8', 'utf8_general_ci', 'varchar(64)', '', '', 'select', ''),
('def', 'information_schema', 'VIEWS', 'VIEW_DEFINITION', 4, NULL, 'NO', 'longtext', 4294967295, 4294967295, NULL, NULL, 'utf8', 'utf8_general_ci', 'longtext', '', '', 'select', ''),
('def', 'information_schema', 'VIEWS', 'CHECK_OPTION', 5, '', 'NO', 'varchar', 8, 24, NULL, NULL, 'utf8', 'utf8_general_ci', 'varchar(8)', '', '', 'select', ''),
('def', 'information_schema', 'VIEWS', 'IS_UPDATABLE', 6, '', 'NO', 'varchar', 3, 9, NULL, NULL, 'utf8', 'utf8_general_ci', 'varchar(3)', '', '', 'select', ''),
('def', 'information_schema', 'VIEWS', 'DEFINER', 7, '', 'NO', 'varchar', 77, 231, NULL, NULL, 'utf8', 'utf8_general_ci', 'varchar(77)', '', '', 'select', ''),
('def', 'information_schema', 'VIEWS', 'SECURITY_TYPE', 8, '', 'NO', 'varchar', 7, 21, NULL, NULL, 'utf8', 'utf8_general_ci', 'varchar(7)', '', '', 'select', ''),
('def', 'information_schema', 'VIEWS', 'CHARACTER_SET_CLIENT', 9, '', 'NO', 'varchar', 32, 96, NULL, NULL, 'utf8', 'utf8_general_ci', 'varchar(32)', '', '', 'select', ''),
('def', 'information_schema', 'VIEWS', 'COLLATION_CONNECTION', 10, '', 'NO', 'varchar', 32, 96, NULL, NULL, 'utf8', 'utf8_general_ci', 'varchar(32)', '', '', 'select', ''),
('def', 'information_schema', 'INNODB_CMPMEM_RESET', 'page_size', 1, '0', 'NO', 'int', NULL, NULL, 10, 0, NULL, NULL, 'int(5)', '', '', 'select', ''),
('def', 'information_schema', 'INNODB_CMPMEM_RESET', 'buffer_pool_instance', 2, '0', 'NO', 'int', NULL, NULL, 10, 0, NULL, NULL, 'int(11)', '', '', 'select', ''),
('def', 'information_schema', 'INNODB_CMPMEM_RESET', 'pages_used', 3, '0', 'NO', 'int', NULL, NULL, 10, 0, NULL, NULL, 'int(11)', '', '', 'select', ''),
('def', 'information_schema', 'INNODB_CMPMEM_RESET', 'pages_free', 4, '0', 'NO', 'int', NULL, NULL, 10, 0, NULL, NULL, 'int(11)', '', '', 'select', ''),
('def', 'information_schema', 'INNODB_CMPMEM_RESET', 'relocation_ops', 5, '0', 'NO', 'bigint', NULL, NULL, 19, 0, NULL, NULL, 'bigint(21)', '', '', 'select', ''),
('def', 'information_schema', 'INNODB_CMPMEM_RESET', 'relocation_time', 6, '0', 'NO', 'int', NULL, NULL, 10, 0, NULL, NULL, 'int(11)', '', '', 'select', ''),
('def', 'information_schema', 'INNODB_RSEG', 'rseg_id', 1, '0', 'NO', 'bigint', NULL, NULL, 20, 0, NULL, NULL, 'bigint(21) unsigned', '', '', 'select', ''),
('def', 'information_schema', 'INNODB_RSEG', 'space_id', 2, '0', 'NO', 'bigint', NULL, NULL, 20, 0, NULL, NULL, 'bigint(21) unsigned', '', '', 'select', ''),
('def', 'information_schema', 'INNODB_RSEG', 'zip_size', 3, '0', 'NO', 'bigint', NULL, NULL, 20, 0, NULL, NULL, 'bigint(21) unsigned', '', '', 'select', ''),
('def', 'information_schema', 'INNODB_RSEG', 'page_no', 4, '0', 'NO', 'bigint', NULL, NULL, 20, 0, NULL, NULL, 'bigint(21) unsigned', '', '', 'select', ''),
('def', 'information_schema', 'INNODB_RSEG', 'max_size', 5, '0', 'NO', 'bigint', NULL, NULL, 20, 0, NULL, NULL, 'bigint(21) unsigned', '', '', 'select', ''),
('def', 'information_schema', 'INNODB_RSEG', 'curr_size', 6, '0', 'NO', 'bigint', NULL, NULL, 20, 0, NULL, NULL, 'bigint(21) unsigned', '', '', 'select', ''),
('def', 'information_schema', 'INNODB_UNDO_LOGS', 'trx_id', 1, '', 'NO', 'varchar', 18, 54, NULL, NULL, 'utf8', 'utf8_general_ci', 'varchar(18)', '', '', 'select', ''),
('def', 'information_schema', 'INNODB_UNDO_LOGS', 'rseg_id', 2, '0', 'NO', 'bigint', NULL, NULL, 20, 0, NULL, NULL, 'bigint(21) unsigned', '', '', 'select', ''),
('def', 'information_schema', 'INNODB_UNDO_LOGS', 'useg_id', 3, '0', 'NO', 'bigint', NULL, NULL, 20, 0, NULL, NULL, 'bigint(21) unsigned', '', '', 'select', ''),
('def', 'information_schema', 'INNODB_UNDO_LOGS', 'type', 4, '', 'NO', 'varchar', 256, 768, NULL, NULL, 'utf8', 'utf8_general_ci', 'varchar(256)', '', '', 'select', ''),
('def', 'information_schema', 'INNODB_UNDO_LOGS', 'state', 5, '', 'NO', 'varchar', 256, 768, NULL, NULL, 'utf8', 'utf8_general_ci', 'varchar(256)', '', '', 'select', ''),
('def', 'information_schema', 'INNODB_UNDO_LOGS', 'size', 6, '0', 'NO', 'bigint', NULL, NULL, 20, 0, NULL, NULL, 'bigint(21) unsigned', '', '', 'select', ''),
('def', 'information_schema', 'INNODB_CMPMEM', 'page_size', 1, '0', 'NO', 'int', NULL, NULL, 10, 0, NULL, NULL, 'int(5)', '', '', 'select', ''),
('def', 'information_schema', 'INNODB_CMPMEM', 'buffer_pool_instance', 2, '0', 'NO', 'int', NULL, NULL, 10, 0, NULL, NULL, 'int(11)', '', '', 'select', ''),
('def', 'information_schema', 'INNODB_CMPMEM', 'pages_used', 3, '0', 'NO', 'int', NULL, NULL, 10, 0, NULL, NULL, 'int(11)', '', '', 'select', ''),
('def', 'information_schema', 'INNODB_CMPMEM', 'pages_free', 4, '0', 'NO', 'int', NULL, NULL, 10, 0, NULL, NULL, 'int(11)', '', '', 'select', ''),
('def', 'information_schema', 'INNODB_CMPMEM', 'relocation_ops', 5, '0', 'NO', 'bigint', NULL, NULL, 19, 0, NULL, NULL, 'bigint(21)', '', '', 'select', ''),
('def', 'information_schema', 'INNODB_CMPMEM', 'relocation_time', 6, '0', 'NO', 'int', NULL, NULL, 10, 0, NULL, NULL, 'int(11)', '', '', 'select', ''),
('def', 'information_schema', 'INNODB_SYS_TABLESTATS', 'TABLE_ID', 1, '0', 'NO', 'bigint', NULL, NULL, 20, 0, NULL, NULL, 'bigint(21) unsigned', '', '', 'select', ''),
('def', 'information_schema', 'INNODB_SYS_TABLESTATS', 'SCHEMA', 2, '', 'NO', 'varchar', 193, 579, NULL, NULL, 'utf8', 'utf8_general_ci', 'varchar(193)', '', '', 'select', ''),
('def', 'information_schema', 'INNODB_SYS_TABLESTATS', 'NAME', 3, '', 'NO', 'varchar', 193, 579, NULL, NULL, 'utf8', 'utf8_general_ci', 'varchar(193)', '', '', 'select', ''),
('def', 'information_schema', 'INNODB_SYS_TABLESTATS', 'STATS_INITIALIZED', 4, '', 'NO', 'varchar', 193, 579, NULL, NULL, 'utf8', 'utf8_general_ci', 'varchar(193)', '', '', 'select', ''),
('def', 'information_schema', 'INNODB_SYS_TABLESTATS', 'NUM_ROWS', 5, '0', 'NO', 'bigint', NULL, NULL, 20, 0, NULL, NULL, 'bigint(21) unsigned', '', '', 'select', ''),
('def', 'information_schema', 'INNODB_SYS_TABLESTATS', 'CLUST_INDEX_SIZE', 6, '0', 'NO', 'bigint', NULL, NULL, 20, 0, NULL, NULL, 'bigint(21) unsigned', '', '', 'select', ''),
('def', 'information_schema', 'INNODB_SYS_TABLESTATS', 'OTHER_INDEX_SIZE', 7, '0', 'NO', 'bigint', NULL, NULL, 20, 0, NULL, NULL, 'bigint(21) unsigned', '', '', 'select', ''),
('def', 'information_schema', 'INNODB_SYS_TABLESTATS', 'MODIFIED_COUNTER', 8, '0', 'NO', 'bigint', NULL, NULL, 20, 0, NULL, NULL, 'bigint(21) unsigned', '', '', 'select', ''),
('def', 'information_schema', 'INNODB_SYS_TABLESTATS', 'AUTOINC', 9, '0', 'NO', 'bigint', NULL, NULL, 20, 0, NULL, NULL, 'bigint(21) unsigned', '', '', 'select', ''),
('def', 'information_schema', 'INNODB_SYS_TABLESTATS', 'MYSQL_HANDLES_OPENED', 10, '0', 'NO', 'int', NULL, NULL, 10, 0, NULL, NULL, 'int(11)', '', '', 'select', ''),
('def', 'information_schema', 'INNODB_LOCK_WAITS', 'requesting_trx_id', 1, '', 'NO', 'varchar', 18, 54, NULL, NULL, 'utf8', 'utf8_general_ci', 'varchar(18)', '', '', 'select', ''),
('def', 'information_schema', 'INNODB_LOCK_WAITS', 'requested_lock_id', 2, '', 'NO', 'varchar', 81, 243, NULL, NULL, 'utf8', 'utf8_general_ci', 'varchar(81)', '', '', 'select', ''),
('def', 'information_schema', 'INNODB_LOCK_WAITS', 'blocking_trx_id', 3, '', 'NO', 'varchar', 18, 54, NULL, NULL, 'utf8', 'utf8_general_ci', 'varchar(18)', '', '', 'select', ''),
('def', 'information_schema', 'INNODB_LOCK_WAITS', 'blocking_lock_id', 4, '', 'NO', 'varchar', 81, 243, NULL, NULL, 'utf8', 'utf8_general_ci', 'varchar(81)', '', '', 'select', ''),
('def', 'information_schema', 'INNODB_INDEX_STATS', 'table_schema', 1, '', 'NO', 'varchar', 192, 576, NULL, NULL, 'utf8', 'utf8_general_ci', 'varchar(192)', '', '', 'select', ''),
('def', 'information_schema', 'INNODB_INDEX_STATS', 'table_name', 2, '', 'NO', 'varchar', 192, 576, NULL, NULL, 'utf8', 'utf8_general_ci', 'varchar(192)', '', '', 'select', ''),
('def', 'information_schema', 'INNODB_INDEX_STATS', 'index_name', 3, '', 'NO', 'varchar', 192, 576, NULL, NULL, 'utf8', 'utf8_general_ci', 'varchar(192)', '', '', 'select', ''),
('def', 'information_schema', 'INNODB_INDEX_STATS', 'fields', 4, '0', 'NO', 'bigint', NULL, NULL, 20, 0, NULL, NULL, 'bigint(21) unsigned', '', '', 'select', ''),
('def', 'information_schema', 'INNODB_INDEX_STATS', 'rows_per_key', 5, '', 'NO', 'varchar', 256, 768, NULL, NULL, 'utf8', 'utf8_general_ci', 'varchar(256)', '', '', 'select', ''),
('def', 'information_schema', 'INNODB_INDEX_STATS', 'index_total_pages', 6, '0', 'NO', 'bigint', NULL, NULL, 20, 0, NULL, NULL, 'bigint(21) unsigned', '', '', 'select', ''),
('def', 'information_schema', 'INNODB_INDEX_STATS', 'index_leaf_pages', 7, '0', 'NO', 'bigint', NULL, NULL, 20, 0, NULL, NULL, 'bigint(21) unsigned', '', '', 'select', ''),
('def', 'information_schema', 'INNODB_CMP', 'page_size', 1, '0', 'NO', 'int', NULL, NULL, 10, 0, NULL, NULL, 'int(5)', '', '', 'select', ''),
('def', 'information_schema', 'INNODB_CMP', 'compress_ops', 2, '0', 'NO', 'int', NULL, NULL, 10, 0, NULL, NULL, 'int(11)', '', '', 'select', ''),
('def', 'information_schema', 'INNODB_CMP', 'compress_ops_ok', 3, '0', 'NO', 'int', NULL, NULL, 10, 0, NULL, NULL, 'int(11)', '', '', 'select', ''),
('def', 'information_schema', 'INNODB_CMP', 'compress_time', 4, '0', 'NO', 'int', NULL, NULL, 10, 0, NULL, NULL, 'int(11)', '', '', 'select', ''),
('def', 'information_schema', 'INNODB_CMP', 'uncompress_ops', 5, '0', 'NO', 'int', NULL, NULL, 10, 0, NULL, NULL, 'int(11)', '', '', 'select', ''),
('def', 'information_schema', 'INNODB_CMP', 'uncompress_time', 6, '0', 'NO', 'int', NULL, NULL, 10, 0, NULL, NULL, 'int(11)', '', '', 'select', ''),
('def', 'information_schema', 'INNODB_CMP_RESET', 'page_size', 1, '0', 'NO', 'int', NULL, NULL, 10, 0, NULL, NULL, 'int(5)', '', '', 'select', ''),
('def', 'information_schema', 'INNODB_CMP_RESET', 'compress_ops', 2, '0', 'NO', 'int', NULL, NULL, 10, 0, NULL, NULL, 'int(11)', '', '', 'select', ''),
('def', 'information_schema', 'INNODB_CMP_RESET', 'compress_ops_ok', 3, '0', 'NO', 'int', NULL, NULL, 10, 0, NULL, NULL, 'int(11)', '', '', 'select', ''),
('def', 'information_schema', 'INNODB_CMP_RESET', 'compress_time', 4, '0', 'NO', 'int', NULL, NULL, 10, 0, NULL, NULL, 'int(11)', '', '', 'select', ''),
('def', 'information_schema', 'INNODB_CMP_RESET', 'uncompress_ops', 5, '0', 'NO', 'int', NULL, NULL, 10, 0, NULL, NULL, 'int(11)', '', '', 'select', ''),
('def', 'information_schema', 'INNODB_CMP_RESET', 'uncompress_time', 6, '0', 'NO', 'int', NULL, NULL, 10, 0, NULL, NULL, 'int(11)', '', '', 'select', ''),
('def', 'information_schema', 'INNODB_CHANGED_PAGES', 'space_id', 1, '0', 'NO', 'int', NULL, NULL, 10, 0, NULL, NULL, 'int(11) unsigned', '', '', 'select', ''),
('def', 'information_schema', 'INNODB_CHANGED_PAGES', 'page_id', 2, '0', 'NO', 'int', NULL, NULL, 10, 0, NULL, NULL, 'int(11) unsigned', '', '', 'select', ''),
('def', 'information_schema', 'INNODB_CHANGED_PAGES', 'start_lsn', 3, '0', 'NO', 'bigint', NULL, NULL, 20, 0, NULL, NULL, 'bigint(21) unsigned', '', '', 'select', ''),
('def', 'information_schema', 'INNODB_CHANGED_PAGES', 'end_lsn', 4, '0', 'NO', 'bigint', NULL, NULL, 20, 0, NULL, NULL, 'bigint(21) unsigned', '', '', 'select', ''),
('def', 'information_schema', 'INNODB_BUFFER_POOL_PAGES', 'page_type', 1, NULL, 'YES', 'varchar', 64, 192, NULL, NULL, 'utf8', 'utf8_general_ci', 'varchar(64)', '', '', 'select', ''),
('def', 'information_schema', 'INNODB_BUFFER_POOL_PAGES', 'space_id', 2, '0', 'NO', 'bigint', NULL, NULL, 20, 0, NULL, NULL, 'bigint(21) unsigned', '', '', 'select', ''),
('def', 'information_schema', 'INNODB_BUFFER_POOL_PAGES', 'page_no', 3, '0', 'NO', 'bigint', NULL, NULL, 20, 0, NULL, NULL, 'bigint(21) unsigned', '', '', 'select', ''),
('def', 'information_schema', 'INNODB_BUFFER_POOL_PAGES', 'lru_position', 4, '0', 'NO', 'bigint', NULL, NULL, 20, 0, NULL, NULL, 'bigint(21) unsigned', '', '', 'select', ''),
('def', 'information_schema', 'INNODB_BUFFER_POOL_PAGES', 'fix_count', 5, '0', 'NO', 'bigint', NULL, NULL, 20, 0, NULL, NULL, 'bigint(21) unsigned', '', '', 'select', ''),
('def', 'information_schema', 'INNODB_BUFFER_POOL_PAGES', 'flush_type', 6, '0', 'NO', 'bigint', NULL, NULL, 20, 0, NULL, NULL, 'bigint(21) unsigned', '', '', 'select', ''),
('def', 'information_schema', 'INNODB_TRX', 'trx_id', 1, '', 'NO', 'varchar', 18, 54, NULL, NULL, 'utf8', 'utf8_general_ci', 'varchar(18)', '', '', 'select', ''),
('def', 'information_schema', 'INNODB_TRX', 'trx_state', 2, '', 'NO', 'varchar', 13, 39, NULL, NULL, 'utf8', 'utf8_general_ci', 'varchar(13)', '', '', 'select', ''),
('def', 'information_schema', 'INNODB_TRX', 'trx_started', 3, '0000-00-00 00:00:00', 'NO', 'datetime', NULL, NULL, NULL, NULL, NULL, NULL, 'datetime', '', '', 'select', ''),
('def', 'information_schema', 'INNODB_TRX', 'trx_requested_lock_id', 4, NULL, 'YES', 'varchar', 81, 243, NULL, NULL, 'utf8', 'utf8_general_ci', 'varchar(81)', '', '', 'select', ''),
('def', 'information_schema', 'INNODB_TRX', 'trx_wait_started', 5, NULL, 'YES', 'datetime', NULL, NULL, NULL, NULL, NULL, NULL, 'datetime', '', '', 'select', ''),
('def', 'information_schema', 'INNODB_TRX', 'trx_weight', 6, '0', 'NO', 'bigint', NULL, NULL, 20, 0, NULL, NULL, 'bigint(21) unsigned', '', '', 'select', ''),
('def', 'information_schema', 'INNODB_TRX', 'trx_mysql_thread_id', 7, '0', 'NO', 'bigint', NULL, NULL, 20, 0, NULL, NULL, 'bigint(21) unsigned', '', '', 'select', ''),
('def', 'information_schema', 'INNODB_TRX', 'trx_query', 8, NULL, 'YES', 'varchar', 1024, 3072, NULL, NULL, 'utf8', 'utf8_general_ci', 'varchar(1024)', '', '', 'select', ''),
('def', 'information_schema', 'INNODB_TRX', 'trx_operation_state', 9, NULL, 'YES', 'varchar', 64, 192, NULL, NULL, 'utf8', 'utf8_general_ci', 'varchar(64)', '', '', 'select', ''),
('def', 'information_schema', 'INNODB_TRX', 'trx_tables_in_use', 10, '0', 'NO', 'bigint', NULL, NULL, 20, 0, NULL, NULL, 'bigint(21) unsigned', '', '', 'select', ''),
('def', 'information_schema', 'INNODB_TRX', 'trx_tables_locked', 11, '0', 'NO', 'bigint', NULL, NULL, 20, 0, NULL, NULL, 'bigint(21) unsigned', '', '', 'select', ''),
('def', 'information_schema', 'INNODB_TRX', 'trx_lock_structs', 12, '0', 'NO', 'bigint', NULL, NULL, 20, 0, NULL, NULL, 'bigint(21) unsigned', '', '', 'select', ''),
('def', 'information_schema', 'INNODB_TRX', 'trx_lock_memory_bytes', 13, '0', 'NO', 'bigint', NULL, NULL, 20, 0, NULL, NULL, 'bigint(21) unsigned', '', '', 'select', ''),
('def', 'information_schema', 'INNODB_TRX', 'trx_rows_locked', 14, '0', 'NO', 'bigint', NULL, NULL, 20, 0, NULL, NULL, 'bigint(21) unsigned', '', '', 'select', ''),
('def', 'information_schema', 'INNODB_TRX', 'trx_rows_modified', 15, '0', 'NO', 'bigint', NULL, NULL, 20, 0, NULL, NULL, 'bigint(21) unsigned', '', '', 'select', ''),
('def', 'information_schema', 'INNODB_TRX', 'trx_concurrency_tickets', 16, '0', 'NO', 'bigint', NULL, NULL, 20, 0, NULL, NULL, 'bigint(21) unsigned', '', '', 'select', ''),
('def', 'information_schema', 'INNODB_TRX', 'trx_isolation_level', 17, '', 'NO', 'varchar', 16, 48, NULL, NULL, 'utf8', 'utf8_general_ci', 'varchar(16)', '', '', 'select', ''),
('def', 'information_schema', 'INNODB_TRX', 'trx_unique_checks', 18, '0', 'NO', 'int', NULL, NULL, 10, 0, NULL, NULL, 'int(1)', '', '', 'select', ''),
('def', 'information_schema', 'INNODB_TRX', 'trx_foreign_key_checks', 19, '0', 'NO', 'int', NULL, NULL, 10, 0, NULL, NULL, 'int(1)', '', '', 'select', ''),
('def', 'information_schema', 'INNODB_TRX', 'trx_last_foreign_key_error', 20, NULL, 'YES', 'varchar', 256, 768, NULL, NULL, 'utf8', 'utf8_general_ci', 'varchar(256)', '', '', 'select', ''),
('def', 'information_schema', 'INNODB_TRX', 'trx_adaptive_hash_latched', 21, '0', 'NO', 'int', NULL, NULL, 10, 0, NULL, NULL, 'int(1)', '', '', 'select', ''),
('def', 'information_schema', 'INNODB_TRX', 'trx_adaptive_hash_timeout', 22, '0', 'NO', 'bigint', NULL, NULL, 20, 0, NULL, NULL, 'bigint(21) unsigned', '', '', 'select', ''),
('def', 'information_schema', 'INNODB_BUFFER_POOL_PAGES_INDEX', 'index_id', 1, '0', 'NO', 'bigint', NULL, NULL, 20, 0, NULL, NULL, 'bigint(21) unsigned', '', '', 'select', ''),
('def', 'information_schema', 'INNODB_BUFFER_POOL_PAGES_INDEX', 'space_id', 2, '0', 'NO', 'bigint', NULL, NULL, 20, 0, NULL, NULL, 'bigint(21) unsigned', '', '', 'select', ''),
('def', 'information_schema', 'INNODB_BUFFER_POOL_PAGES_INDEX', 'page_no', 3, '0', 'NO', 'bigint', NULL, NULL, 20, 0, NULL, NULL, 'bigint(21) unsigned', '', '', 'select', ''),
('def', 'information_schema', 'INNODB_BUFFER_POOL_PAGES_INDEX', 'n_recs', 4, '0', 'NO', 'bigint', NULL, NULL, 20, 0, NULL, NULL, 'bigint(21) unsigned', '', '', 'select', ''),
('def', 'information_schema', 'INNODB_BUFFER_POOL_PAGES_INDEX', 'data_size', 5, '0', 'NO', 'bigint', NULL, NULL, 20, 0, NULL, NULL, 'bigint(21) unsigned', '', '', 'select', ''),
('def', 'information_schema', 'INNODB_BUFFER_POOL_PAGES_INDEX', 'hashed', 6, '0', 'NO', 'bigint', NULL, NULL, 20, 0, NULL, NULL, 'bigint(21) unsigned', '', '', 'select', ''),
('def', 'information_schema', 'INNODB_BUFFER_POOL_PAGES_INDEX', 'access_time', 7, '0', 'NO', 'bigint', NULL, NULL, 20, 0, NULL, NULL, 'bigint(21) unsigned', '', '', 'select', ''),
('def', 'information_schema', 'INNODB_BUFFER_POOL_PAGES_INDEX', 'modified', 8, '0', 'NO', 'bigint', NULL, NULL, 20, 0, NULL, NULL, 'bigint(21) unsigned', '', '', 'select', ''),
('def', 'information_schema', 'INNODB_BUFFER_POOL_PAGES_INDEX', 'dirty', 9, '0', 'NO', 'bigint', NULL, NULL, 20, 0, NULL, NULL, 'bigint(21) unsigned', '', '', 'select', ''),
('def', 'information_schema', 'INNODB_BUFFER_POOL_PAGES_INDEX', 'old', 10, '0', 'NO', 'bigint', NULL, NULL, 20, 0, NULL, NULL, 'bigint(21) unsigned', '', '', 'select', ''),
('def', 'information_schema', 'INNODB_BUFFER_POOL_PAGES_INDEX', 'lru_position', 11, '0', 'NO', 'bigint', NULL, NULL, 20, 0, NULL, NULL, 'bigint(21) unsigned', '', '', 'select', ''),
('def', 'information_schema', 'INNODB_BUFFER_POOL_PAGES_INDEX', 'fix_count', 12, '0', 'NO', 'bigint', NULL, NULL, 20, 0, NULL, NULL, 'bigint(21) unsigned', '', '', 'select', ''),
('def', 'information_schema', 'INNODB_BUFFER_POOL_PAGES_INDEX', 'flush_type', 13, '0', 'NO', 'bigint', NULL, NULL, 20, 0, NULL, NULL, 'bigint(21) unsigned', '', '', 'select', ''),
('def', 'information_schema', 'INNODB_LOCKS', 'lock_id', 1, '', 'NO', 'varchar', 81, 243, NULL, NULL, 'utf8', 'utf8_general_ci', 'varchar(81)', '', '', 'select', ''),
('def', 'information_schema', 'INNODB_LOCKS', 'lock_trx_id', 2, '', 'NO', 'varchar', 18, 54, NULL, NULL, 'utf8', 'utf8_general_ci', 'varchar(18)', '', '', 'select', ''),
('def', 'information_schema', 'INNODB_LOCKS', 'lock_mode', 3, '', 'NO', 'varchar', 32, 96, NULL, NULL, 'utf8', 'utf8_general_ci', 'varchar(32)', '', '', 'select', ''),
('def', 'information_schema', 'INNODB_LOCKS', 'lock_type', 4, '', 'NO', 'varchar', 32, 96, NULL, NULL, 'utf8', 'utf8_general_ci', 'varchar(32)', '', '', 'select', ''),
('def', 'information_schema', 'INNODB_LOCKS', 'lock_table', 5, '', 'NO', 'varchar', 1024, 3072, NULL, NULL, 'utf8', 'utf8_general_ci', 'varchar(1024)', '', '', 'select', ''),
('def', 'information_schema', 'INNODB_LOCKS', 'lock_index', 6, NULL, 'YES', 'varchar', 1024, 3072, NULL, NULL, 'utf8', 'utf8_general_ci', 'varchar(1024)', '', '', 'select', ''),
('def', 'information_schema', 'INNODB_LOCKS', 'lock_space', 7, NULL, 'YES', 'bigint', NULL, NULL, 20, 0, NULL, NULL, 'bigint(21) unsigned', '', '', 'select', ''),
('def', 'information_schema', 'INNODB_LOCKS', 'lock_page', 8, NULL, 'YES', 'bigint', NULL, NULL, 20, 0, NULL, NULL, 'bigint(21) unsigned', '', '', 'select', ''),
('def', 'information_schema', 'INNODB_LOCKS', 'lock_rec', 9, NULL, 'YES', 'bigint', NULL, NULL, 20, 0, NULL, NULL, 'bigint(21) unsigned', '', '', 'select', ''),
('def', 'information_schema', 'INNODB_LOCKS', 'lock_data', 10, NULL, 'YES', 'varchar', 8192, 24576, NULL, NULL, 'utf8', 'utf8_general_ci', 'varchar(8192)', '', '', 'select', ''),
('def', 'information_schema', 'INNODB_BUFFER_POOL_PAGES_BLOB', 'space_id', 1, '0', 'NO', 'bigint', NULL, NULL, 20, 0, NULL, NULL, 'bigint(21) unsigned', '', '', 'select', ''),
('def', 'information_schema', 'INNODB_BUFFER_POOL_PAGES_BLOB', 'page_no', 2, '0', 'NO', 'bigint', NULL, NULL, 20, 0, NULL, NULL, 'bigint(21) unsigned', '', '', 'select', ''),
('def', 'information_schema', 'INNODB_BUFFER_POOL_PAGES_BLOB', 'compressed', 3, '0', 'NO', 'bigint', NULL, NULL, 20, 0, NULL, NULL, 'bigint(21) unsigned', '', '', 'select', ''),
('def', 'information_schema', 'INNODB_BUFFER_POOL_PAGES_BLOB', 'part_len', 4, '0', 'NO', 'bigint', NULL, NULL, 20, 0, NULL, NULL, 'bigint(21) unsigned', '', '', 'select', ''),
('def', 'information_schema', 'INNODB_BUFFER_POOL_PAGES_BLOB', 'next_page_no', 5, '0', 'NO', 'bigint', NULL, NULL, 20, 0, NULL, NULL, 'bigint(21) unsigned', '', '', 'select', ''),
('def', 'information_schema', 'INNODB_BUFFER_POOL_PAGES_BLOB', 'lru_position', 6, '0', 'NO', 'bigint', NULL, NULL, 20, 0, NULL, NULL, 'bigint(21) unsigned', '', '', 'select', ''),
('def', 'information_schema', 'INNODB_BUFFER_POOL_PAGES_BLOB', 'fix_count', 7, '0', 'NO', 'bigint', NULL, NULL, 20, 0, NULL, NULL, 'bigint(21) unsigned', '', '', 'select', ''),
('def', 'information_schema', 'INNODB_BUFFER_POOL_PAGES_BLOB', 'flush_type', 8, '0', 'NO', 'bigint', NULL, NULL, 20, 0, NULL, NULL, 'bigint(21) unsigned', '', '', 'select', ''),
('def', 'information_schema', 'INNODB_SYS_TABLES', 'TABLE_ID', 1, '0', 'NO', 'bigint', NULL, NULL, 20, 0, NULL, NULL, 'bigint(21) unsigned', '', '', 'select', ''),
('def', 'information_schema', 'INNODB_SYS_TABLES', 'SCHEMA', 2, '', 'NO', 'varchar', 193, 579, NULL, NULL, 'utf8', 'utf8_general_ci', 'varchar(193)', '', '', 'select', ''),
('def', 'information_schema', 'INNODB_SYS_TABLES', 'NAME', 3, '', 'NO', 'varchar', 193, 579, NULL, NULL, 'utf8', 'utf8_general_ci', 'varchar(193)', '', '', 'select', ''),
('def', 'information_schema', 'INNODB_SYS_TABLES', 'FLAG', 4, '0', 'NO', 'int', NULL, NULL, 10, 0, NULL, NULL, 'int(11)', '', '', 'select', ''),
('def', 'information_schema', 'INNODB_SYS_TABLES', 'N_COLS', 5, '0', 'NO', 'int', NULL, NULL, 10, 0, NULL, NULL, 'int(11)', '', '', 'select', ''),
('def', 'information_schema', 'INNODB_SYS_TABLES', 'SPACE', 6, '0', 'NO', 'int', NULL, NULL, 10, 0, NULL, NULL, 'int(11)', '', '', 'select', ''),
('def', 'information_schema', 'INNODB_SYS_FIELDS', 'INDEX_ID', 1, '0', 'NO', 'bigint', NULL, NULL, 20, 0, NULL, NULL, 'bigint(21) unsigned', '', '', 'select', ''),
('def', 'information_schema', 'INNODB_SYS_FIELDS', 'NAME', 2, '', 'NO', 'varchar', 193, 579, NULL, NULL, 'utf8', 'utf8_general_ci', 'varchar(193)', '', '', 'select', ''),
('def', 'information_schema', 'INNODB_SYS_FIELDS', 'POS', 3, '0', 'NO', 'int', NULL, NULL, 10, 0, NULL, NULL, 'int(11) unsigned', '', '', 'select', ''),
('def', 'information_schema', 'INNODB_SYS_COLUMNS', 'TABLE_ID', 1, '0', 'NO', 'bigint', NULL, NULL, 20, 0, NULL, NULL, 'bigint(21) unsigned', '', '', 'select', ''),
('def', 'information_schema', 'INNODB_SYS_COLUMNS', 'NAME', 2, '', 'NO', 'varchar', 193, 579, NULL, NULL, 'utf8', 'utf8_general_ci', 'varchar(193)', '', '', 'select', ''),
('def', 'information_schema', 'INNODB_SYS_COLUMNS', 'POS', 3, '0', 'NO', 'bigint', NULL, NULL, 20, 0, NULL, NULL, 'bigint(21) unsigned', '', '', 'select', ''),
('def', 'information_schema', 'INNODB_SYS_COLUMNS', 'MTYPE', 4, '0', 'NO', 'int', NULL, NULL, 10, 0, NULL, NULL, 'int(11)', '', '', 'select', ''),
('def', 'information_schema', 'INNODB_SYS_COLUMNS', 'PRTYPE', 5, '0', 'NO', 'int', NULL, NULL, 10, 0, NULL, NULL, 'int(11)', '', '', 'select', ''),
('def', 'information_schema', 'INNODB_SYS_COLUMNS', 'LEN', 6, '0', 'NO', 'int', NULL, NULL, 10, 0, NULL, NULL, 'int(11)', '', '', 'select', ''),
('def', 'information_schema', 'INNODB_BUFFER_PAGE', 'POOL_ID', 1, '0', 'NO', 'bigint', NULL, NULL, 20, 0, NULL, NULL, 'bigint(21) unsigned', '', '', 'select', ''),
('def', 'information_schema', 'INNODB_BUFFER_PAGE', 'BLOCK_ID', 2, '0', 'NO', 'bigint', NULL, NULL, 20, 0, NULL, NULL, 'bigint(21) unsigned', '', '', 'select', ''),
('def', 'information_schema', 'INNODB_BUFFER_PAGE', 'SPACE', 3, '0', 'NO', 'bigint', NULL, NULL, 20, 0, NULL, NULL, 'bigint(21) unsigned', '', '', 'select', ''),
('def', 'information_schema', 'INNODB_BUFFER_PAGE', 'PAGE_NUMBER', 4, '0', 'NO', 'bigint', NULL, NULL, 20, 0, NULL, NULL, 'bigint(21) unsigned', '', '', 'select', ''),
('def', 'information_schema', 'INNODB_BUFFER_PAGE', 'PAGE_TYPE', 5, NULL, 'YES', 'varchar', 64, 192, NULL, NULL, 'utf8', 'utf8_general_ci', 'varchar(64)', '', '', 'select', ''),
('def', 'information_schema', 'INNODB_BUFFER_PAGE', 'FLUSH_TYPE', 6, '0', 'NO', 'bigint', NULL, NULL, 20, 0, NULL, NULL, 'bigint(21) unsigned', '', '', 'select', ''),
('def', 'information_schema', 'INNODB_BUFFER_PAGE', 'FIX_COUNT', 7, '0', 'NO', 'bigint', NULL, NULL, 20, 0, NULL, NULL, 'bigint(21) unsigned', '', '', 'select', ''),
('def', 'information_schema', 'INNODB_BUFFER_PAGE', 'IS_HASHED', 8, NULL, 'YES', 'varchar', 3, 9, NULL, NULL, 'utf8', 'utf8_general_ci', 'varchar(3)', '', '', 'select', ''),
('def', 'information_schema', 'INNODB_BUFFER_PAGE', 'NEWEST_MODIFICATION', 9, '0', 'NO', 'bigint', NULL, NULL, 20, 0, NULL, NULL, 'bigint(21) unsigned', '', '', 'select', '');
INSERT INTO `COLUMNS` (`TABLE_CATALOG`, `TABLE_SCHEMA`, `TABLE_NAME`, `COLUMN_NAME`, `ORDINAL_POSITION`, `COLUMN_DEFAULT`, `IS_NULLABLE`, `DATA_TYPE`, `CHARACTER_MAXIMUM_LENGTH`, `CHARACTER_OCTET_LENGTH`, `NUMERIC_PRECISION`, `NUMERIC_SCALE`, `CHARACTER_SET_NAME`, `COLLATION_NAME`, `COLUMN_TYPE`, `COLUMN_KEY`, `EXTRA`, `PRIVILEGES`, `COLUMN_COMMENT`) VALUES
('def', 'information_schema', 'INNODB_BUFFER_PAGE', 'OLDEST_MODIFICATION', 10, '0', 'NO', 'bigint', NULL, NULL, 20, 0, NULL, NULL, 'bigint(21) unsigned', '', '', 'select', ''),
('def', 'information_schema', 'INNODB_BUFFER_PAGE', 'ACCESS_TIME', 11, '0', 'NO', 'bigint', NULL, NULL, 20, 0, NULL, NULL, 'bigint(21) unsigned', '', '', 'select', ''),
('def', 'information_schema', 'INNODB_BUFFER_PAGE', 'TABLE_NAME', 12, NULL, 'YES', 'varchar', 1024, 3072, NULL, NULL, 'utf8', 'utf8_general_ci', 'varchar(1024)', '', '', 'select', ''),
('def', 'information_schema', 'INNODB_BUFFER_PAGE', 'INDEX_NAME', 13, NULL, 'YES', 'varchar', 1024, 3072, NULL, NULL, 'utf8', 'utf8_general_ci', 'varchar(1024)', '', '', 'select', ''),
('def', 'information_schema', 'INNODB_BUFFER_PAGE', 'NUMBER_RECORDS', 14, '0', 'NO', 'bigint', NULL, NULL, 20, 0, NULL, NULL, 'bigint(21) unsigned', '', '', 'select', ''),
('def', 'information_schema', 'INNODB_BUFFER_PAGE', 'DATA_SIZE', 15, '0', 'NO', 'bigint', NULL, NULL, 20, 0, NULL, NULL, 'bigint(21) unsigned', '', '', 'select', ''),
('def', 'information_schema', 'INNODB_BUFFER_PAGE', 'COMPRESSED_SIZE', 16, '0', 'NO', 'bigint', NULL, NULL, 20, 0, NULL, NULL, 'bigint(21) unsigned', '', '', 'select', ''),
('def', 'information_schema', 'INNODB_BUFFER_PAGE', 'PAGE_STATE', 17, NULL, 'YES', 'varchar', 64, 192, NULL, NULL, 'utf8', 'utf8_general_ci', 'varchar(64)', '', '', 'select', ''),
('def', 'information_schema', 'INNODB_BUFFER_PAGE', 'IO_FIX', 18, NULL, 'YES', 'varchar', 64, 192, NULL, NULL, 'utf8', 'utf8_general_ci', 'varchar(64)', '', '', 'select', ''),
('def', 'information_schema', 'INNODB_BUFFER_PAGE', 'IS_OLD', 19, NULL, 'YES', 'varchar', 3, 9, NULL, NULL, 'utf8', 'utf8_general_ci', 'varchar(3)', '', '', 'select', ''),
('def', 'information_schema', 'INNODB_BUFFER_PAGE', 'FREE_PAGE_CLOCK', 20, '0', 'NO', 'bigint', NULL, NULL, 20, 0, NULL, NULL, 'bigint(21) unsigned', '', '', 'select', ''),
('def', 'information_schema', 'INNODB_SYS_STATS', 'INDEX_ID', 1, '0', 'NO', 'bigint', NULL, NULL, 20, 0, NULL, NULL, 'bigint(21) unsigned', '', '', 'select', ''),
('def', 'information_schema', 'INNODB_SYS_STATS', 'KEY_COLS', 2, '0', 'NO', 'int', NULL, NULL, 10, 0, NULL, NULL, 'int(11) unsigned', '', '', 'select', ''),
('def', 'information_schema', 'INNODB_SYS_STATS', 'DIFF_VALS', 3, '0', 'NO', 'bigint', NULL, NULL, 20, 0, NULL, NULL, 'bigint(21) unsigned', '', '', 'select', ''),
('def', 'information_schema', 'INNODB_SYS_STATS', 'NON_NULL_VALS', 4, NULL, 'YES', 'bigint', NULL, NULL, 20, 0, NULL, NULL, 'bigint(21) unsigned', '', '', 'select', ''),
('def', 'information_schema', 'INNODB_SYS_FOREIGN', 'ID', 1, '', 'NO', 'varchar', 193, 579, NULL, NULL, 'utf8', 'utf8_general_ci', 'varchar(193)', '', '', 'select', ''),
('def', 'information_schema', 'INNODB_SYS_FOREIGN', 'FOR_NAME', 2, '', 'NO', 'varchar', 193, 579, NULL, NULL, 'utf8', 'utf8_general_ci', 'varchar(193)', '', '', 'select', ''),
('def', 'information_schema', 'INNODB_SYS_FOREIGN', 'REF_NAME', 3, '', 'NO', 'varchar', 193, 579, NULL, NULL, 'utf8', 'utf8_general_ci', 'varchar(193)', '', '', 'select', ''),
('def', 'information_schema', 'INNODB_SYS_FOREIGN', 'N_COLS', 4, '0', 'NO', 'int', NULL, NULL, 10, 0, NULL, NULL, 'int(11) unsigned', '', '', 'select', ''),
('def', 'information_schema', 'INNODB_SYS_FOREIGN', 'TYPE', 5, '0', 'NO', 'int', NULL, NULL, 10, 0, NULL, NULL, 'int(11) unsigned', '', '', 'select', ''),
('def', 'information_schema', 'INNODB_SYS_INDEXES', 'INDEX_ID', 1, '0', 'NO', 'bigint', NULL, NULL, 20, 0, NULL, NULL, 'bigint(21) unsigned', '', '', 'select', ''),
('def', 'information_schema', 'INNODB_SYS_INDEXES', 'NAME', 2, '', 'NO', 'varchar', 193, 579, NULL, NULL, 'utf8', 'utf8_general_ci', 'varchar(193)', '', '', 'select', ''),
('def', 'information_schema', 'INNODB_SYS_INDEXES', 'TABLE_ID', 3, '0', 'NO', 'bigint', NULL, NULL, 20, 0, NULL, NULL, 'bigint(21) unsigned', '', '', 'select', ''),
('def', 'information_schema', 'INNODB_SYS_INDEXES', 'TYPE', 4, '0', 'NO', 'int', NULL, NULL, 10, 0, NULL, NULL, 'int(11)', '', '', 'select', ''),
('def', 'information_schema', 'INNODB_SYS_INDEXES', 'N_FIELDS', 5, '0', 'NO', 'int', NULL, NULL, 10, 0, NULL, NULL, 'int(11)', '', '', 'select', ''),
('def', 'information_schema', 'INNODB_SYS_INDEXES', 'PAGE_NO', 6, '0', 'NO', 'int', NULL, NULL, 10, 0, NULL, NULL, 'int(11)', '', '', 'select', ''),
('def', 'information_schema', 'INNODB_SYS_INDEXES', 'SPACE', 7, '0', 'NO', 'int', NULL, NULL, 10, 0, NULL, NULL, 'int(11)', '', '', 'select', ''),
('def', 'information_schema', 'XTRADB_ADMIN_COMMAND', 'result_message', 1, '', 'NO', 'varchar', 1024, 3072, NULL, NULL, 'utf8', 'utf8_general_ci', 'varchar(1024)', '', '', 'select', ''),
('def', 'information_schema', 'INNODB_TABLE_STATS', 'table_schema', 1, '', 'NO', 'varchar', 192, 576, NULL, NULL, 'utf8', 'utf8_general_ci', 'varchar(192)', '', '', 'select', ''),
('def', 'information_schema', 'INNODB_TABLE_STATS', 'table_name', 2, '', 'NO', 'varchar', 192, 576, NULL, NULL, 'utf8', 'utf8_general_ci', 'varchar(192)', '', '', 'select', ''),
('def', 'information_schema', 'INNODB_TABLE_STATS', 'rows', 3, '0', 'NO', 'bigint', NULL, NULL, 20, 0, NULL, NULL, 'bigint(21) unsigned', '', '', 'select', ''),
('def', 'information_schema', 'INNODB_TABLE_STATS', 'clust_size', 4, '0', 'NO', 'bigint', NULL, NULL, 20, 0, NULL, NULL, 'bigint(21) unsigned', '', '', 'select', ''),
('def', 'information_schema', 'INNODB_TABLE_STATS', 'other_size', 5, '0', 'NO', 'bigint', NULL, NULL, 20, 0, NULL, NULL, 'bigint(21) unsigned', '', '', 'select', ''),
('def', 'information_schema', 'INNODB_TABLE_STATS', 'modified', 6, '0', 'NO', 'bigint', NULL, NULL, 20, 0, NULL, NULL, 'bigint(21) unsigned', '', '', 'select', ''),
('def', 'information_schema', 'INNODB_SYS_FOREIGN_COLS', 'ID', 1, '', 'NO', 'varchar', 193, 579, NULL, NULL, 'utf8', 'utf8_general_ci', 'varchar(193)', '', '', 'select', ''),
('def', 'information_schema', 'INNODB_SYS_FOREIGN_COLS', 'FOR_COL_NAME', 2, '', 'NO', 'varchar', 193, 579, NULL, NULL, 'utf8', 'utf8_general_ci', 'varchar(193)', '', '', 'select', ''),
('def', 'information_schema', 'INNODB_SYS_FOREIGN_COLS', 'REF_COL_NAME', 3, '', 'NO', 'varchar', 193, 579, NULL, NULL, 'utf8', 'utf8_general_ci', 'varchar(193)', '', '', 'select', ''),
('def', 'information_schema', 'INNODB_SYS_FOREIGN_COLS', 'POS', 4, '0', 'NO', 'int', NULL, NULL, 10, 0, NULL, NULL, 'int(11) unsigned', '', '', 'select', ''),
('def', 'information_schema', 'INNODB_BUFFER_PAGE_LRU', 'POOL_ID', 1, '0', 'NO', 'bigint', NULL, NULL, 20, 0, NULL, NULL, 'bigint(21) unsigned', '', '', 'select', ''),
('def', 'information_schema', 'INNODB_BUFFER_PAGE_LRU', 'LRU_POSITION', 2, '0', 'NO', 'bigint', NULL, NULL, 20, 0, NULL, NULL, 'bigint(21) unsigned', '', '', 'select', ''),
('def', 'information_schema', 'INNODB_BUFFER_PAGE_LRU', 'SPACE', 3, '0', 'NO', 'bigint', NULL, NULL, 20, 0, NULL, NULL, 'bigint(21) unsigned', '', '', 'select', ''),
('def', 'information_schema', 'INNODB_BUFFER_PAGE_LRU', 'PAGE_NUMBER', 4, '0', 'NO', 'bigint', NULL, NULL, 20, 0, NULL, NULL, 'bigint(21) unsigned', '', '', 'select', ''),
('def', 'information_schema', 'INNODB_BUFFER_PAGE_LRU', 'PAGE_TYPE', 5, NULL, 'YES', 'varchar', 64, 192, NULL, NULL, 'utf8', 'utf8_general_ci', 'varchar(64)', '', '', 'select', ''),
('def', 'information_schema', 'INNODB_BUFFER_PAGE_LRU', 'FLUSH_TYPE', 6, '0', 'NO', 'bigint', NULL, NULL, 20, 0, NULL, NULL, 'bigint(21) unsigned', '', '', 'select', ''),
('def', 'information_schema', 'INNODB_BUFFER_PAGE_LRU', 'FIX_COUNT', 7, '0', 'NO', 'bigint', NULL, NULL, 20, 0, NULL, NULL, 'bigint(21) unsigned', '', '', 'select', ''),
('def', 'information_schema', 'INNODB_BUFFER_PAGE_LRU', 'IS_HASHED', 8, NULL, 'YES', 'varchar', 3, 9, NULL, NULL, 'utf8', 'utf8_general_ci', 'varchar(3)', '', '', 'select', ''),
('def', 'information_schema', 'INNODB_BUFFER_PAGE_LRU', 'NEWEST_MODIFICATION', 9, '0', 'NO', 'bigint', NULL, NULL, 20, 0, NULL, NULL, 'bigint(21) unsigned', '', '', 'select', ''),
('def', 'information_schema', 'INNODB_BUFFER_PAGE_LRU', 'OLDEST_MODIFICATION', 10, '0', 'NO', 'bigint', NULL, NULL, 20, 0, NULL, NULL, 'bigint(21) unsigned', '', '', 'select', ''),
('def', 'information_schema', 'INNODB_BUFFER_PAGE_LRU', 'ACCESS_TIME', 11, '0', 'NO', 'bigint', NULL, NULL, 20, 0, NULL, NULL, 'bigint(21) unsigned', '', '', 'select', ''),
('def', 'information_schema', 'INNODB_BUFFER_PAGE_LRU', 'TABLE_NAME', 12, NULL, 'YES', 'varchar', 1024, 3072, NULL, NULL, 'utf8', 'utf8_general_ci', 'varchar(1024)', '', '', 'select', ''),
('def', 'information_schema', 'INNODB_BUFFER_PAGE_LRU', 'INDEX_NAME', 13, NULL, 'YES', 'varchar', 1024, 3072, NULL, NULL, 'utf8', 'utf8_general_ci', 'varchar(1024)', '', '', 'select', ''),
('def', 'information_schema', 'INNODB_BUFFER_PAGE_LRU', 'NUMBER_RECORDS', 14, '0', 'NO', 'bigint', NULL, NULL, 20, 0, NULL, NULL, 'bigint(21) unsigned', '', '', 'select', ''),
('def', 'information_schema', 'INNODB_BUFFER_PAGE_LRU', 'DATA_SIZE', 15, '0', 'NO', 'bigint', NULL, NULL, 20, 0, NULL, NULL, 'bigint(21) unsigned', '', '', 'select', ''),
('def', 'information_schema', 'INNODB_BUFFER_PAGE_LRU', 'COMPRESSED_SIZE', 16, '0', 'NO', 'bigint', NULL, NULL, 20, 0, NULL, NULL, 'bigint(21) unsigned', '', '', 'select', ''),
('def', 'information_schema', 'INNODB_BUFFER_PAGE_LRU', 'COMPRESSED', 17, NULL, 'YES', 'varchar', 3, 9, NULL, NULL, 'utf8', 'utf8_general_ci', 'varchar(3)', '', '', 'select', ''),
('def', 'information_schema', 'INNODB_BUFFER_PAGE_LRU', 'IO_FIX', 18, NULL, 'YES', 'varchar', 64, 192, NULL, NULL, 'utf8', 'utf8_general_ci', 'varchar(64)', '', '', 'select', ''),
('def', 'information_schema', 'INNODB_BUFFER_PAGE_LRU', 'IS_OLD', 19, NULL, 'YES', 'varchar', 3, 9, NULL, NULL, 'utf8', 'utf8_general_ci', 'varchar(3)', '', '', 'select', ''),
('def', 'information_schema', 'INNODB_BUFFER_PAGE_LRU', 'FREE_PAGE_CLOCK', 20, '0', 'NO', 'bigint', NULL, NULL, 20, 0, NULL, NULL, 'bigint(21) unsigned', '', '', 'select', ''),
('def', 'information_schema', 'INNODB_BUFFER_POOL_STATS', 'POOL_ID', 1, '0', 'NO', 'bigint', NULL, NULL, 20, 0, NULL, NULL, 'bigint(21) unsigned', '', '', 'select', ''),
('def', 'information_schema', 'INNODB_BUFFER_POOL_STATS', 'POOL_SIZE', 2, '0', 'NO', 'bigint', NULL, NULL, 20, 0, NULL, NULL, 'bigint(21) unsigned', '', '', 'select', ''),
('def', 'information_schema', 'INNODB_BUFFER_POOL_STATS', 'FREE_BUFFERS', 3, '0', 'NO', 'bigint', NULL, NULL, 20, 0, NULL, NULL, 'bigint(21) unsigned', '', '', 'select', ''),
('def', 'information_schema', 'INNODB_BUFFER_POOL_STATS', 'DATABASE_PAGES', 4, '0', 'NO', 'bigint', NULL, NULL, 20, 0, NULL, NULL, 'bigint(21) unsigned', '', '', 'select', ''),
('def', 'information_schema', 'INNODB_BUFFER_POOL_STATS', 'OLD_DATABASE_PAGES', 5, '0', 'NO', 'bigint', NULL, NULL, 20, 0, NULL, NULL, 'bigint(21) unsigned', '', '', 'select', ''),
('def', 'information_schema', 'INNODB_BUFFER_POOL_STATS', 'MODIFIED_DATABASE_PAGES', 6, '0', 'NO', 'bigint', NULL, NULL, 20, 0, NULL, NULL, 'bigint(21) unsigned', '', '', 'select', ''),
('def', 'information_schema', 'INNODB_BUFFER_POOL_STATS', 'PENDING_DECOMPRESS', 7, '0', 'NO', 'bigint', NULL, NULL, 20, 0, NULL, NULL, 'bigint(21) unsigned', '', '', 'select', ''),
('def', 'information_schema', 'INNODB_BUFFER_POOL_STATS', 'PENDING_READS', 8, '0', 'NO', 'bigint', NULL, NULL, 20, 0, NULL, NULL, 'bigint(21) unsigned', '', '', 'select', ''),
('def', 'information_schema', 'INNODB_BUFFER_POOL_STATS', 'PENDING_FLUSH_LRU', 9, '0', 'NO', 'bigint', NULL, NULL, 20, 0, NULL, NULL, 'bigint(21) unsigned', '', '', 'select', ''),
('def', 'information_schema', 'INNODB_BUFFER_POOL_STATS', 'PENDING_FLUSH_LIST', 10, '0', 'NO', 'bigint', NULL, NULL, 20, 0, NULL, NULL, 'bigint(21) unsigned', '', '', 'select', ''),
('def', 'information_schema', 'INNODB_BUFFER_POOL_STATS', 'PAGES_MADE_YOUNG', 11, '0', 'NO', 'bigint', NULL, NULL, 20, 0, NULL, NULL, 'bigint(21) unsigned', '', '', 'select', ''),
('def', 'information_schema', 'INNODB_BUFFER_POOL_STATS', 'PAGES_NOT_MADE_YOUNG', 12, '0', 'NO', 'bigint', NULL, NULL, 20, 0, NULL, NULL, 'bigint(21) unsigned', '', '', 'select', ''),
('def', 'information_schema', 'INNODB_BUFFER_POOL_STATS', 'PAGES_MADE_YOUNG_RATE', 13, '0', 'NO', 'double', NULL, NULL, 12, NULL, NULL, NULL, 'double', '', '', 'select', ''),
('def', 'information_schema', 'INNODB_BUFFER_POOL_STATS', 'PAGES_MADE_NOT_YOUNG_RATE', 14, '0', 'NO', 'double', NULL, NULL, 12, NULL, NULL, NULL, 'double', '', '', 'select', ''),
('def', 'information_schema', 'INNODB_BUFFER_POOL_STATS', 'NUMBER_PAGES_READ', 15, '0', 'NO', 'bigint', NULL, NULL, 20, 0, NULL, NULL, 'bigint(21) unsigned', '', '', 'select', ''),
('def', 'information_schema', 'INNODB_BUFFER_POOL_STATS', 'NUMBER_PAGES_CREATED', 16, '0', 'NO', 'bigint', NULL, NULL, 20, 0, NULL, NULL, 'bigint(21) unsigned', '', '', 'select', ''),
('def', 'information_schema', 'INNODB_BUFFER_POOL_STATS', 'NUMBER_PAGES_WRITTEN', 17, '0', 'NO', 'bigint', NULL, NULL, 20, 0, NULL, NULL, 'bigint(21) unsigned', '', '', 'select', ''),
('def', 'information_schema', 'INNODB_BUFFER_POOL_STATS', 'PAGES_READ_RATE', 18, '0', 'NO', 'double', NULL, NULL, 12, NULL, NULL, NULL, 'double', '', '', 'select', ''),
('def', 'information_schema', 'INNODB_BUFFER_POOL_STATS', 'PAGES_CREATE_RATE', 19, '0', 'NO', 'double', NULL, NULL, 12, NULL, NULL, NULL, 'double', '', '', 'select', ''),
('def', 'information_schema', 'INNODB_BUFFER_POOL_STATS', 'PAGES_WRITTEN_RATE', 20, '0', 'NO', 'double', NULL, NULL, 12, NULL, NULL, NULL, 'double', '', '', 'select', ''),
('def', 'information_schema', 'INNODB_BUFFER_POOL_STATS', 'NUMBER_PAGES_GET', 21, '0', 'NO', 'bigint', NULL, NULL, 20, 0, NULL, NULL, 'bigint(21) unsigned', '', '', 'select', ''),
('def', 'information_schema', 'INNODB_BUFFER_POOL_STATS', 'HIT_RATE', 22, '0', 'NO', 'bigint', NULL, NULL, 20, 0, NULL, NULL, 'bigint(21) unsigned', '', '', 'select', ''),
('def', 'information_schema', 'INNODB_BUFFER_POOL_STATS', 'YOUNG_MAKE_PER_THOUSAND_GETS', 23, '0', 'NO', 'bigint', NULL, NULL, 20, 0, NULL, NULL, 'bigint(21) unsigned', '', '', 'select', ''),
('def', 'information_schema', 'INNODB_BUFFER_POOL_STATS', 'NOT_YOUNG_MAKE_PER_THOUSAND_GETS', 24, '0', 'NO', 'bigint', NULL, NULL, 20, 0, NULL, NULL, 'bigint(21) unsigned', '', '', 'select', ''),
('def', 'information_schema', 'INNODB_BUFFER_POOL_STATS', 'NUMBER_PAGES_READ_AHEAD', 25, '0', 'NO', 'bigint', NULL, NULL, 20, 0, NULL, NULL, 'bigint(21) unsigned', '', '', 'select', ''),
('def', 'information_schema', 'INNODB_BUFFER_POOL_STATS', 'NUMBER_READ_AHEAD_EVICTED', 26, '0', 'NO', 'bigint', NULL, NULL, 20, 0, NULL, NULL, 'bigint(21) unsigned', '', '', 'select', ''),
('def', 'information_schema', 'INNODB_BUFFER_POOL_STATS', 'READ_AHEAD_RATE', 27, '0', 'NO', 'double', NULL, NULL, 12, NULL, NULL, NULL, 'double', '', '', 'select', ''),
('def', 'information_schema', 'INNODB_BUFFER_POOL_STATS', 'READ_AHEAD_EVICTED_RATE', 28, '0', 'NO', 'double', NULL, NULL, 12, NULL, NULL, NULL, 'double', '', '', 'select', ''),
('def', 'information_schema', 'INNODB_BUFFER_POOL_STATS', 'LRU_IO_TOTAL', 29, '0', 'NO', 'bigint', NULL, NULL, 20, 0, NULL, NULL, 'bigint(21) unsigned', '', '', 'select', ''),
('def', 'information_schema', 'INNODB_BUFFER_POOL_STATS', 'LRU_IO_CURRENT', 30, '0', 'NO', 'bigint', NULL, NULL, 20, 0, NULL, NULL, 'bigint(21) unsigned', '', '', 'select', ''),
('def', 'information_schema', 'INNODB_BUFFER_POOL_STATS', 'UNCOMPRESS_TOTAL', 31, '0', 'NO', 'bigint', NULL, NULL, 20, 0, NULL, NULL, 'bigint(21) unsigned', '', '', 'select', ''),
('def', 'information_schema', 'INNODB_BUFFER_POOL_STATS', 'UNCOMPRESS_CURRENT', 32, '0', 'NO', 'bigint', NULL, NULL, 20, 0, NULL, NULL, 'bigint(21) unsigned', '', '', 'select', ''),
('def', '20454239_1', 'Action', 'idAction', 1, NULL, 'NO', 'int', NULL, NULL, 10, 0, NULL, NULL, 'int(11)', 'PRI', 'auto_increment', 'select,insert,update,references', ''),
('def', '20454239_1', 'Action', 'type', 2, NULL, 'NO', 'varchar', 128, 384, NULL, NULL, 'utf8', 'utf8_unicode_ci', 'varchar(128)', '', '', 'select,insert,update,references', ''),
('def', '20454239_1', 'Action', 'time', 3, NULL, 'NO', 'bigint', NULL, NULL, 19, 0, NULL, NULL, 'bigint(20)', '', '', 'select,insert,update,references', ''),
('def', '20454239_1', 'Action', 'screenWidth', 4, NULL, 'NO', 'int', NULL, NULL, 10, 0, NULL, NULL, 'int(11)', '', '', 'select,insert,update,references', ''),
('def', '20454239_1', 'Action', 'screenHeight', 5, NULL, 'NO', 'int', NULL, NULL, 10, 0, NULL, NULL, 'int(11)', '', '', 'select,insert,update,references', ''),
('def', '20454239_1', 'Action', 'xPosition', 6, NULL, 'YES', 'int', NULL, NULL, 10, 0, NULL, NULL, 'int(11)', '', '', 'select,insert,update,references', ''),
('def', '20454239_1', 'Action', 'yPosition', 7, NULL, 'YES', 'int', NULL, NULL, 10, 0, NULL, NULL, 'int(11)', '', '', 'select,insert,update,references', ''),
('def', '20454239_1', 'Action', 'xPositionFinish', 8, NULL, 'YES', 'int', NULL, NULL, 10, 0, NULL, NULL, 'int(11)', '', '', 'select,insert,update,references', ''),
('def', '20454239_1', 'Action', 'yPositionFinish', 9, NULL, 'YES', 'int', NULL, NULL, 10, 0, NULL, NULL, 'int(11)', '', '', 'select,insert,update,references', ''),
('def', '20454239_1', 'Category', 'idCategory', 1, NULL, 'NO', 'int', NULL, NULL, 10, 0, NULL, NULL, 'int(11)', 'PRI', '', 'select,insert,update,references', ''),
('def', '20454239_1', 'Category', 'name', 2, NULL, 'NO', 'varchar', 45, 45, NULL, NULL, 'latin2', 'latin2_general_ci', 'varchar(45)', '', '', 'select,insert,update,references', ''),
('def', '20454239_1', 'Category', 'description', 3, NULL, 'YES', 'varchar', 45, 45, NULL, NULL, 'latin2', 'latin2_general_ci', 'varchar(45)', '', '', 'select,insert,update,references', ''),
('def', '20454239_1', 'Client', 'idClient', 1, NULL, 'NO', 'int', NULL, NULL, 10, 0, NULL, NULL, 'int(11)', 'PRI', 'auto_increment', 'select,insert,update,references', ''),
('def', '20454239_1', 'Client', 'device', 2, NULL, 'YES', 'varchar', 128, 128, NULL, NULL, 'latin2', 'latin2_general_ci', 'varchar(128)', '', '', 'select,insert,update,references', ''),
('def', '20454239_1', 'Client', 'browser', 3, NULL, 'YES', 'varchar', 128, 128, NULL, NULL, 'latin2', 'latin2_general_ci', 'varchar(128)', '', '', 'select,insert,update,references', ''),
('def', '20454239_1', 'Client', 'age', 4, NULL, 'YES', 'int', NULL, NULL, 10, 0, NULL, NULL, 'int(11)', '', '', 'select,insert,update,references', ''),
('def', '20454239_1', 'Client', 'sex', 5, NULL, 'YES', 'varchar', 45, 45, NULL, NULL, 'latin2', 'latin2_general_ci', 'varchar(45)', '', '', 'select,insert,update,references', ''),
('def', '20454239_1', 'Client', 'system', 6, NULL, 'YES', 'varchar', 128, 128, NULL, NULL, 'latin2', 'latin2_general_ci', 'varchar(128)', '', '', 'select,insert,update,references', ''),
('def', '20454239_1', 'Client', 'hand', 7, NULL, 'YES', 'varchar', 45, 45, NULL, NULL, 'latin2', 'latin2_general_ci', 'varchar(45)', '', '', 'select,insert,update,references', ''),
('def', '20454239_1', 'Client', 'createDate', 8, NULL, 'YES', 'bigint', NULL, NULL, 19, 0, NULL, NULL, 'bigint(20)', '', '', 'select,insert,update,references', ''),
('def', '20454239_1', 'Client', 'education', 9, NULL, 'YES', 'varchar', 45, 45, NULL, NULL, 'latin2', 'latin2_general_ci', 'varchar(45)', '', '', 'select,insert,update,references', ''),
('def', '20454239_1', 'Client_Task', 'idClient', 1, NULL, 'NO', 'int', NULL, NULL, 10, 0, NULL, NULL, 'int(11)', 'MUL', '', 'select,insert,update,references', ''),
('def', '20454239_1', 'Client_Task', 'idTask', 2, NULL, 'NO', 'int', NULL, NULL, 10, 0, NULL, NULL, 'int(11)', 'MUL', '', 'select,insert,update,references', ''),
('def', '20454239_1', 'Interface', 'idInterface', 1, NULL, 'NO', 'int', NULL, NULL, 10, 0, NULL, NULL, 'int(11)', 'PRI', '', 'select,insert,update,references', ''),
('def', '20454239_1', 'Interface', 'name', 2, NULL, 'NO', 'varchar', 255, 255, NULL, NULL, 'latin2', 'latin2_general_ci', 'varchar(255)', '', '', 'select,insert,update,references', ''),
('def', '20454239_1', 'Interface', 'description', 3, NULL, 'YES', 'varchar', 255, 255, NULL, NULL, 'latin2', 'latin2_general_ci', 'varchar(255)', '', '', 'select,insert,update,references', ''),
('def', '20454239_1', 'Product', 'idProdukt', 1, NULL, 'NO', 'int', NULL, NULL, 10, 0, NULL, NULL, 'int(11)', 'PRI', 'auto_increment', 'select,insert,update,references', ''),
('def', '20454239_1', 'Product', 'name', 2, NULL, 'NO', 'varchar', 256, 256, NULL, NULL, 'latin2', 'latin2_general_ci', 'varchar(256)', 'MUL', '', 'select,insert,update,references', ''),
('def', '20454239_1', 'Product', 'description', 3, NULL, 'NO', 'varchar', 3000, 3000, NULL, NULL, 'latin2', 'latin2_general_ci', 'varchar(3000)', '', '', 'select,insert,update,references', ''),
('def', '20454239_1', 'Product', 'price', 4, NULL, 'NO', 'float', NULL, NULL, 12, NULL, NULL, NULL, 'float', '', '', 'select,insert,update,references', ''),
('def', '20454239_1', 'Product', 'idCategory', 5, NULL, 'NO', 'int', NULL, NULL, 10, 0, NULL, NULL, 'int(11)', 'MUL', '', 'select,insert,update,references', ''),
('def', '20454239_1', 'Product', 'isPromotion', 6, NULL, 'NO', 'tinyint', NULL, NULL, 3, 0, NULL, NULL, 'tinyint(4)', '', '', 'select,insert,update,references', ''),
('def', '20454239_1', 'Product', 'imageId', 7, '1', 'NO', 'varchar', 45, 45, NULL, NULL, 'latin2', 'latin2_general_ci', 'varchar(45)', '', '', 'select,insert,update,references', ''),
('def', '20454239_1', 'Task', 'idTask', 1, NULL, 'NO', 'int', NULL, NULL, 10, 0, NULL, NULL, 'int(11)', 'PRI', 'auto_increment', 'select,insert,update,references', ''),
('def', '20454239_1', 'Task', 'idProduct', 2, NULL, 'NO', 'int', NULL, NULL, 10, 0, NULL, NULL, 'int(11)', 'MUL', '', 'select,insert,update,references', ''),
('def', '20454239_1', 'Task', 'idInterface', 3, NULL, 'NO', 'int', NULL, NULL, 10, 0, NULL, NULL, 'int(11)', 'MUL', '', 'select,insert,update,references', ''),
('def', '20454239_1', 'Task', 'startTime', 4, NULL, 'YES', 'bigint', NULL, NULL, 19, 0, NULL, NULL, 'bigint(20)', '', '', 'select,insert,update,references', ''),
('def', '20454239_1', 'Task', 'endTime', 5, NULL, 'YES', 'bigint', NULL, NULL, 19, 0, NULL, NULL, 'bigint(20)', '', '', 'select,insert,update,references', ''),
('def', '20454239_1', 'Task', 'success', 6, '0', 'NO', 'tinyint', NULL, NULL, 3, 0, NULL, NULL, 'tinyint(4)', 'PRI', '', 'select,insert,update,references', ''),
('def', '20454239_1', 'Task', 'bestRate', 7, '-1', 'YES', 'int', NULL, NULL, 10, 0, NULL, NULL, 'int(11)', '', '', 'select,insert,update,references', ''),
('def', '20454239_1', 'Task', 'innovationRate', 8, '-1', 'YES', 'int', NULL, NULL, 10, 0, NULL, NULL, 'int(11)', '', '', 'select,insert,update,references', ''),
('def', '20454239_1', 'Task', 'comment', 9, '', 'YES', 'varchar', 500, 500, NULL, NULL, 'latin2', 'latin2_general_ci', 'varchar(500)', '', '', 'select,insert,update,references', ''),
('def', '20454239_1', 'Task_Action', 'idTask', 1, NULL, 'NO', 'int', NULL, NULL, 10, 0, NULL, NULL, 'int(11)', 'MUL', '', 'select,insert,update,references', ''),
('def', '20454239_1', 'Task_Action', 'idAction', 2, NULL, 'NO', 'int', NULL, NULL, 10, 0, NULL, NULL, 'int(11)', 'MUL', '', 'select,insert,update,references', '');

-- --------------------------------------------------------

--
-- Struktura tabeli dla tabeli `COLUMN_PRIVILEGES`
--

CREATE TEMPORARY TABLE `COLUMN_PRIVILEGES` (
  `GRANTEE` varchar(81) NOT NULL DEFAULT '',
  `TABLE_CATALOG` varchar(512) NOT NULL DEFAULT '',
  `TABLE_SCHEMA` varchar(64) NOT NULL DEFAULT '',
  `TABLE_NAME` varchar(64) NOT NULL DEFAULT '',
  `COLUMN_NAME` varchar(64) NOT NULL DEFAULT '',
  `PRIVILEGE_TYPE` varchar(64) NOT NULL DEFAULT '',
  `IS_GRANTABLE` varchar(3) NOT NULL DEFAULT ''
) ENGINE=MEMORY DEFAULT CHARSET=utf8;

-- --------------------------------------------------------

--
-- Struktura tabeli dla tabeli `INDEX_STATISTICS`
--

CREATE TEMPORARY TABLE `INDEX_STATISTICS` (
  `TABLE_SCHEMA` varchar(192) NOT NULL DEFAULT '',
  `TABLE_NAME` varchar(192) NOT NULL DEFAULT '',
  `INDEX_NAME` varchar(192) NOT NULL DEFAULT '',
  `ROWS_READ` bigint(21) unsigned NOT NULL DEFAULT '0'
) ENGINE=MEMORY DEFAULT CHARSET=utf8;

--
-- Zrzut danych tabeli `INDEX_STATISTICS`
--

INSERT INTO `INDEX_STATISTICS` (`TABLE_SCHEMA`, `TABLE_NAME`, `INDEX_NAME`, `ROWS_READ`) VALUES
('20454239_1', 'Product', 'PRIMARY', 11340),
('20454239_1', 'Client', 'PRIMARY', 1608),
('20454239_1', 'Task_Action', 'action_task_idx', 668),
('20454239_1', 'Product', 'category_idx', 45520),
('20454239_1', 'Client', 'idClient_UNIQUE', 29),
('20454239_1', 'Action', 'PRIMARY', 30973),
('20454239_1', 'Task', 'PRIMARY', 5694),
('20454239_1', 'Task_Action', 'task_action_idx', 18114),
('20454239_1', 'Client_Task', 'client_key', 3484),
('20454239_1', 'Category', 'PRIMARY', 8216),
('20454239_1', 'Action', 'idAction_UNIQUE', 668),
('20454239_1', 'Interface', 'PRIMARY', 88),
('20454239_1', 'Task', 'idProduct', 116);

-- --------------------------------------------------------

--
-- Struktura tabeli dla tabeli `ENGINES`
--

CREATE TEMPORARY TABLE `ENGINES` (
  `ENGINE` varchar(64) NOT NULL DEFAULT '',
  `SUPPORT` varchar(8) NOT NULL DEFAULT '',
  `COMMENT` varchar(80) NOT NULL DEFAULT '',
  `TRANSACTIONS` varchar(3) DEFAULT NULL,
  `XA` varchar(3) DEFAULT NULL,
  `SAVEPOINTS` varchar(3) DEFAULT NULL
) ENGINE=MEMORY DEFAULT CHARSET=utf8;

--
-- Zrzut danych tabeli `ENGINES`
--

INSERT INTO `ENGINES` (`ENGINE`, `SUPPORT`, `COMMENT`, `TRANSACTIONS`, `XA`, `SAVEPOINTS`) VALUES
('MRG_MYISAM', 'YES', 'Collection of identical MyISAM tables', 'NO', 'NO', 'NO'),
('PERFORMANCE_SCHEMA', 'YES', 'Performance Schema', 'NO', 'NO', 'NO'),
('CSV', 'YES', 'CSV storage engine', 'NO', 'NO', 'NO'),
('MyISAM', 'YES', 'MyISAM storage engine', 'NO', 'NO', 'NO'),
('InnoDB', 'DEFAULT', 'Percona-XtraDB, Supports transactions, row-level locking, and foreign keys', 'YES', 'YES', 'YES'),
('MEMORY', 'YES', 'Hash based, stored in memory, useful for temporary tables', 'NO', 'NO', 'NO');

-- --------------------------------------------------------

--
-- Struktura tabeli dla tabeli `EVENTS`
--

CREATE TEMPORARY TABLE `EVENTS` (
  `EVENT_CATALOG` varchar(64) NOT NULL DEFAULT '',
  `EVENT_SCHEMA` varchar(64) NOT NULL DEFAULT '',
  `EVENT_NAME` varchar(64) NOT NULL DEFAULT '',
  `DEFINER` varchar(77) NOT NULL DEFAULT '',
  `TIME_ZONE` varchar(64) NOT NULL DEFAULT '',
  `EVENT_BODY` varchar(8) NOT NULL DEFAULT '',
  `EVENT_DEFINITION` longtext NOT NULL,
  `EVENT_TYPE` varchar(9) NOT NULL DEFAULT '',
  `EXECUTE_AT` datetime DEFAULT NULL,
  `INTERVAL_VALUE` varchar(256) DEFAULT NULL,
  `INTERVAL_FIELD` varchar(18) DEFAULT NULL,
  `SQL_MODE` varchar(8192) NOT NULL DEFAULT '',
  `STARTS` datetime DEFAULT NULL,
  `ENDS` datetime DEFAULT NULL,
  `STATUS` varchar(18) NOT NULL DEFAULT '',
  `ON_COMPLETION` varchar(12) NOT NULL DEFAULT '',
  `CREATED` datetime NOT NULL DEFAULT '0000-00-00 00:00:00',
  `LAST_ALTERED` datetime NOT NULL DEFAULT '0000-00-00 00:00:00',
  `LAST_EXECUTED` datetime DEFAULT NULL,
  `EVENT_COMMENT` varchar(64) NOT NULL DEFAULT '',
  `ORIGINATOR` bigint(10) NOT NULL DEFAULT '0',
  `CHARACTER_SET_CLIENT` varchar(32) NOT NULL DEFAULT '',
  `COLLATION_CONNECTION` varchar(32) NOT NULL DEFAULT '',
  `DATABASE_COLLATION` varchar(32) NOT NULL DEFAULT ''
) ENGINE=MyISAM DEFAULT CHARSET=utf8;

-- --------------------------------------------------------

--
-- Struktura tabeli dla tabeli `FILES`
--

CREATE TEMPORARY TABLE `FILES` (
  `FILE_ID` bigint(4) NOT NULL DEFAULT '0',
  `FILE_NAME` varchar(64) DEFAULT NULL,
  `FILE_TYPE` varchar(20) NOT NULL DEFAULT '',
  `TABLESPACE_NAME` varchar(64) DEFAULT NULL,
  `TABLE_CATALOG` varchar(64) NOT NULL DEFAULT '',
  `TABLE_SCHEMA` varchar(64) DEFAULT NULL,
  `TABLE_NAME` varchar(64) DEFAULT NULL,
  `LOGFILE_GROUP_NAME` varchar(64) DEFAULT NULL,
  `LOGFILE_GROUP_NUMBER` bigint(4) DEFAULT NULL,
  `ENGINE` varchar(64) NOT NULL DEFAULT '',
  `FULLTEXT_KEYS` varchar(64) DEFAULT NULL,
  `DELETED_ROWS` bigint(4) DEFAULT NULL,
  `UPDATE_COUNT` bigint(4) DEFAULT NULL,
  `FREE_EXTENTS` bigint(4) DEFAULT NULL,
  `TOTAL_EXTENTS` bigint(4) DEFAULT NULL,
  `EXTENT_SIZE` bigint(4) NOT NULL DEFAULT '0',
  `INITIAL_SIZE` bigint(21) unsigned DEFAULT NULL,
  `MAXIMUM_SIZE` bigint(21) unsigned DEFAULT NULL,
  `AUTOEXTEND_SIZE` bigint(21) unsigned DEFAULT NULL,
  `CREATION_TIME` datetime DEFAULT NULL,
  `LAST_UPDATE_TIME` datetime DEFAULT NULL,
  `LAST_ACCESS_TIME` datetime DEFAULT NULL,
  `RECOVER_TIME` bigint(4) DEFAULT NULL,
  `TRANSACTION_COUNTER` bigint(4) DEFAULT NULL,
  `VERSION` bigint(21) unsigned DEFAULT NULL,
  `ROW_FORMAT` varchar(10) DEFAULT NULL,
  `TABLE_ROWS` bigint(21) unsigned DEFAULT NULL,
  `AVG_ROW_LENGTH` bigint(21) unsigned DEFAULT NULL,
  `DATA_LENGTH` bigint(21) unsigned DEFAULT NULL,
  `MAX_DATA_LENGTH` bigint(21) unsigned DEFAULT NULL,
  `INDEX_LENGTH` bigint(21) unsigned DEFAULT NULL,
  `DATA_FREE` bigint(21) unsigned DEFAULT NULL,
  `CREATE_TIME` datetime DEFAULT NULL,
  `UPDATE_TIME` datetime DEFAULT NULL,
  `CHECK_TIME` datetime DEFAULT NULL,
  `CHECKSUM` bigint(21) unsigned DEFAULT NULL,
  `STATUS` varchar(20) NOT NULL DEFAULT '',
  `EXTRA` varchar(255) DEFAULT NULL
) ENGINE=MEMORY DEFAULT CHARSET=utf8;

-- --------------------------------------------------------

--
-- Struktura tabeli dla tabeli `GLOBAL_STATUS`
--

CREATE TEMPORARY TABLE `GLOBAL_STATUS` (
  `VARIABLE_NAME` varchar(64) NOT NULL DEFAULT '',
  `VARIABLE_VALUE` varchar(1024) DEFAULT NULL
) ENGINE=MEMORY DEFAULT CHARSET=utf8;

--
-- Zrzut danych tabeli `GLOBAL_STATUS`
--

INSERT INTO `GLOBAL_STATUS` (`VARIABLE_NAME`, `VARIABLE_VALUE`) VALUES
('ABORTED_CLIENTS', '56121'),
('ABORTED_CONNECTS', '125241'),
('BINLOG_CACHE_DISK_USE', '0'),
('BINLOG_CACHE_USE', '0'),
('BINLOG_STMT_CACHE_DISK_USE', '0'),
('BINLOG_STMT_CACHE_USE', '0'),
('BYTES_RECEIVED', '230481823079'),
('BYTES_SENT', '6173854581953'),
('COM_ADMIN_COMMANDS', '1496633'),
('COM_ASSIGN_TO_KEYCACHE', '0'),
('COM_ALTER_DB', '4'),
('COM_ALTER_DB_UPGRADE', '0'),
('COM_ALTER_EVENT', '0'),
('COM_ALTER_FUNCTION', '0'),
('COM_ALTER_PROCEDURE', '0'),
('COM_ALTER_SERVER', '0'),
('COM_ALTER_TABLE', '7546'),
('COM_ALTER_TABLESPACE', '0'),
('COM_ANALYZE', '0'),
('COM_BEGIN', '326447'),
('COM_BINLOG', '0'),
('COM_CALL_PROCEDURE', '35933'),
('COM_CHANGE_DB', '16394597'),
('COM_CHANGE_MASTER', '0'),
('COM_CHECK', '147994'),
('COM_CHECKSUM', '0'),
('COM_COMMIT', '325712'),
('COM_CREATE_DB', '74'),
('COM_CREATE_EVENT', '0'),
('COM_CREATE_FUNCTION', '0'),
('COM_CREATE_INDEX', '0'),
('COM_CREATE_PROCEDURE', '0'),
('COM_CREATE_SERVER', '0'),
('COM_CREATE_TABLE', '54844'),
('COM_CREATE_TRIGGER', '0'),
('COM_CREATE_UDF', '0'),
('COM_CREATE_USER', '1'),
('COM_CREATE_VIEW', '0'),
('COM_DEALLOC_SQL', '0'),
('COM_DELETE', '4402977'),
('COM_DELETE_MULTI', '11688'),
('COM_DO', '0'),
('COM_DROP_DB', '35'),
('COM_DROP_EVENT', '0'),
('COM_DROP_FUNCTION', '0'),
('COM_DROP_INDEX', '0'),
('COM_DROP_PROCEDURE', '0'),
('COM_DROP_SERVER', '0'),
('COM_DROP_TABLE', '6907'),
('COM_DROP_TRIGGER', '0'),
('COM_DROP_USER', '4'),
('COM_DROP_VIEW', '0'),
('COM_EMPTY_QUERY', '0'),
('COM_EXECUTE_SQL', '0'),
('COM_FLUSH', '41'),
('COM_GRANT', '1'),
('COM_HA_CLOSE', '0'),
('COM_HA_OPEN', '0'),
('COM_HA_READ', '0'),
('COM_HELP', '0'),
('COM_INSERT', '13030964'),
('COM_INSERT_SELECT', '29431'),
('COM_INSTALL_PLUGIN', '0'),
('COM_KILL', '53413'),
('COM_LOAD', '9370'),
('COM_LOCK_TABLES', '1629'),
('COM_OPTIMIZE', '230'),
('COM_PRELOAD_KEYS', '0'),
('COM_PREPARE_SQL', '0'),
('COM_PURGE', '0'),
('COM_PURGE_BEFORE_DATE', '0'),
('COM_RELEASE_SAVEPOINT', '45'),
('COM_RENAME_TABLE', '0'),
('COM_RENAME_USER', '0'),
('COM_REPAIR', '0'),
('COM_REPLACE', '53104'),
('COM_REPLACE_SELECT', '30'),
('COM_RESET', '0'),
('COM_RESIGNAL', '0'),
('COM_REVOKE', '0'),
('COM_REVOKE_ALL', '3'),
('COM_ROLLBACK', '730'),
('COM_ROLLBACK_TO_SAVEPOINT', '0'),
('COM_SAVEPOINT', '45'),
('COM_SELECT', '147476255'),
('COM_SET_OPTION', '33732702'),
('COM_SIGNAL', '0'),
('COM_SHOW_AUTHORS', '0'),
('COM_SHOW_BINLOG_EVENTS', '0'),
('COM_SHOW_BINLOGS', '111'),
('COM_SHOW_CHARSETS', '0'),
('COM_SHOW_CLIENT_STATISTICS', '0'),
('COM_SHOW_COLLATIONS', '9'),
('COM_SHOW_CONTRIBUTORS', '0'),
('COM_SHOW_CREATE_DB', '5984'),
('COM_SHOW_CREATE_EVENT', '0'),
('COM_SHOW_CREATE_FUNC', '160'),
('COM_SHOW_CREATE_PROC', '280'),
('COM_SHOW_CREATE_TABLE', '1031144'),
('COM_SHOW_CREATE_TRIGGER', '0'),
('COM_SHOW_DATABASES', '227'),
('COM_SHOW_ENGINE_LOGS', '0'),
('COM_SHOW_ENGINE_MUTEX', '0'),
('COM_SHOW_ENGINE_STATUS', '0'),
('COM_SHOW_EVENTS', '5'),
('COM_SHOW_ERRORS', '0'),
('COM_SHOW_FIELDS', '3576517'),
('COM_SHOW_FUNCTION_STATUS', '15980'),
('COM_SHOW_GRANTS', '59'),
('COM_SHOW_INDEX_STATISTICS', '0'),
('COM_SHOW_KEYS', '275852'),
('COM_SHOW_MASTER_STATUS', '105'),
('COM_SHOW_OPEN_TABLES', '0'),
('COM_SHOW_PLUGINS', '58'),
('COM_SHOW_PRIVILEGES', '0'),
('COM_SHOW_PROCEDURE_STATUS', '15980'),
('COM_SHOW_PROCESSLIST', '598527'),
('COM_SHOW_PROFILE', '0'),
('COM_SHOW_PROFILES', '16198'),
('COM_SHOW_RELAYLOG_EVENTS', '0'),
('COM_SHOW_SLAVE_HOSTS', '0'),
('COM_SHOW_SLAVE_STATUS', '105'),
('COM_SHOW_SLAVE_STATUS_NOLOCK', '0'),
('COM_SHOW_STATUS', '248524'),
('COM_SHOW_STORAGE_ENGINES', '20'),
('COM_SHOW_TABLE_STATISTICS', '0'),
('COM_SHOW_TABLE_STATUS', '1014990'),
('COM_SHOW_TABLES', '3548822'),
('COM_SHOW_TEMPORARY_TABLES', '0'),
('COM_SHOW_THREAD_STATISTICS', '0'),
('COM_SHOW_TRIGGERS', '994012'),
('COM_SHOW_USER_STATISTICS', '0'),
('COM_SHOW_VARIABLES', '1065964'),
('COM_SHOW_WARNINGS', '62'),
('COM_SLAVE_START', '0'),
('COM_SLAVE_STOP', '0'),
('COM_STMT_CLOSE', '19186'),
('COM_STMT_EXECUTE', '19192'),
('COM_STMT_FETCH', '0'),
('COM_STMT_PREPARE', '19188'),
('COM_STMT_REPREPARE', '0'),
('COM_STMT_RESET', '779'),
('COM_STMT_SEND_LONG_DATA', '0'),
('COM_TRUNCATE', '9324'),
('COM_UNINSTALL_PLUGIN', '0'),
('COM_UNLOCK_TABLES', '1637'),
('COM_UPDATE', '104792888'),
('COM_UPDATE_MULTI', '17986'),
('COM_XA_COMMIT', '0'),
('COM_XA_END', '0'),
('COM_XA_PREPARE', '0'),
('COM_XA_RECOVER', '0'),
('COM_XA_ROLLBACK', '0'),
('COM_XA_START', '0'),
('COMPRESSION', 'OFF'),
('CONNECTIONS', '17209863'),
('CREATED_TMP_DISK_TABLES', '12245391'),
('CREATED_TMP_FILES', '687195'),
('CREATED_TMP_TABLES', '38923904'),
('DELAYED_ERRORS', '0'),
('DELAYED_INSERT_THREADS', '0'),
('DELAYED_WRITES', '0'),
('FLASHCACHE_ENABLED', 'OFF'),
('FLUSH_COMMANDS', '1'),
('HANDLER_COMMIT', '98214947'),
('HANDLER_DELETE', '4483849'),
('HANDLER_DISCOVER', '0'),
('HANDLER_PREPARE', '0'),
('HANDLER_READ_FIRST', '658815014'),
('HANDLER_READ_KEY', '59601009470'),
('HANDLER_READ_LAST', '789355'),
('HANDLER_READ_NEXT', '1088359375701'),
('HANDLER_READ_PREV', '570021573'),
('HANDLER_READ_RND', '4519304025'),
('HANDLER_READ_RND_NEXT', '302894652373'),
('HANDLER_ROLLBACK', '7083'),
('HANDLER_SAVEPOINT', '43'),
('HANDLER_SAVEPOINT_ROLLBACK', '0'),
('HANDLER_UPDATE', '213770849'),
('HANDLER_WRITE', '7971890903'),
('INNODB_ADAPTIVE_HASH_CELLS', '553229'),
('INNODB_ADAPTIVE_HASH_HEAP_BUFFERS', '251'),
('INNODB_ADAPTIVE_HASH_HASH_SEARCHES', '23344070567'),
('INNODB_ADAPTIVE_HASH_NON_HASH_SEARCHES', '7667853756'),
('INNODB_BACKGROUND_LOG_SYNC', '1811193'),
('INNODB_BUFFER_POOL_PAGES_DATA', '16131'),
('INNODB_BUFFER_POOL_BYTES_DATA', '264290304'),
('INNODB_BUFFER_POOL_PAGES_DIRTY', '263'),
('INNODB_BUFFER_POOL_BYTES_DIRTY', '4308992'),
('INNODB_BUFFER_POOL_PAGES_FLUSHED', '25323044'),
('INNODB_BUFFER_POOL_PAGES_LRU_FLUSHED', '6895098'),
('INNODB_BUFFER_POOL_PAGES_FREE', '0'),
('INNODB_BUFFER_POOL_PAGES_MADE_NOT_YOUNG', '0'),
('INNODB_BUFFER_POOL_PAGES_MADE_YOUNG', '512126914'),
('INNODB_BUFFER_POOL_PAGES_MISC', '252'),
('INNODB_BUFFER_POOL_PAGES_OLD', '5935'),
('INNODB_BUFFER_POOL_PAGES_TOTAL', '16383'),
('INNODB_BUFFER_POOL_READ_AHEAD_RND', '0'),
('INNODB_BUFFER_POOL_READ_AHEAD', '45528611'),
('INNODB_BUFFER_POOL_READ_AHEAD_EVICTED', '4697091'),
('INNODB_BUFFER_POOL_READ_REQUESTS', '207345523711'),
('INNODB_BUFFER_POOL_READS', '353723933'),
('INNODB_BUFFER_POOL_WAIT_FREE', '0'),
('INNODB_BUFFER_POOL_WRITE_REQUESTS', '334237141'),
('INNODB_CHECKPOINT_AGE', '544250'),
('INNODB_CHECKPOINT_MAX_AGE', '53647074'),
('INNODB_CHECKPOINT_TARGET_AGE', '51970603'),
('INNODB_DATA_FSYNCS', '4710924'),
('INNODB_DATA_PENDING_FSYNCS', '0'),
('INNODB_DATA_PENDING_READS', '0'),
('INNODB_DATA_PENDING_WRITES', '0'),
('INNODB_DATA_READ', '6558807085568'),
('INNODB_DATA_READS', '400346835'),
('INNODB_DATA_WRITES', '27806248'),
('INNODB_DATA_WRITTEN', '876808456192'),
('INNODB_DBLWR_PAGES_WRITTEN', '25323044'),
('INNODB_DBLWR_WRITES', '388819'),
('INNODB_DEADLOCKS', '3'),
('INNODB_DICT_TABLES', '29432'),
('INNODB_HAVE_ATOMIC_BUILTINS', 'ON'),
('INNODB_HISTORY_LIST_LENGTH', '1100'),
('INNODB_IBUF_DISCARDED_DELETE_MARKS', '0'),
('INNODB_IBUF_DISCARDED_DELETES', '0'),
('INNODB_IBUF_DISCARDED_INSERTS', '0'),
('INNODB_IBUF_FREE_LIST', '1208'),
('INNODB_IBUF_MERGED_DELETE_MARKS', '529179'),
('INNODB_IBUF_MERGED_DELETES', '134854'),
('INNODB_IBUF_MERGED_INSERTS', '1624983'),
('INNODB_IBUF_MERGES', '1220368'),
('INNODB_IBUF_SEGMENT_SIZE', '1210'),
('INNODB_IBUF_SIZE', '1'),
('INNODB_LOG_WAITS', '0'),
('INNODB_LOG_WRITE_REQUESTS', '96521713'),
('INNODB_LOG_WRITES', '1657485'),
('INNODB_LSN_CURRENT', '3265177823948'),
('INNODB_LSN_FLUSHED', '3265177822771'),
('INNODB_LSN_LAST_CHECKPOINT', '3265177279698'),
('INNODB_MASTER_THREAD_1_SECOND_LOOPS', '1772822'),
('INNODB_MASTER_THREAD_10_SECOND_LOOPS', '177007'),
('INNODB_MASTER_THREAD_BACKGROUND_LOOPS', '5272'),
('INNODB_MASTER_THREAD_MAIN_FLUSH_LOOPS', '5264'),
('INNODB_MASTER_THREAD_SLEEPS', '1771847'),
('INNODB_MAX_TRX_ID', '8597191959'),
('INNODB_MEM_ADAPTIVE_HASH', '8558816'),
('INNODB_MEM_DICTIONARY', '232062602'),
('INNODB_MEM_TOTAL', '275513344'),
('INNODB_MUTEX_OS_WAITS', '120870'),
('INNODB_MUTEX_SPIN_ROUNDS', '839958577'),
('INNODB_MUTEX_SPIN_WAITS', '1689742342'),
('INNODB_OLDEST_VIEW_LOW_LIMIT_TRX_ID', '8597191898'),
('INNODB_OS_LOG_FSYNCS', '1835038'),
('INNODB_OS_LOG_PENDING_FSYNCS', '0'),
('INNODB_OS_LOG_PENDING_WRITES', '0'),
('INNODB_OS_LOG_WRITTEN', '46931218944'),
('INNODB_PAGE_SIZE', '16384'),
('INNODB_PAGES_CREATED', '1329567'),
('INNODB_PAGES_READ', '400317681'),
('INNODB_PAGES_WRITTEN', '25323044'),
('INNODB_PURGE_TRX_ID', '8597191885'),
('INNODB_PURGE_UNDO_NO', '0'),
('INNODB_ROW_LOCK_CURRENT_WAITS', '0'),
('INNODB_CURRENT_ROW_LOCKS', '0'),
('INNODB_ROW_LOCK_TIME', '1106248'),
('INNODB_ROW_LOCK_TIME_AVG', '79'),
('INNODB_ROW_LOCK_TIME_MAX', '6248'),
('INNODB_ROW_LOCK_WAITS', '13869'),
('INNODB_ROWS_DELETED', '1777530'),
('INNODB_ROWS_INSERTED', '6463506'),
('INNODB_ROWS_READ', '890117850191'),
('INNODB_ROWS_UPDATED', '112345675'),
('INNODB_READ_VIEWS_MEMORY', '664'),
('INNODB_DESCRIPTORS_MEMORY', '8000'),
('INNODB_S_LOCK_OS_WAITS', '675138'),
('INNODB_S_LOCK_SPIN_ROUNDS', '105066976'),
('INNODB_S_LOCK_SPIN_WAITS', '16541832'),
('INNODB_TRUNCATED_STATUS_WRITES', '0'),
('INNODB_X_LOCK_OS_WAITS', '94793'),
('INNODB_X_LOCK_SPIN_ROUNDS', '15666041'),
('INNODB_X_LOCK_SPIN_WAITS', '894452'),
('KEY_BLOCKS_NOT_FLUSHED', '0'),
('KEY_BLOCKS_UNUSED', '77492'),
('KEY_BLOCKS_USED', '214342'),
('KEY_READ_REQUESTS', '193314947777'),
('KEY_READS', '8181208'),
('KEY_WRITE_REQUESTS', '425988905'),
('KEY_WRITES', '13284055'),
('LAST_QUERY_COST', '0.000000'),
('MAX_USED_CONNECTIONS', '63'),
('NOT_FLUSHED_DELAYED_ROWS', '0'),
('OPEN_FILES', '2145'),
('OPEN_STREAMS', '0'),
('OPEN_TABLE_DEFINITIONS', '3686'),
('OPEN_TABLES', '4096'),
('OPENED_FILES', '53287933'),
('OPENED_TABLE_DEFINITIONS', '1859176'),
('OPENED_TABLES', '1972788'),
('PERFORMANCE_SCHEMA_COND_CLASSES_LOST', '0'),
('PERFORMANCE_SCHEMA_COND_INSTANCES_LOST', '0'),
('PERFORMANCE_SCHEMA_FILE_CLASSES_LOST', '0'),
('PERFORMANCE_SCHEMA_FILE_HANDLES_LOST', '0'),
('PERFORMANCE_SCHEMA_FILE_INSTANCES_LOST', '0'),
('PERFORMANCE_SCHEMA_LOCKER_LOST', '0'),
('PERFORMANCE_SCHEMA_MUTEX_CLASSES_LOST', '0'),
('PERFORMANCE_SCHEMA_MUTEX_INSTANCES_LOST', '0'),
('PERFORMANCE_SCHEMA_RWLOCK_CLASSES_LOST', '0'),
('PERFORMANCE_SCHEMA_RWLOCK_INSTANCES_LOST', '0'),
('PERFORMANCE_SCHEMA_TABLE_HANDLES_LOST', '0'),
('PERFORMANCE_SCHEMA_TABLE_INSTANCES_LOST', '0'),
('PERFORMANCE_SCHEMA_THREAD_CLASSES_LOST', '0'),
('PERFORMANCE_SCHEMA_THREAD_INSTANCES_LOST', '0'),
('PREPARED_STMT_COUNT', '0'),
('QCACHE_FREE_BLOCKS', '8570'),
('QCACHE_FREE_MEMORY', '30185712'),
('QCACHE_HITS', '859040882'),
('QCACHE_INSERTS', '120364127'),
('QCACHE_LOWMEM_PRUNES', '66249703'),
('QCACHE_NOT_CACHED', '27154966'),
('QCACHE_QUERIES_IN_CACHE', '32719'),
('QCACHE_TOTAL_BLOCKS', '80041'),
('QUERIES', '1214571107'),
('QUESTIONS', '1212723956'),
('RPL_STATUS', 'AUTH_MASTER'),
('SELECT_FULL_JOIN', '4284223'),
('SELECT_FULL_RANGE_JOIN', '60117'),
('SELECT_RANGE', '13860283'),
('SELECT_RANGE_CHECK', '54632'),
('SELECT_SCAN', '36219455'),
('SLAVE_HEARTBEAT_PERIOD', '0.000'),
('SLAVE_OPEN_TEMP_TABLES', '0'),
('SLAVE_RECEIVED_HEARTBEATS', '0'),
('SLAVE_RETRIED_TRANSACTIONS', '0'),
('SLAVE_RUNNING', 'OFF'),
('SLOW_LAUNCH_THREADS', '0'),
('SLOW_QUERIES', '30548332'),
('SORT_MERGE_PASSES', '349650'),
('SORT_RANGE', '9937595'),
('SORT_ROWS', '5751683333'),
('SORT_SCAN', '16598133'),
('SSL_ACCEPT_RENEGOTIATES', '0'),
('SSL_ACCEPTS', '0'),
('SSL_CALLBACK_CACHE_HITS', '0'),
('SSL_CIPHER', ''),
('SSL_CIPHER_LIST', ''),
('SSL_CLIENT_CONNECTS', '0'),
('SSL_CONNECT_RENEGOTIATES', '0'),
('SSL_CTX_VERIFY_DEPTH', '0'),
('SSL_CTX_VERIFY_MODE', '0'),
('SSL_DEFAULT_TIMEOUT', '0'),
('SSL_FINISHED_ACCEPTS', '0'),
('SSL_FINISHED_CONNECTS', '0'),
('SSL_SESSION_CACHE_HITS', '0'),
('SSL_SESSION_CACHE_MISSES', '0'),
('SSL_SESSION_CACHE_MODE', 'NONE'),
('SSL_SESSION_CACHE_OVERFLOWS', '0'),
('SSL_SESSION_CACHE_SIZE', '0'),
('SSL_SESSION_CACHE_TIMEOUTS', '0'),
('SSL_SESSIONS_REUSED', '0'),
('SSL_USED_SESSION_CACHE_ENTRIES', '0'),
('SSL_VERIFY_DEPTH', '0'),
('SSL_VERIFY_MODE', '0'),
('SSL_VERSION', ''),
('TABLE_LOCKS_IMMEDIATE', '388243206'),
('TABLE_LOCKS_WAITED', '1678413'),
('TC_LOG_MAX_PAGES_USED', '0'),
('TC_LOG_PAGE_SIZE', '0'),
('TC_LOG_PAGE_WAITS', '0'),
('THREADPOOL_IDLE_THREADS', '0'),
('THREADPOOL_THREADS', '0'),
('THREADS_CACHED', '12'),
('THREADS_CONNECTED', '6'),
('THREADS_CREATED', '20018'),
('THREADS_RUNNING', '2'),
('UPTIME', '1796568'),
('UPTIME_SINCE_FLUSH_STATUS', '1796568'),
('BINLOG_COMMITS', '0'),
('BINLOG_GROUP_COMMITS', '0');

-- --------------------------------------------------------

--
-- Struktura tabeli dla tabeli `GLOBAL_TEMPORARY_TABLES`
--

CREATE TEMPORARY TABLE `GLOBAL_TEMPORARY_TABLES` (
  `SESSION_ID` bigint(4) NOT NULL DEFAULT '0',
  `TABLE_SCHEMA` varchar(64) NOT NULL DEFAULT '',
  `TABLE_NAME` varchar(64) NOT NULL DEFAULT '',
  `ENGINE` varchar(64) NOT NULL DEFAULT '',
  `NAME` varchar(512) NOT NULL DEFAULT '',
  `TABLE_ROWS` bigint(21) unsigned NOT NULL DEFAULT '0',
  `AVG_ROW_LENGTH` bigint(21) unsigned NOT NULL DEFAULT '0',
  `DATA_LENGTH` bigint(21) unsigned NOT NULL DEFAULT '0',
  `INDEX_LENGTH` bigint(21) unsigned NOT NULL DEFAULT '0',
  `CREATE_TIME` datetime DEFAULT NULL,
  `UPDATE_TIME` datetime DEFAULT NULL
) ENGINE=MEMORY DEFAULT CHARSET=utf8;

-- --------------------------------------------------------

--
-- Struktura tabeli dla tabeli `GLOBAL_VARIABLES`
--

CREATE TEMPORARY TABLE `GLOBAL_VARIABLES` (
  `VARIABLE_NAME` varchar(64) NOT NULL DEFAULT '',
  `VARIABLE_VALUE` varchar(1024) DEFAULT NULL
) ENGINE=MEMORY DEFAULT CHARSET=utf8;

--
-- Zrzut danych tabeli `GLOBAL_VARIABLES`
--

INSERT INTO `GLOBAL_VARIABLES` (`VARIABLE_NAME`, `VARIABLE_VALUE`) VALUES
('MAX_PREPARED_STMT_COUNT', '16382'),
('EXPIRE_LOGS_DAYS', '0'),
('HAVE_CRYPT', 'YES'),
('PERFORMANCE_SCHEMA_EVENTS_WAITS_HISTORY_LONG_SIZE', '10000'),
('INNODB_VERSION', '5.5.51-38.1'),
('MAX_SORT_LENGTH', '1024'),
('SSL_CIPHER', ''),
('PERFORMANCE_SCHEMA_MAX_COND_INSTANCES', '1000'),
('CHARACTER_SET_CLIENT', 'latin2'),
('MAX_SLOWLOG_SIZE', '0'),
('LONG_QUERY_TIME', '1.000000'),
('QUERY_CACHE_WLOCK_INVALIDATE', 'OFF'),
('DELAYED_INSERT_TIMEOUT', '300'),
('PERFORMANCE_SCHEMA_MAX_MUTEX_INSTANCES', '1000000'),
('REPORT_HOST', ''),
('PERFORMANCE_SCHEMA_MAX_RWLOCK_INSTANCES', '1000000'),
('DATETIME_FORMAT', '%Y-%m-%d %H:%i:%s'),
('PERFORMANCE_SCHEMA_MAX_RWLOCK_CLASSES', '30'),
('BASEDIR', '/usr/local/pssql55/'),
('PERFORMANCE_SCHEMA_MAX_MUTEX_CLASSES', '200'),
('UPDATABLE_VIEWS_WITH_LIMIT', 'YES'),
('BACK_LOG', '128'),
('SLOW_LAUNCH_TIME', '2'),
('PERFORMANCE_SCHEMA_MAX_FILE_HANDLES', '32768'),
('SQL_MODE', 'NO_UNSIGNED_SUBTRACTION'),
('RELAY_LOG_INFO_FILE', 'relay-log.info'),
('RELAY_LOG_INDEX', ''),
('LOWER_CASE_TABLE_NAMES', '0'),
('SQL_QUOTE_SHOW_CREATE', 'ON'),
('EXTRA_PORT', '0'),
('QUERY_PREALLOC_SIZE', '8192'),
('OLD_PASSWORDS', 'OFF'),
('WAIT_TIMEOUT', '120'),
('FT_STOPWORD_FILE', '(built-in)'),
('PERFORMANCE_SCHEMA_MAX_TABLE_HANDLES', '100000'),
('CHARACTER_SETS_DIR', '/usr/local/pssql55/share/charsets/'),
('QUERY_RESPONSE_TIME_STATS', 'OFF'),
('CONCURRENT_INSERT', 'NEVER'),
('LOG_SLOW_SP_STATEMENTS', 'ON'),
('CHARACTER_SET_RESULTS', 'latin2'),
('MYISAM_SORT_BUFFER_SIZE', '8388608'),
('CHARACTER_SET_CONNECTION', 'latin2'),
('INNODB_ROLLBACK_SEGMENTS', '128'),
('LC_MESSAGES', 'en_US'),
('LARGE_FILES_SUPPORT', 'ON'),
('REPORT_USER', ''),
('FT_BOOLEAN_SYNTAX', '+ -><()~*:""&|'),
('EVENT_SCHEDULER', 'OFF'),
('NET_BUFFER_LENGTH', '65536'),
('SYNC_RELAY_LOG', '0'),
('SKIP_SHOW_DATABASE', 'OFF'),
('MAX_BINLOG_CACHE_SIZE', '18446744073709547520'),
('GROUP_CONCAT_MAX_LEN', '1024'),
('CHARACTER_SET_DATABASE', 'latin2'),
('RANGE_ALLOC_BLOCK_SIZE', '4096'),
('FT_MAX_WORD_LEN', '84'),
('MIN_EXAMINED_ROW_LIMIT', '0'),
('LC_MESSAGES_DIR', '/usr/local/pssql55/share/'),
('INNODB_LOG_FILE_SIZE', '33554432'),
('HAVE_COMPRESS', 'YES'),
('TRANSACTION_PREALLOC_SIZE', '4096'),
('MAX_CONNECT_ERRORS', '4096'),
('MYISAM_RECOVER_OPTIONS', 'BACKUP,FORCE'),
('LOG_QUERIES_NOT_USING_INDEXES', 'ON'),
('THREAD_STATISTICS', 'OFF'),
('LOG_SLOW_QUERIES', 'ON'),
('LOW_PRIORITY_UPDATES', 'ON'),
('AUTOMATIC_SP_PRIVILEGES', 'ON'),
('REPORT_PASSWORD', ''),
('DELAYED_INSERT_LIMIT', '100'),
('MAX_INSERT_DELAYED_THREADS', '0'),
('COMPLETION_TYPE', 'NO_CHAIN'),
('SQL_BIG_SELECTS', 'ON'),
('THREAD_CONCURRENCY', '10'),
('TRANSACTION_ALLOC_BLOCK_SIZE', '8192'),
('PERFORMANCE_SCHEMA_MAX_THREAD_CLASSES', '50'),
('SLOW_QUERY_LOG_TIMESTAMP_ALWAYS', 'OFF'),
('AUTO_INCREMENT_OFFSET', '1'),
('INNODB_THREAD_CONCURRENCY_TIMER_BASED', 'OFF'),
('JOIN_BUFFER_SIZE', '1048576'),
('OPTIMIZER_PRUNE_LEVEL', '1'),
('CONNECT_TIMEOUT', '10'),
('BINLOG_STMT_CACHE_SIZE', '32768'),
('SQL_LOW_PRIORITY_UPDATES', 'ON'),
('INNODB_FLUSH_METHOD', ''),
('INIT_FILE', ''),
('INNODB_IO_CAPACITY', '200'),
('LARGE_PAGES', 'OFF'),
('PROTOCOL_VERSION', '10'),
('LARGE_PAGE_SIZE', '0'),
('HAVE_SYMLINK', 'YES'),
('INIT_SLAVE', ''),
('INTERACTIVE_TIMEOUT', '300'),
('EXPAND_FAST_INDEX_CREATION', 'OFF'),
('INNODB_TABLE_LOCKS', 'ON'),
('MAX_BINLOG_SIZE', '1073741824'),
('INNODB_AUTOEXTEND_INCREMENT', '8'),
('QUERY_RESPONSE_TIME_RANGE_BASE', '10'),
('MYISAM_DATA_POINTER_SIZE', '6'),
('MAX_CONNECTIONS', '500'),
('INNODB_THREAD_SLEEP_DELAY', '10000'),
('LOG_WARNINGS_SUPPRESS', ''),
('INNODB_READ_AHEAD', 'linear'),
('QUERY_ALLOC_BLOCK_SIZE', '8192'),
('SLAVE_TRANSACTION_RETRIES', '10'),
('QUERY_CACHE_TYPE', 'ON'),
('SQL_BIG_TABLES', 'OFF'),
('GENERAL_LOG', 'OFF'),
('LOWER_CASE_FILE_SYSTEM', 'OFF'),
('INNODB_REPLICATION_DELAY', '0'),
('MAX_RELAY_LOG_SIZE', '0'),
('QUERY_CACHE_MIN_RES_UNIT', '4096'),
('TABLE_DEFINITION_CACHE', '400'),
('SORT_BUFFER_SIZE', '1048576'),
('TMP_TABLE_SIZE', '67108864'),
('INNODB_ROLLBACK_ON_TIMEOUT', 'OFF'),
('KEY_CACHE_AGE_THRESHOLD', '300'),
('INNODB_USE_GLOBAL_FLUSH_LOG_AT_TRX_COMMIT', 'ON'),
('NET_RETRY_COUNT', '10'),
('INNODB_ADDITIONAL_MEM_POOL_SIZE', '8388608'),
('MAX_LONG_DATA_SIZE', '8388608'),
('READ_RND_BUFFER_SIZE', '524288'),
('SLAVE_MAX_ALLOWED_PACKET', '1073741824'),
('INNODB_FILE_FORMAT', 'Antelope'),
('FT_QUERY_EXPANSION_LIMIT', '20'),
('BIG_TABLES', 'OFF'),
('PERFORMANCE_SCHEMA_MAX_FILE_CLASSES', '50'),
('OPTIMIZER_SEARCH_DEPTH', '62'),
('HAVE_QUERY_CACHE', 'YES'),
('DATE_FORMAT', '%Y-%m-%d'),
('MAX_SP_RECURSION_DEPTH', '0'),
('READ_ONLY', 'OFF'),
('MAX_LENGTH_FOR_SORT_DATA', '1024'),
('OPTIMIZER_SWITCH', 'index_merge=on,index_merge_union=on,index_merge_sort_union=on,index_merge_intersection=on,engine_condition_pushdown=on'),
('INNODB_DATA_FILE_PATH', 'ib_data:16M:autoextend'),
('FLUSH', 'OFF'),
('HAVE_PROFILING', 'YES'),
('BINLOG_DIRECT_NON_TRANSACTIONAL_UPDATES', 'OFF'),
('MAX_HEAP_TABLE_SIZE', '67108864'),
('INNODB_STRICT_MODE', 'OFF'),
('INNODB_BUFFER_POOL_SHM_CHECKSUM', 'ON'),
('THREAD_HANDLING', 'one-thread-per-connection'),
('SQL_LOG_BIN', 'ON'),
('READ_BUFFER_SIZE', '1048576'),
('PERFORMANCE_SCHEMA_MAX_COND_CLASSES', '80'),
('DELAY_KEY_WRITE', 'ON'),
('LOG_SLOW_VERBOSITY', ''),
('BINLOG_CACHE_SIZE', '32768'),
('THREAD_POOL_IDLE_TIMEOUT', '60'),
('COLLATION_SERVER', 'latin2_general_ci'),
('MAX_BINLOG_FILES', '0'),
('FLUSH_TIME', '0'),
('HAVE_PARTITIONING', 'YES'),
('NET_WRITE_TIMEOUT', '60'),
('LOG_SLOW_RATE_TYPE', 'session'),
('BINLOG_FORMAT', 'STATEMENT'),
('INNODB_KILL_IDLE_TRANSACTION', '0'),
('LOG_BIN', 'OFF'),
('INNODB_AUTOINC_LOCK_MODE', '1'),
('PERFORMANCE_SCHEMA_EVENTS_WAITS_HISTORY_SIZE', '10'),
('INNODB_COMMIT_CONCURRENCY', '0'),
('MAX_SEEKS_FOR_KEY', '18446744073709551615'),
('INNODB_MIRRORED_LOG_GROUPS', '1'),
('METADATA_LOCKS_CACHE_SIZE', '1024'),
('INNODB_PURGE_BATCH_SIZE', '20'),
('BULK_INSERT_BUFFER_SIZE', '8388608'),
('VERSION', '5.5.51-38.1-log'),
('QUERY_CACHE_SIZE', '134217728'),
('INNODB_SUPPORT_XA', 'ON'),
('SLAVE_EXEC_MODE', 'STRICT'),
('INNODB_SYNC_SPIN_LOOPS', '30'),
('LOCK_WAIT_TIMEOUT', '31536000'),
('INNODB_BLOCKING_BUFFER_POOL_RESTORE', 'OFF'),
('DELAYED_QUEUE_SIZE', '1000'),
('INNODB_SHOW_LOCKS_HELD', '10'),
('SKIP_NAME_RESOLVE', 'ON'),
('INNODB_ADAPTIVE_HASH_INDEX', 'ON'),
('PID_FILE', '/sql/var/v143.pid'),
('INNODB_IBUF_ACCEL_RATE', '100'),
('TLS_VERSION', 'TLSv1.1,TLSv1.2'),
('DIV_PRECISION_INCREMENT', '4'),
('TMPDIR', '/tmp'),
('INNODB_IBUF_MAX_SIZE', '134201344'),
('REPORT_PORT', '3306'),
('INNODB_DATA_HOME_DIR', ''),
('FOREIGN_KEY_CHECKS', 'ON'),
('INNODB_READ_IO_THREADS', '4'),
('THREAD_POOL_MAX_THREADS', '100000'),
('INNODB_MAX_BITMAP_FILE_SIZE', '104857600'),
('CHARACTER_SET_SERVER', 'latin2'),
('INNODB_BUFFER_POOL_INSTANCES', '1'),
('SSL_CAPATH', ''),
('INNODB_FORCE_RECOVERY', '0'),
('VERSION_COMMENT', 'home.pl'),
('INNODB_LOG_FILES_IN_GROUP', '2'),
('SLOW_QUERY_LOG', 'ON'),
('SLAVE_COMPRESSED_PROTOCOL', 'OFF'),
('HAVE_DYNAMIC_LOADING', 'YES'),
('HAVE_FLASHCACHE', 'YES'),
('SYNC_BINLOG', '0'),
('LC_TIME_NAMES', 'en_US'),
('INNODB_PRINT_ALL_DEADLOCKS', 'OFF'),
('THREAD_POOL_STALL_LIMIT', '500'),
('INNODB_OPEN_FILES', '300'),
('STORAGE_ENGINE', 'InnoDB'),
('INNODB_IMPORT_TABLE_FROM_XTRABACKUP', '0'),
('QUERY_CACHE_LIMIT', '1048576'),
('INNODB_READ_AHEAD_THRESHOLD', '56'),
('PERFORMANCE_SCHEMA_MAX_THREAD_INSTANCES', '1000'),
('INNODB_ADAPTIVE_FLUSHING_METHOD', 'estimate'),
('THREAD_POOL_SIZE', '32'),
('KEY_BUFFER_SIZE', '268435456'),
('INNODB_STATS_AUTO_UPDATE', '1'),
('HAVE_NDBCLUSTER', 'NO'),
('SKIP_NETWORKING', 'OFF'),
('CHARACTER_SET_SYSTEM', 'utf8'),
('INNODB_STATS_METHOD', 'nulls_equal'),
('INIT_CONNECT', ''),
('INNODB_FAST_SHUTDOWN', '1'),
('THREAD_CACHE_SIZE', '16'),
('INNODB_RECOVERY_UPDATE_RELAY_LOG', 'OFF'),
('AUTOCOMMIT', 'ON'),
('INNODB_THREAD_CONCURRENCY', '0'),
('THREAD_STACK', '262144'),
('SLAVE_NET_TIMEOUT', '3600'),
('VERSION_COMPILE_MACHINE', 'x86_64'),
('INNODB_STATS_SAMPLE_PAGES', '8'),
('INNODB_BUFFER_POOL_SHM_KEY', '0'),
('LOCAL_INFILE', 'ON'),
('HAVE_RTREE_KEYS', 'YES'),
('HOSTNAME', 'v143.home.net.pl'),
('INNODB_BUFFER_POOL_RESTORE_AT_STARTUP', '0'),
('NEW', 'OFF'),
('OLD_ALTER_TABLE', 'OFF'),
('HAVE_RESPONSE_TIME_DISTRIBUTION', 'YES'),
('INNODB_PAGE_SIZE', '16384'),
('LOG', 'OFF'),
('EXTRA_MAX_CONNECTIONS', '1'),
('MAX_SLOWLOG_FILES', '0'),
('RELAY_LOG_RECOVERY', 'OFF'),
('OPTIMIZER_FIX', 'ON'),
('MAX_DELAYED_THREADS', '0'),
('QUERY_CACHE_STRIP_COMMENTS', 'OFF'),
('SLOW_QUERY_LOG_USE_GLOBAL_CONTROL', ''),
('MAX_USER_CONNECTIONS', '0'),
('INNODB_FLUSH_LOG_AT_TRX_COMMIT', '0'),
('SQL_MAX_JOIN_SIZE', '18446744073709551615'),
('THREAD_POOL_HIGH_PRIO_MODE', 'transactions'),
('TABLE_OPEN_CACHE', '4096'),
('INNODB_RANDOM_READ_AHEAD', 'OFF'),
('TIMED_MUTEXES', 'OFF'),
('CSV_MODE', ''),
('HAVE_INNODB', 'YES'),
('PORT', '3306'),
('SECURE_FILE_PRIV', ''),
('INNODB_FILE_PER_TABLE', 'ON'),
('ENGINE_CONDITION_PUSHDOWN', 'ON'),
('LOG_BIN_TRUST_FUNCTION_CREATORS', 'OFF'),
('SSL_CA', ''),
('INNODB_MAX_CHANGED_PAGES', '1000000'),
('AUTO_INCREMENT_INCREMENT', '1'),
('HAVE_OPENSSL', 'DISABLED'),
('NET_READ_TIMEOUT', '30'),
('MAX_BINLOG_STMT_CACHE_SIZE', '18446744073709547520'),
('OLD', 'OFF'),
('INNODB_BUFFER_POOL_POPULATE', 'OFF'),
('INNODB_SPIN_WAIT_DELAY', '6'),
('KEY_CACHE_BLOCK_SIZE', '1024'),
('INNODB_ADAPTIVE_HASH_INDEX_PARTITIONS', '1'),
('HAVE_CSV', 'YES'),
('DEFAULT_STORAGE_ENGINE', 'InnoDB'),
('INNODB_LOCK_WAIT_TIMEOUT', '50'),
('PRELOAD_BUFFER_SIZE', '32768'),
('INNODB_OLD_BLOCKS_TIME', '0'),
('FAST_INDEX_CREATION', 'ON'),
('RPL_RECOVERY_RANK', '0'),
('TX_ISOLATION', 'REPEATABLE-READ'),
('HAVE_GEOMETRY', 'YES'),
('LOG_ERROR', '/sql/var/v143.err'),
('USERSTAT', 'ON'),
('INNODB_LARGE_PREFIX', 'OFF'),
('LOCKED_IN_MEMORY', 'OFF'),
('SYNC_FRM', 'ON'),
('INNODB_LOCKING_FAKE_CHANGES', 'ON'),
('IGNORE_BUILTIN_INNODB', 'OFF'),
('OPEN_FILES_LIMIT', '1000000'),
('CHARACTER_SET_FILESYSTEM', 'binary'),
('SSL_KEY', ''),
('THREAD_POOL_OVERSUBSCRIBE', '3'),
('KEEP_FILES_ON_CREATE', 'OFF'),
('MAX_JOIN_SIZE', '18446744073709551615'),
('SLAVE_SKIP_ERRORS', 'OFF'),
('VERSION_COMPILE_OS', 'Linux'),
('DATADIR', '/sql/var/'),
('RELAY_LOG_PURGE', 'ON'),
('SQL_WARNINGS', 'OFF'),
('INNODB_USE_SYS_STATS_TABLE', 'OFF'),
('MYISAM_MMAP_SIZE', '18446744073709551615'),
('INNODB_FAKE_CHANGES', 'OFF'),
('STORED_PROGRAM_CACHE', '256'),
('INNODB_LOG_BUFFER_SIZE', '8388608'),
('PLUGIN_DIR', '/usr/local/pssql55/lib/mysql/plugin/'),
('INNODB_STATS_UPDATE_NEED_LOCK', '1'),
('TIME_FORMAT', '%H:%i:%s'),
('INNODB_MAX_PURGE_LAG', '0'),
('INNODB_PURGE_THREADS', '1'),
('MYISAM_MAX_SORT_FILE_SIZE', '9223372036853727232'),
('LOG_SLOW_FILTER', ''),
('SLAVE_TYPE_CONVERSIONS', ''),
('MAX_TMP_TABLES', '32'),
('SQL_NOTES', 'ON'),
('INNODB_MAX_DIRTY_PAGES_PCT', '75'),
('HAVE_TLSV1_2', 'YES'),
('SQL_LOG_OFF', 'OFF'),
('MULTI_RANGE_COUNT', '256'),
('INNODB_IBUF_ACTIVE_CONTRACT', '1'),
('SLOW_QUERY_LOG_FILE', '/sql/var/v143-slow.log'),
('LOG_SLOW_SLAVE_STATEMENTS', 'OFF'),
('SQL_SLAVE_SKIP_COUNTER', '0'),
('INNODB_USE_ATOMIC_WRITES', 'OFF'),
('SLOW_QUERY_LOG_TIMESTAMP_PRECISION', 'second'),
('INNODB_DICT_SIZE_LIMIT', '0'),
('LOG_WARNINGS', '2'),
('INNODB_DOUBLEWRITE', 'ON'),
('INNODB_ADAPTIVE_FLUSHING', 'ON'),
('MYISAM_STATS_METHOD', 'nulls_unequal'),
('INNODB_RECOVERY_STATS', 'OFF'),
('DEFAULT_WEEK_FORMAT', '0'),
('PROFILING_HISTORY_SIZE', '15'),
('LOG_OUTPUT', 'FILE'),
('INNODB_DOUBLEWRITE_FILE', ''),
('PERFORMANCE_SCHEMA_MAX_TABLE_INSTANCES', '50000'),
('INNODB_CHECKSUMS', 'ON'),
('INNODB_USE_NATIVE_AIO', 'ON'),
('INNODB_LOCKS_UNSAFE_FOR_BINLOG', 'OFF'),
('HAVE_SSL', 'DISABLED'),
('MYISAM_USE_MMAP', 'OFF'),
('TIME_ZONE', 'SYSTEM'),
('INNODB_CONCURRENCY_TICKETS', '500'),
('INNODB_TRACK_CHANGED_PAGES', 'OFF'),
('SQL_SAFE_UPDATES', 'OFF'),
('LOG_SLAVE_UPDATES', 'OFF'),
('LOG_SLOW_RATE_LIMIT', '1'),
('FT_MIN_WORD_LEN', '3'),
('SYNC_MASTER_INFO', '0'),
('THREAD_POOL_HIGH_PRIO_TICKETS', '4294967295'),
('PERFORMANCE_SCHEMA_MAX_FILE_INSTANCES', '10000'),
('SERVER_ID', '0'),
('INNODB_BUFFER_POOL_SIZE', '268435456'),
('SQL_BUFFER_RESULT', 'OFF'),
('INNODB_FILE_FORMAT_MAX', 'Antelope'),
('INNODB_LOG_GROUP_HOME_DIR', './'),
('INNODB_FAST_CHECKSUM', 'OFF'),
('SYNC_RELAY_LOG_INFO', '0'),
('SOCKET', '/usr/run/mysql/mysql'),
('SSL_CERT', ''),
('MAX_ERROR_COUNT', '64'),
('INNODB_LOG_BLOCK_SIZE', '512'),
('INNODB_STATS_ON_METADATA', 'ON'),
('COLLATION_DATABASE', 'latin2_general_ci'),
('SLAVE_LOAD_TMPDIR', '/tmp'),
('INNODB_WRITE_IO_THREADS', '4'),
('SLOW_QUERY_LOG_ALWAYS_WRITE_TIME', '10.000000'),
('MYISAM_REPAIR_THREADS', '1'),
('INNODB_CHANGE_BUFFERING', 'all'),
('MAX_ALLOWED_PACKET', '8388608'),
('PERFORMANCE_SCHEMA', 'OFF'),
('INNODB_SHOW_VERBOSE_LOCKS', '0'),
('SECURE_AUTH', 'OFF'),
('SQL_AUTO_IS_NULL', 'OFF'),
('MAX_WRITE_LOCK_COUNT', '18446744073709551615'),
('INNODB_FILE_FORMAT_CHECK', 'ON'),
('SQL_SELECT_LIMIT', '18446744073709551615'),
('RELAY_LOG', ''),
('INNODB_CORRUPT_TABLE_ACTION', 'assert'),
('INNODB_USE_SYS_MALLOC', 'ON'),
('INNODB_FLUSH_NEIGHBOR_PAGES', 'area'),
('INNODB_CHECKPOINT_AGE_TARGET', '0'),
('INNODB_FORCE_LOAD_CORRUPTED', 'OFF'),
('LICENSE', 'GPL'),
('LOG_SLOW_ADMIN_STATEMENTS', 'OFF'),
('ENFORCE_STORAGE_ENGINE', ''),
('INNODB_MERGE_SORT_BLOCK_SIZE', '1048576'),
('COLLATION_CONNECTION', 'latin2_general_ci'),
('PROFILING', 'OFF'),
('UNIQUE_CHECKS', 'ON'),
('INNODB_OLD_BLOCKS_PCT', '37'),
('SYSTEM_TIME_ZONE', 'CEST'),
('KEY_CACHE_DIVISION_LIMIT', '100'),
('SKIP_EXTERNAL_LOCKING', 'ON'),
('GENERAL_LOG_FILE', '/sql/var/v143.log'),
('INNODB_LAZY_DROP_TABLE', '0'),
('RELAY_LOG_SPACE_LIMIT', '0');

-- --------------------------------------------------------

--
-- Struktura tabeli dla tabeli `KEY_COLUMN_USAGE`
--

CREATE TEMPORARY TABLE `KEY_COLUMN_USAGE` (
  `CONSTRAINT_CATALOG` varchar(512) NOT NULL DEFAULT '',
  `CONSTRAINT_SCHEMA` varchar(64) NOT NULL DEFAULT '',
  `CONSTRAINT_NAME` varchar(64) NOT NULL DEFAULT '',
  `TABLE_CATALOG` varchar(512) NOT NULL DEFAULT '',
  `TABLE_SCHEMA` varchar(64) NOT NULL DEFAULT '',
  `TABLE_NAME` varchar(64) NOT NULL DEFAULT '',
  `COLUMN_NAME` varchar(64) NOT NULL DEFAULT '',
  `ORDINAL_POSITION` bigint(10) NOT NULL DEFAULT '0',
  `POSITION_IN_UNIQUE_CONSTRAINT` bigint(10) DEFAULT NULL,
  `REFERENCED_TABLE_SCHEMA` varchar(64) DEFAULT NULL,
  `REFERENCED_TABLE_NAME` varchar(64) DEFAULT NULL,
  `REFERENCED_COLUMN_NAME` varchar(64) DEFAULT NULL
) ENGINE=MEMORY DEFAULT CHARSET=utf8;

--
-- Zrzut danych tabeli `KEY_COLUMN_USAGE`
--

INSERT INTO `KEY_COLUMN_USAGE` (`CONSTRAINT_CATALOG`, `CONSTRAINT_SCHEMA`, `CONSTRAINT_NAME`, `TABLE_CATALOG`, `TABLE_SCHEMA`, `TABLE_NAME`, `COLUMN_NAME`, `ORDINAL_POSITION`, `POSITION_IN_UNIQUE_CONSTRAINT`, `REFERENCED_TABLE_SCHEMA`, `REFERENCED_TABLE_NAME`, `REFERENCED_COLUMN_NAME`) VALUES
('def', '20454239_1', 'PRIMARY', 'def', '20454239_1', 'Action', 'idAction', 1, NULL, NULL, NULL, NULL),
('def', '20454239_1', 'idAction_UNIQUE', 'def', '20454239_1', 'Action', 'idAction', 1, NULL, NULL, NULL, NULL),
('def', '20454239_1', 'PRIMARY', 'def', '20454239_1', 'Category', 'idCategory', 1, NULL, NULL, NULL, NULL),
('def', '20454239_1', 'PRIMARY', 'def', '20454239_1', 'Client', 'idClient', 1, NULL, NULL, NULL, NULL),
('def', '20454239_1', 'idClient_UNIQUE', 'def', '20454239_1', 'Client', 'idClient', 1, NULL, NULL, NULL, NULL),
('def', '20454239_1', 'client_client', 'def', '20454239_1', 'Client_Task', 'idClient', 1, 1, '20454239_1', 'Client', 'idClient'),
('def', '20454239_1', 'client_task', 'def', '20454239_1', 'Client_Task', 'idTask', 1, 1, '20454239_1', 'Task', 'idTask'),
('def', '20454239_1', 'PRIMARY', 'def', '20454239_1', 'Interface', 'idInterface', 1, NULL, NULL, NULL, NULL),
('def', '20454239_1', 'PRIMARY', 'def', '20454239_1', 'Product', 'idProdukt', 1, NULL, NULL, NULL, NULL),
('def', '20454239_1', 'category', 'def', '20454239_1', 'Product', 'idCategory', 1, 1, '20454239_1', 'Category', 'idCategory'),
('def', '20454239_1', 'PRIMARY', 'def', '20454239_1', 'Task', 'idTask', 1, NULL, NULL, NULL, NULL),
('def', '20454239_1', 'PRIMARY', 'def', '20454239_1', 'Task', 'success', 2, NULL, NULL, NULL, NULL),
('def', '20454239_1', 'interface_task', 'def', '20454239_1', 'Task', 'idInterface', 1, 1, '20454239_1', 'Interface', 'idInterface'),
('def', '20454239_1', 'product_task', 'def', '20454239_1', 'Task', 'idProduct', 1, 1, '20454239_1', 'Product', 'idProdukt'),
('def', '20454239_1', 'action_task', 'def', '20454239_1', 'Task_Action', 'idAction', 1, 1, '20454239_1', 'Action', 'idAction'),
('def', '20454239_1', 'task_action', 'def', '20454239_1', 'Task_Action', 'idTask', 1, 1, '20454239_1', 'Task', 'idTask');

-- --------------------------------------------------------

--
-- Struktura tabeli dla tabeli `PARAMETERS`
--

CREATE TEMPORARY TABLE `PARAMETERS` (
  `SPECIFIC_CATALOG` varchar(512) NOT NULL DEFAULT '',
  `SPECIFIC_SCHEMA` varchar(64) NOT NULL DEFAULT '',
  `SPECIFIC_NAME` varchar(64) NOT NULL DEFAULT '',
  `ORDINAL_POSITION` int(21) NOT NULL DEFAULT '0',
  `PARAMETER_MODE` varchar(5) DEFAULT NULL,
  `PARAMETER_NAME` varchar(64) DEFAULT NULL,
  `DATA_TYPE` varchar(64) NOT NULL DEFAULT '',
  `CHARACTER_MAXIMUM_LENGTH` int(21) DEFAULT NULL,
  `CHARACTER_OCTET_LENGTH` int(21) DEFAULT NULL,
  `NUMERIC_PRECISION` int(21) DEFAULT NULL,
  `NUMERIC_SCALE` int(21) DEFAULT NULL,
  `CHARACTER_SET_NAME` varchar(64) DEFAULT NULL,
  `COLLATION_NAME` varchar(64) DEFAULT NULL,
  `DTD_IDENTIFIER` longtext NOT NULL,
  `ROUTINE_TYPE` varchar(9) NOT NULL DEFAULT ''
) ENGINE=MyISAM DEFAULT CHARSET=utf8;

-- --------------------------------------------------------

--
-- Struktura tabeli dla tabeli `PARTITIONS`
--

CREATE TEMPORARY TABLE `PARTITIONS` (
  `TABLE_CATALOG` varchar(512) NOT NULL DEFAULT '',
  `TABLE_SCHEMA` varchar(64) NOT NULL DEFAULT '',
  `TABLE_NAME` varchar(64) NOT NULL DEFAULT '',
  `PARTITION_NAME` varchar(64) DEFAULT NULL,
  `SUBPARTITION_NAME` varchar(64) DEFAULT NULL,
  `PARTITION_ORDINAL_POSITION` bigint(21) unsigned DEFAULT NULL,
  `SUBPARTITION_ORDINAL_POSITION` bigint(21) unsigned DEFAULT NULL,
  `PARTITION_METHOD` varchar(18) DEFAULT NULL,
  `SUBPARTITION_METHOD` varchar(12) DEFAULT NULL,
  `PARTITION_EXPRESSION` longtext,
  `SUBPARTITION_EXPRESSION` longtext,
  `PARTITION_DESCRIPTION` longtext,
  `TABLE_ROWS` bigint(21) unsigned NOT NULL DEFAULT '0',
  `AVG_ROW_LENGTH` bigint(21) unsigned NOT NULL DEFAULT '0',
  `DATA_LENGTH` bigint(21) unsigned NOT NULL DEFAULT '0',
  `MAX_DATA_LENGTH` bigint(21) unsigned DEFAULT NULL,
  `INDEX_LENGTH` bigint(21) unsigned NOT NULL DEFAULT '0',
  `DATA_FREE` bigint(21) unsigned NOT NULL DEFAULT '0',
  `CREATE_TIME` datetime DEFAULT NULL,
  `UPDATE_TIME` datetime DEFAULT NULL,
  `CHECK_TIME` datetime DEFAULT NULL,
  `CHECKSUM` bigint(21) unsigned DEFAULT NULL,
  `PARTITION_COMMENT` varchar(80) NOT NULL DEFAULT '',
  `NODEGROUP` varchar(12) NOT NULL DEFAULT '',
  `TABLESPACE_NAME` varchar(64) DEFAULT NULL
) ENGINE=MyISAM DEFAULT CHARSET=utf8;

--
-- Zrzut danych tabeli `PARTITIONS`
--

INSERT INTO `PARTITIONS` (`TABLE_CATALOG`, `TABLE_SCHEMA`, `TABLE_NAME`, `PARTITION_NAME`, `SUBPARTITION_NAME`, `PARTITION_ORDINAL_POSITION`, `SUBPARTITION_ORDINAL_POSITION`, `PARTITION_METHOD`, `SUBPARTITION_METHOD`, `PARTITION_EXPRESSION`, `SUBPARTITION_EXPRESSION`, `PARTITION_DESCRIPTION`, `TABLE_ROWS`, `AVG_ROW_LENGTH`, `DATA_LENGTH`, `MAX_DATA_LENGTH`, `INDEX_LENGTH`, `DATA_FREE`, `CREATE_TIME`, `UPDATE_TIME`, `CHECK_TIME`, `CHECKSUM`, `PARTITION_COMMENT`, `NODEGROUP`, `TABLESPACE_NAME`) VALUES
('def', 'information_schema', 'CHARACTER_SETS', NULL, NULL, NULL, NULL, NULL, NULL, NULL, NULL, NULL, 0, 384, 0, 65739264, 0, 0, '2016-11-01 22:27:51', NULL, NULL, NULL, '', '', NULL),
('def', 'information_schema', 'CLIENT_STATISTICS', NULL, NULL, NULL, NULL, NULL, NULL, NULL, NULL, NULL, 0, 362, 0, 66014682, 0, 0, '2016-11-01 22:27:51', NULL, NULL, NULL, '', '', NULL),
('def', 'information_schema', 'COLLATIONS', NULL, NULL, NULL, NULL, NULL, NULL, NULL, NULL, NULL, 0, 231, 0, 66819522, 0, 0, '2016-11-01 22:27:51', NULL, NULL, NULL, '', '', NULL),
('def', 'information_schema', 'COLLATION_CHARACTER_SET_APPLICABILITY', NULL, NULL, NULL, NULL, NULL, NULL, NULL, NULL, NULL, 0, 195, 0, 65431080, 0, 0, '2016-11-01 22:27:51', NULL, NULL, NULL, '', '', NULL),
('def', 'information_schema', 'COLUMNS', NULL, NULL, NULL, NULL, NULL, NULL, NULL, NULL, NULL, 0, 0, 0, 281474976710655, 1024, 0, '2016-11-01 22:27:51', '2016-11-01 22:27:51', NULL, NULL, '', '', NULL),
('def', 'information_schema', 'COLUMN_PRIVILEGES', NULL, NULL, NULL, NULL, NULL, NULL, NULL, NULL, NULL, 0, 2565, 0, 67028580, 0, 0, '2016-11-01 22:27:51', NULL, NULL, NULL, '', '', NULL),
('def', 'information_schema', 'INDEX_STATISTICS', NULL, NULL, NULL, NULL, NULL, NULL, NULL, NULL, NULL, 0, 1743, 0, 67068897, 0, 0, '2016-11-01 22:27:51', NULL, NULL, NULL, '', '', NULL),
('def', 'information_schema', 'ENGINES', NULL, NULL, NULL, NULL, NULL, NULL, NULL, NULL, NULL, 0, 490, 0, 66297000, 0, 0, '2016-11-01 22:27:51', NULL, NULL, NULL, '', '', NULL),
('def', 'information_schema', 'EVENTS', NULL, NULL, NULL, NULL, NULL, NULL, NULL, NULL, NULL, 0, 0, 0, 281474976710655, 1024, 0, '2016-11-01 22:27:51', '2016-11-01 22:27:51', NULL, NULL, '', '', NULL),
('def', 'information_schema', 'FILES', NULL, NULL, NULL, NULL, NULL, NULL, NULL, NULL, NULL, 0, 2677, 0, 67032080, 0, 0, '2016-11-01 22:27:51', NULL, NULL, NULL, '', '', NULL),
('def', 'information_schema', 'GLOBAL_STATUS', NULL, NULL, NULL, NULL, NULL, NULL, NULL, NULL, NULL, 0, 3268, 0, 67026680, 0, 0, '2016-11-01 22:27:51', NULL, NULL, NULL, '', '', NULL),
('def', 'information_schema', 'GLOBAL_TEMPORARY_TABLES', NULL, NULL, NULL, NULL, NULL, NULL, NULL, NULL, NULL, 0, 2174, 0, 67046160, 0, 0, '2016-11-01 22:27:51', NULL, NULL, NULL, '', '', NULL),
('def', 'information_schema', 'GLOBAL_VARIABLES', NULL, NULL, NULL, NULL, NULL, NULL, NULL, NULL, NULL, 0, 3268, 0, 67026680, 0, 0, '2016-11-01 22:27:51', NULL, NULL, NULL, '', '', NULL),
('def', 'information_schema', 'KEY_COLUMN_USAGE', NULL, NULL, NULL, NULL, NULL, NULL, NULL, NULL, NULL, 0, 4637, 0, 67064931, 0, 0, '2016-11-01 22:27:51', NULL, NULL, NULL, '', '', NULL),
('def', 'information_schema', 'PARAMETERS', NULL, NULL, NULL, NULL, NULL, NULL, NULL, NULL, NULL, 0, 0, 0, 281474976710655, 1024, 0, '2016-11-01 22:27:51', '2016-11-01 22:27:51', NULL, NULL, '', '', NULL),
('def', 'information_schema', 'PARTITIONS', NULL, NULL, NULL, NULL, NULL, NULL, NULL, NULL, NULL, 0, 0, 0, 281474976710655, 1024, 0, '2016-11-01 22:27:51', '2016-11-01 22:27:51', NULL, NULL, '', '', NULL),
('def', 'information_schema', 'PLUGINS', NULL, NULL, NULL, NULL, NULL, NULL, NULL, NULL, NULL, 0, 0, 0, 281474976710655, 1024, 0, '2016-11-01 22:27:51', '2016-11-01 22:27:51', NULL, NULL, '', '', NULL),
('def', 'information_schema', 'PROCESSLIST', NULL, NULL, NULL, NULL, NULL, NULL, NULL, NULL, NULL, 0, 0, 0, 281474976710655, 1024, 0, '2016-11-01 22:27:51', '2016-11-01 22:27:51', NULL, NULL, '', '', NULL),
('def', 'information_schema', 'PROFILING', NULL, NULL, NULL, NULL, NULL, NULL, NULL, NULL, NULL, 0, 308, 0, 66248336, 0, 0, '2016-11-01 22:27:51', NULL, NULL, NULL, '', '', NULL),
('def', 'information_schema', 'REFERENTIAL_CONSTRAINTS', NULL, NULL, NULL, NULL, NULL, NULL, NULL, NULL, NULL, 0, 4814, 0, 67078276, 0, 0, '2016-11-01 22:27:51', NULL, NULL, NULL, '', '', NULL),
('def', 'information_schema', 'ROUTINES', NULL, NULL, NULL, NULL, NULL, NULL, NULL, NULL, NULL, 0, 0, 0, 281474976710655, 1024, 0, '2016-11-01 22:27:51', '2016-11-01 22:27:51', NULL, NULL, '', '', NULL),
('def', 'information_schema', 'QUERY_RESPONSE_TIME', NULL, NULL, NULL, NULL, NULL, NULL, NULL, NULL, NULL, 0, 91, 0, 63613550, 0, 0, '2016-11-01 22:27:51', NULL, NULL, NULL, '', '', NULL),
('def', 'information_schema', 'SCHEMATA', NULL, NULL, NULL, NULL, NULL, NULL, NULL, NULL, NULL, 0, 3464, 0, 66952192, 0, 0, '2016-11-01 22:27:51', NULL, NULL, NULL, '', '', NULL),
('def', 'information_schema', 'SCHEMA_PRIVILEGES', NULL, NULL, NULL, NULL, NULL, NULL, NULL, NULL, NULL, 0, 2179, 0, 66954133, 0, 0, '2016-11-01 22:27:51', NULL, NULL, NULL, '', '', NULL),
('def', 'information_schema', 'SESSION_STATUS', NULL, NULL, NULL, NULL, NULL, NULL, NULL, NULL, NULL, 0, 3268, 0, 67026680, 0, 0, '2016-11-01 22:27:51', NULL, NULL, NULL, '', '', NULL),
('def', 'information_schema', 'SESSION_VARIABLES', NULL, NULL, NULL, NULL, NULL, NULL, NULL, NULL, NULL, 0, 3268, 0, 67026680, 0, 0, '2016-11-01 22:27:51', NULL, NULL, NULL, '', '', NULL),
('def', 'information_schema', 'STATISTICS', NULL, NULL, NULL, NULL, NULL, NULL, NULL, NULL, NULL, 0, 5753, 0, 67022450, 0, 0, '2016-11-01 22:27:51', NULL, NULL, NULL, '', '', NULL),
('def', 'information_schema', 'TABLES', NULL, NULL, NULL, NULL, NULL, NULL, NULL, NULL, NULL, 0, 9450, 0, 67057200, 0, 0, '2016-11-01 22:27:51', NULL, NULL, NULL, '', '', NULL),
('def', 'information_schema', 'TABLESPACES', NULL, NULL, NULL, NULL, NULL, NULL, NULL, NULL, NULL, 0, 6951, 0, 67098003, 0, 0, '2016-11-01 22:27:51', NULL, NULL, NULL, '', '', NULL),
('def', 'information_schema', 'TABLE_CONSTRAINTS', NULL, NULL, NULL, NULL, NULL, NULL, NULL, NULL, NULL, 0, 2504, 0, 66894360, 0, 0, '2016-11-01 22:27:51', NULL, NULL, NULL, '', '', NULL),
('def', 'information_schema', 'TABLE_PRIVILEGES', NULL, NULL, NULL, NULL, NULL, NULL, NULL, NULL, NULL, 0, 2372, 0, 66994768, 0, 0, '2016-11-01 22:27:51', NULL, NULL, NULL, '', '', NULL),
('def', 'information_schema', 'TABLE_STATISTICS', NULL, NULL, NULL, NULL, NULL, NULL, NULL, NULL, NULL, 0, 1181, 0, 66937899, 0, 0, '2016-11-01 22:27:51', NULL, NULL, NULL, '', '', NULL),
('def', 'information_schema', 'TEMPORARY_TABLES', NULL, NULL, NULL, NULL, NULL, NULL, NULL, NULL, NULL, 0, 2174, 0, 67046160, 0, 0, '2016-11-01 22:27:51', NULL, NULL, NULL, '', '', NULL),
('def', 'information_schema', 'THREAD_STATISTICS', NULL, NULL, NULL, NULL, NULL, NULL, NULL, NULL, NULL, 0, 177, 0, 64555794, 0, 0, '2016-11-01 22:27:51', NULL, NULL, NULL, '', '', NULL),
('def', 'information_schema', 'TRIGGERS', NULL, NULL, NULL, NULL, NULL, NULL, NULL, NULL, NULL, 0, 0, 0, 281474976710655, 1024, 0, '2016-11-01 22:27:51', '2016-11-01 22:27:51', NULL, NULL, '', '', NULL),
('def', 'information_schema', 'USER_PRIVILEGES', NULL, NULL, NULL, NULL, NULL, NULL, NULL, NULL, NULL, 0, 1986, 0, 66906354, 0, 0, '2016-11-01 22:27:51', NULL, NULL, NULL, '', '', NULL),
('def', 'information_schema', 'USER_STATISTICS', NULL, NULL, NULL, NULL, NULL, NULL, NULL, NULL, NULL, 0, 603, 0, 66556728, 0, 0, '2016-11-01 22:27:51', NULL, NULL, NULL, '', '', NULL),
('def', 'information_schema', 'VIEWS', NULL, NULL, NULL, NULL, NULL, NULL, NULL, NULL, NULL, 0, 0, 0, 281474976710655, 1024, 0, '2016-11-01 22:27:51', '2016-11-01 22:27:51', NULL, NULL, '', '', NULL),
('def', 'information_schema', 'INNODB_CMPMEM_RESET', NULL, NULL, NULL, NULL, NULL, NULL, NULL, NULL, NULL, 0, 29, 0, 60817408, 0, 0, '2016-11-01 22:27:51', NULL, NULL, NULL, '', '', NULL),
('def', 'information_schema', 'INNODB_RSEG', NULL, NULL, NULL, NULL, NULL, NULL, NULL, NULL, NULL, 0, 49, 0, 58720228, 0, 0, '2016-11-01 22:27:51', NULL, NULL, NULL, '', '', NULL),
('def', 'information_schema', 'INNODB_UNDO_LOGS', NULL, NULL, NULL, NULL, NULL, NULL, NULL, NULL, NULL, 0, 1620, 0, 66943260, 0, 0, '2016-11-01 22:27:51', NULL, NULL, NULL, '', '', NULL),
('def', 'information_schema', 'INNODB_CMPMEM', NULL, NULL, NULL, NULL, NULL, NULL, NULL, NULL, NULL, 0, 29, 0, 60817408, 0, 0, '2016-11-01 22:27:51', NULL, NULL, NULL, '', '', NULL),
('def', 'information_schema', 'INNODB_SYS_TABLESTATS', NULL, NULL, NULL, NULL, NULL, NULL, NULL, NULL, NULL, 0, 1796, 0, 66958472, 0, 0, '2016-11-01 22:27:51', NULL, NULL, NULL, '', '', NULL),
('def', 'information_schema', 'INNODB_LOCK_WAITS', NULL, NULL, NULL, NULL, NULL, NULL, NULL, NULL, NULL, 0, 599, 0, 66996952, 0, 0, '2016-11-01 22:27:51', NULL, NULL, NULL, '', '', NULL),
('def', 'information_schema', 'INNODB_INDEX_STATS', NULL, NULL, NULL, NULL, NULL, NULL, NULL, NULL, NULL, 0, 2529, 0, 66922398, 0, 0, '2016-11-01 22:27:51', NULL, NULL, NULL, '', '', NULL),
('def', 'information_schema', 'INNODB_CMP', NULL, NULL, NULL, NULL, NULL, NULL, NULL, NULL, NULL, 0, 25, 0, 52428800, 0, 0, '2016-11-01 22:27:51', NULL, NULL, NULL, '', '', NULL),
('def', 'information_schema', 'INNODB_CMP_RESET', NULL, NULL, NULL, NULL, NULL, NULL, NULL, NULL, NULL, 0, 25, 0, 52428800, 0, 0, '2016-11-01 22:27:51', NULL, NULL, NULL, '', '', NULL),
('def', 'information_schema', 'INNODB_CHANGED_PAGES', NULL, NULL, NULL, NULL, NULL, NULL, NULL, NULL, NULL, 0, 25, 0, 52428800, 0, 0, '2016-11-01 22:27:51', NULL, NULL, NULL, '', '', NULL),
('def', 'information_schema', 'INNODB_BUFFER_POOL_PAGES', NULL, NULL, NULL, NULL, NULL, NULL, NULL, NULL, NULL, 0, 234, 0, 65431080, 0, 0, '2016-11-01 22:27:51', NULL, NULL, NULL, '', '', NULL),
('def', 'information_schema', 'INNODB_TRX', NULL, NULL, NULL, NULL, NULL, NULL, NULL, NULL, NULL, 0, 4534, 0, 67075996, 0, 0, '2016-11-01 22:27:51', NULL, NULL, NULL, '', '', NULL),
('def', 'information_schema', 'INNODB_BUFFER_POOL_PAGES_INDEX', NULL, NULL, NULL, NULL, NULL, NULL, NULL, NULL, NULL, 0, 105, 0, 62914530, 0, 0, '2016-11-01 22:27:51', NULL, NULL, NULL, '', '', NULL),
('def', 'information_schema', 'INNODB_LOCKS', NULL, NULL, NULL, NULL, NULL, NULL, NULL, NULL, NULL, 0, 31244, 0, 67080868, 0, 0, '2016-11-01 22:27:51', NULL, NULL, NULL, '', '', NULL),
('def', 'information_schema', 'INNODB_BUFFER_POOL_PAGES_BLOB', NULL, NULL, NULL, NULL, NULL, NULL, NULL, NULL, NULL, 0, 65, 0, 60584355, 0, 0, '2016-11-01 22:27:51', NULL, NULL, NULL, '', '', NULL),
('def', 'information_schema', 'INNODB_SYS_TABLES', NULL, NULL, NULL, NULL, NULL, NULL, NULL, NULL, NULL, 0, 1183, 0, 67051257, 0, 0, '2016-11-01 22:27:51', NULL, NULL, NULL, '', '', NULL),
('def', 'information_schema', 'INNODB_SYS_FIELDS', NULL, NULL, NULL, NULL, NULL, NULL, NULL, NULL, NULL, 0, 594, 0, 66437712, 0, 0, '2016-11-01 22:27:51', NULL, NULL, NULL, '', '', NULL),
('def', 'information_schema', 'INNODB_SYS_COLUMNS', NULL, NULL, NULL, NULL, NULL, NULL, NULL, NULL, NULL, 0, 610, 0, 66454620, 0, 0, '2016-11-01 22:27:51', NULL, NULL, NULL, '', '', NULL),
('def', 'information_schema', 'INNODB_BUFFER_PAGE', NULL, NULL, NULL, NULL, NULL, NULL, NULL, NULL, NULL, 0, 6852, 0, 67067376, 0, 0, '2016-11-01 22:27:51', NULL, NULL, NULL, '', '', NULL),
('def', 'information_schema', 'INNODB_SYS_STATS', NULL, NULL, NULL, NULL, NULL, NULL, NULL, NULL, NULL, 0, 29, 0, 60817408, 0, 0, '2016-11-01 22:27:51', NULL, NULL, NULL, '', '', NULL),
('def', 'information_schema', 'INNODB_SYS_FOREIGN', NULL, NULL, NULL, NULL, NULL, NULL, NULL, NULL, NULL, 0, 1752, 0, 66803760, 0, 0, '2016-11-01 22:27:51', NULL, NULL, NULL, '', '', NULL),
('def', 'information_schema', 'INNODB_SYS_INDEXES', NULL, NULL, NULL, NULL, NULL, NULL, NULL, NULL, NULL, 0, 614, 0, 66890388, 0, 0, '2016-11-01 22:27:51', NULL, NULL, NULL, '', '', NULL),
('def', 'information_schema', 'XTRADB_ADMIN_COMMAND', NULL, NULL, NULL, NULL, NULL, NULL, NULL, NULL, NULL, 0, 3075, 0, 66998100, 0, 0, '2016-11-01 22:27:51', NULL, NULL, NULL, '', '', NULL),
('def', 'information_schema', 'INNODB_TABLE_STATS', NULL, NULL, NULL, NULL, NULL, NULL, NULL, NULL, NULL, 0, 1189, 0, 66939511, 0, 0, '2016-11-01 22:27:51', NULL, NULL, NULL, '', '', NULL),
('def', 'information_schema', 'INNODB_SYS_FOREIGN_COLS', NULL, NULL, NULL, NULL, NULL, NULL, NULL, NULL, NULL, 0, 1748, 0, 66955392, 0, 0, '2016-11-01 22:27:51', NULL, NULL, NULL, '', '', NULL),
('def', 'information_schema', 'INNODB_BUFFER_PAGE_LRU', NULL, NULL, NULL, NULL, NULL, NULL, NULL, NULL, NULL, 0, 6669, 0, 67076802, 0, 0, '2016-11-01 22:27:51', NULL, NULL, NULL, '', '', NULL),
('def', 'information_schema', 'INNODB_BUFFER_POOL_STATS', NULL, NULL, NULL, NULL, NULL, NULL, NULL, NULL, NULL, 0, 257, 0, 65329400, 0, 0, '2016-11-01 22:27:51', NULL, NULL, NULL, '', '', NULL),
('def', '20454239_1', 'Action', NULL, NULL, NULL, NULL, NULL, NULL, NULL, NULL, NULL, 1080, 91, 98304, NULL, 16384, 0, '2016-11-01 03:53:58', NULL, NULL, NULL, '', '', NULL),
('def', '20454239_1', 'Category', NULL, NULL, NULL, NULL, NULL, NULL, NULL, NULL, NULL, 79, 207, 16384, NULL, 0, 0, '2016-11-01 03:53:58', NULL, NULL, NULL, '', '', NULL),
('def', '20454239_1', 'Client', NULL, NULL, NULL, NULL, NULL, NULL, NULL, NULL, NULL, 38, 431, 16384, NULL, 16384, 0, '2016-11-01 03:53:58', NULL, NULL, NULL, '', '', NULL),
('def', '20454239_1', 'Client_Task', NULL, NULL, NULL, NULL, NULL, NULL, NULL, NULL, NULL, 152, 107, 16384, NULL, 32768, 0, '2016-11-01 03:53:58', NULL, NULL, NULL, '', '', NULL),
('def', '20454239_1', 'Interface', NULL, NULL, NULL, NULL, NULL, NULL, NULL, NULL, NULL, 4, 4096, 16384, NULL, 0, 0, '2016-11-01 03:53:58', NULL, NULL, NULL, '', '', NULL),
('def', '20454239_1', 'Product', NULL, NULL, NULL, NULL, NULL, NULL, NULL, NULL, NULL, 500, 131, 65536, NULL, 65536, 0, '2016-11-01 03:53:58', NULL, NULL, NULL, '', '', NULL),
('def', '20454239_1', 'Task', NULL, NULL, NULL, NULL, NULL, NULL, NULL, NULL, NULL, 152, 107, 16384, NULL, 32768, 0, '2016-11-01 03:53:58', NULL, NULL, NULL, '', '', NULL),
('def', '20454239_1', 'Task_Action', NULL, NULL, NULL, NULL, NULL, NULL, NULL, NULL, NULL, 901, 72, 65536, NULL, 32768, 0, '2016-11-01 03:53:58', NULL, NULL, NULL, '', '', NULL);

-- --------------------------------------------------------

--
-- Struktura tabeli dla tabeli `PLUGINS`
--

CREATE TEMPORARY TABLE `PLUGINS` (
  `PLUGIN_NAME` varchar(64) NOT NULL DEFAULT '',
  `PLUGIN_VERSION` varchar(20) NOT NULL DEFAULT '',
  `PLUGIN_STATUS` varchar(10) NOT NULL DEFAULT '',
  `PLUGIN_TYPE` varchar(80) NOT NULL DEFAULT '',
  `PLUGIN_TYPE_VERSION` varchar(20) NOT NULL DEFAULT '',
  `PLUGIN_LIBRARY` varchar(64) DEFAULT NULL,
  `PLUGIN_LIBRARY_VERSION` varchar(20) DEFAULT NULL,
  `PLUGIN_AUTHOR` varchar(64) DEFAULT NULL,
  `PLUGIN_DESCRIPTION` longtext,
  `PLUGIN_LICENSE` varchar(80) DEFAULT NULL,
  `LOAD_OPTION` varchar(64) NOT NULL DEFAULT ''
) ENGINE=MyISAM DEFAULT CHARSET=utf8;

--
-- Zrzut danych tabeli `PLUGINS`
--

INSERT INTO `PLUGINS` (`PLUGIN_NAME`, `PLUGIN_VERSION`, `PLUGIN_STATUS`, `PLUGIN_TYPE`, `PLUGIN_TYPE_VERSION`, `PLUGIN_LIBRARY`, `PLUGIN_LIBRARY_VERSION`, `PLUGIN_AUTHOR`, `PLUGIN_DESCRIPTION`, `PLUGIN_LICENSE`, `LOAD_OPTION`) VALUES
('binlog', '1.0', 'ACTIVE', 'STORAGE ENGINE', '50551.0', NULL, NULL, 'MySQL AB', 'This is a pseudo storage engine to represent the binlog in a transaction', 'GPL', 'FORCE'),
('mysql_native_password', '1.0', 'ACTIVE', 'AUTHENTICATION', '1.0', NULL, NULL, 'R.J.Silk, Sergei Golubchik', 'Native MySQL authentication', 'GPL', 'FORCE'),
('mysql_old_password', '1.0', 'ACTIVE', 'AUTHENTICATION', '1.0', NULL, NULL, 'R.J.Silk, Sergei Golubchik', 'Old MySQL-4.0 authentication', 'GPL', 'FORCE'),
('MRG_MYISAM', '1.0', 'ACTIVE', 'STORAGE ENGINE', '50551.0', NULL, NULL, 'MySQL AB', 'Collection of identical MyISAM tables', 'GPL', 'FORCE'),
('CSV', '1.0', 'ACTIVE', 'STORAGE ENGINE', '50551.0', NULL, NULL, 'Brian Aker, MySQL AB', 'CSV storage engine', 'GPL', 'FORCE'),
('MyISAM', '1.0', 'ACTIVE', 'STORAGE ENGINE', '50551.0', NULL, NULL, 'MySQL AB', 'MyISAM storage engine', 'GPL', 'FORCE'),
('MEMORY', '1.0', 'ACTIVE', 'STORAGE ENGINE', '50551.0', NULL, NULL, 'MySQL AB', 'Hash based, stored in memory, useful for temporary tables', 'GPL', 'FORCE'),
('InnoDB', '5.5', 'ACTIVE', 'STORAGE ENGINE', '50551.0', NULL, NULL, 'Oracle Corporation', 'Percona-XtraDB, Supports transactions, row-level locking, and foreign keys', 'GPL', 'ON'),
('INNODB_RSEG', '1.0', 'ACTIVE', 'INFORMATION SCHEMA', '50551.0', NULL, NULL, 'Percona', 'InnoDB rollback segment information', 'GPL', 'ON'),
('INNODB_UNDO_LOGS', '1.0', 'ACTIVE', 'INFORMATION SCHEMA', '50551.0', NULL, NULL, 'Percona', 'InnoDB rollback undo segment information', 'GPL', 'ON'),
('INNODB_TRX', '5.5', 'ACTIVE', 'INFORMATION SCHEMA', '50551.0', NULL, NULL, 'Oracle Corporation', 'InnoDB transactions', 'GPL', 'ON'),
('INNODB_LOCKS', '5.5', 'ACTIVE', 'INFORMATION SCHEMA', '50551.0', NULL, NULL, 'Oracle Corporation', 'InnoDB conflicting locks', 'GPL', 'ON'),
('INNODB_LOCK_WAITS', '5.5', 'ACTIVE', 'INFORMATION SCHEMA', '50551.0', NULL, NULL, 'Oracle Corporation', 'InnoDB which lock is blocking which', 'GPL', 'ON'),
('INNODB_CMP', '5.5', 'ACTIVE', 'INFORMATION SCHEMA', '50551.0', NULL, NULL, 'Oracle Corporation', 'Statistics for the InnoDB compression', 'GPL', 'ON'),
('INNODB_CMP_RESET', '5.5', 'ACTIVE', 'INFORMATION SCHEMA', '50551.0', NULL, NULL, 'Oracle Corporation', 'Statistics for the InnoDB compression; reset cumulated counts', 'GPL', 'ON'),
('INNODB_CMPMEM', '5.5', 'ACTIVE', 'INFORMATION SCHEMA', '50551.0', NULL, NULL, 'Oracle Corporation', 'Statistics for the InnoDB compressed buffer pool', 'GPL', 'ON'),
('INNODB_CMPMEM_RESET', '5.5', 'ACTIVE', 'INFORMATION SCHEMA', '50551.0', NULL, NULL, 'Oracle Corporation', 'Statistics for the InnoDB compressed buffer pool; reset cumulated counts', 'GPL', 'ON'),
('INNODB_SYS_TABLES', '5.5', 'ACTIVE', 'INFORMATION SCHEMA', '50551.0', NULL, NULL, 'Percona', 'InnoDB SYS_TABLES', 'GPL', 'ON'),
('INNODB_SYS_TABLESTATS', '5.5', 'ACTIVE', 'INFORMATION SCHEMA', '50551.0', NULL, NULL, 'Percona', 'InnoDB SYS_TABLESTATS', 'GPL', 'ON'),
('INNODB_SYS_INDEXES', '5.5', 'ACTIVE', 'INFORMATION SCHEMA', '50551.0', NULL, NULL, 'Percona', 'InnoDB SYS_INDEXES', 'GPL', 'ON'),
('INNODB_SYS_COLUMNS', '5.5', 'ACTIVE', 'INFORMATION SCHEMA', '50551.0', NULL, NULL, 'Percona', 'InnoDB SYS_COLUMNS', 'GPL', 'ON'),
('INNODB_SYS_FIELDS', '5.5', 'ACTIVE', 'INFORMATION SCHEMA', '50551.0', NULL, NULL, 'Percona', 'InnoDB SYS_FIELDS', 'GPL', 'ON'),
('INNODB_SYS_FOREIGN', '5.5', 'ACTIVE', 'INFORMATION SCHEMA', '50551.0', NULL, NULL, 'Percona', 'InnoDB SYS_FOREIGN', 'GPL', 'ON'),
('INNODB_SYS_FOREIGN_COLS', '5.5', 'ACTIVE', 'INFORMATION SCHEMA', '50551.0', NULL, NULL, 'Percona', 'InnoDB SYS_FOREIGN_COLS', 'GPL', 'ON'),
('INNODB_SYS_STATS', '5.5', 'ACTIVE', 'INFORMATION SCHEMA', '50551.0', NULL, NULL, 'Percona', 'XtraDB SYS_STATS table', 'GPL', 'ON'),
('INNODB_TABLE_STATS', '1.0', 'ACTIVE', 'INFORMATION SCHEMA', '50551.0', NULL, NULL, 'Percona', 'InnoDB table statistics in memory', 'GPL', 'ON'),
('INNODB_INDEX_STATS', '1.0', 'ACTIVE', 'INFORMATION SCHEMA', '50551.0', NULL, NULL, 'Percona', 'InnoDB index statistics in memory', 'GPL', 'ON'),
('INNODB_BUFFER_POOL_PAGES', '1.0', 'ACTIVE', 'INFORMATION SCHEMA', '50551.0', NULL, NULL, 'Percona', 'InnoDB buffer pool pages', 'GPL', 'ON'),
('INNODB_BUFFER_POOL_PAGES_INDEX', '1.0', 'ACTIVE', 'INFORMATION SCHEMA', '50551.0', NULL, NULL, 'Percona', 'InnoDB buffer pool index pages', 'GPL', 'ON'),
('INNODB_BUFFER_POOL_PAGES_BLOB', '1.0', 'ACTIVE', 'INFORMATION SCHEMA', '50551.0', NULL, NULL, 'Percona', 'InnoDB buffer pool blob pages', 'GPL', 'ON'),
('XTRADB_ADMIN_COMMAND', '1.0', 'ACTIVE', 'INFORMATION SCHEMA', '50551.0', NULL, NULL, 'Percona', 'XtraDB specific command acceptor', 'GPL', 'ON'),
('INNODB_CHANGED_PAGES', '1.0', 'ACTIVE', 'INFORMATION SCHEMA', '50551.0', NULL, NULL, 'Percona', 'InnoDB CHANGED_PAGES table', 'GPL', 'ON'),
('INNODB_BUFFER_PAGE', '5.5', 'ACTIVE', 'INFORMATION SCHEMA', '50551.0', NULL, NULL, 'Oracle Corporation', 'InnoDB Buffer Page Information', 'GPL', 'ON'),
('INNODB_BUFFER_PAGE_LRU', '5.5', 'ACTIVE', 'INFORMATION SCHEMA', '50551.0', NULL, NULL, 'Oracle Corporation', 'InnoDB Buffer Page in LRU', 'GPL', 'ON'),
('INNODB_BUFFER_POOL_STATS', '5.5', 'ACTIVE', 'INFORMATION SCHEMA', '50551.0', NULL, NULL, 'Oracle Corporation', 'InnoDB Buffer Pool Statistics Information ', 'GPL', 'ON'),
('PERFORMANCE_SCHEMA', '0.1', 'ACTIVE', 'STORAGE ENGINE', '50551.0', NULL, NULL, 'Marc Alff, Oracle', 'Performance Schema', 'GPL', 'FORCE'),
('partition', '1.0', 'ACTIVE', 'STORAGE ENGINE', '50551.0', NULL, NULL, 'Mikael Ronstrom, MySQL AB', 'Partition Storage Engine Helper', 'GPL', 'ON');

-- --------------------------------------------------------

--
-- Struktura tabeli dla tabeli `PROCESSLIST`
--

CREATE TEMPORARY TABLE `PROCESSLIST` (
  `ID` bigint(4) NOT NULL DEFAULT '0',
  `USER` varchar(16) NOT NULL DEFAULT '',
  `HOST` varchar(64) NOT NULL DEFAULT '',
  `DB` varchar(64) DEFAULT NULL,
  `COMMAND` varchar(16) NOT NULL DEFAULT '',
  `TIME` int(7) NOT NULL DEFAULT '0',
  `STATE` varchar(64) DEFAULT NULL,
  `INFO` longtext,
  `TIME_MS` bigint(21) NOT NULL DEFAULT '0',
  `ROWS_SENT` bigint(21) unsigned NOT NULL DEFAULT '0',
  `ROWS_EXAMINED` bigint(21) unsigned NOT NULL DEFAULT '0',
  `ROWS_READ` bigint(21) unsigned NOT NULL DEFAULT '0'
) ENGINE=MyISAM DEFAULT CHARSET=utf8;

--
-- Zrzut danych tabeli `PROCESSLIST`
--

INSERT INTO `PROCESSLIST` (`ID`, `USER`, `HOST`, `DB`, `COMMAND`, `TIME`, `STATE`, `INFO`, `TIME_MS`, `ROWS_SENT`, `ROWS_EXAMINED`, `ROWS_READ`) VALUES
(17209860, '20454239_1', 'localhost', '20454239_1', 'Query', 0, 'executing', 'SELECT * FROM `information_schema`.`PROCESSLIST`', 0, 0, 0, 1);

-- --------------------------------------------------------

--
-- Struktura tabeli dla tabeli `PROFILING`
--

CREATE TEMPORARY TABLE `PROFILING` (
  `QUERY_ID` int(20) NOT NULL DEFAULT '0',
  `SEQ` int(20) NOT NULL DEFAULT '0',
  `STATE` varchar(30) NOT NULL DEFAULT '',
  `DURATION` decimal(9,6) NOT NULL DEFAULT '0.000000',
  `CPU_USER` decimal(9,6) DEFAULT NULL,
  `CPU_SYSTEM` decimal(9,6) DEFAULT NULL,
  `CONTEXT_VOLUNTARY` int(20) DEFAULT NULL,
  `CONTEXT_INVOLUNTARY` int(20) DEFAULT NULL,
  `BLOCK_OPS_IN` int(20) DEFAULT NULL,
  `BLOCK_OPS_OUT` int(20) DEFAULT NULL,
  `MESSAGES_SENT` int(20) DEFAULT NULL,
  `MESSAGES_RECEIVED` int(20) DEFAULT NULL,
  `PAGE_FAULTS_MAJOR` int(20) DEFAULT NULL,
  `PAGE_FAULTS_MINOR` int(20) DEFAULT NULL,
  `SWAPS` int(20) DEFAULT NULL,
  `SOURCE_FUNCTION` varchar(30) DEFAULT NULL,
  `SOURCE_FILE` varchar(20) DEFAULT NULL,
  `SOURCE_LINE` int(20) DEFAULT NULL
) ENGINE=MEMORY DEFAULT CHARSET=utf8;

-- --------------------------------------------------------

--
-- Struktura tabeli dla tabeli `REFERENTIAL_CONSTRAINTS`
--

CREATE TEMPORARY TABLE `REFERENTIAL_CONSTRAINTS` (
  `CONSTRAINT_CATALOG` varchar(512) NOT NULL DEFAULT '',
  `CONSTRAINT_SCHEMA` varchar(64) NOT NULL DEFAULT '',
  `CONSTRAINT_NAME` varchar(64) NOT NULL DEFAULT '',
  `UNIQUE_CONSTRAINT_CATALOG` varchar(512) NOT NULL DEFAULT '',
  `UNIQUE_CONSTRAINT_SCHEMA` varchar(64) NOT NULL DEFAULT '',
  `UNIQUE_CONSTRAINT_NAME` varchar(64) DEFAULT NULL,
  `MATCH_OPTION` varchar(64) NOT NULL DEFAULT '',
  `UPDATE_RULE` varchar(64) NOT NULL DEFAULT '',
  `DELETE_RULE` varchar(64) NOT NULL DEFAULT '',
  `TABLE_NAME` varchar(64) NOT NULL DEFAULT '',
  `REFERENCED_TABLE_NAME` varchar(64) NOT NULL DEFAULT ''
) ENGINE=MEMORY DEFAULT CHARSET=utf8;

--
-- Zrzut danych tabeli `REFERENTIAL_CONSTRAINTS`
--

INSERT INTO `REFERENTIAL_CONSTRAINTS` (`CONSTRAINT_CATALOG`, `CONSTRAINT_SCHEMA`, `CONSTRAINT_NAME`, `UNIQUE_CONSTRAINT_CATALOG`, `UNIQUE_CONSTRAINT_SCHEMA`, `UNIQUE_CONSTRAINT_NAME`, `MATCH_OPTION`, `UPDATE_RULE`, `DELETE_RULE`, `TABLE_NAME`, `REFERENCED_TABLE_NAME`) VALUES
('def', '20454239_1', 'client_client', 'def', '20454239_1', 'PRIMARY', 'NONE', 'NO ACTION', 'NO ACTION', 'Client_Task', 'Client'),
('def', '20454239_1', 'client_task', 'def', '20454239_1', 'PRIMARY', 'NONE', 'NO ACTION', 'NO ACTION', 'Client_Task', 'Task'),
('def', '20454239_1', 'category', 'def', '20454239_1', 'PRIMARY', 'NONE', 'NO ACTION', 'NO ACTION', 'Product', 'Category'),
('def', '20454239_1', 'interface_task', 'def', '20454239_1', 'PRIMARY', 'NONE', 'NO ACTION', 'NO ACTION', 'Task', 'Interface'),
('def', '20454239_1', 'product_task', 'def', '20454239_1', 'PRIMARY', 'NONE', 'NO ACTION', 'NO ACTION', 'Task', 'Product'),
('def', '20454239_1', 'action_task', 'def', '20454239_1', 'PRIMARY', 'NONE', 'NO ACTION', 'NO ACTION', 'Task_Action', 'Action'),
('def', '20454239_1', 'task_action', 'def', '20454239_1', 'PRIMARY', 'NONE', 'NO ACTION', 'NO ACTION', 'Task_Action', 'Task');

-- --------------------------------------------------------

--
-- Struktura tabeli dla tabeli `ROUTINES`
--

CREATE TEMPORARY TABLE `ROUTINES` (
  `SPECIFIC_NAME` varchar(64) NOT NULL DEFAULT '',
  `ROUTINE_CATALOG` varchar(512) NOT NULL DEFAULT '',
  `ROUTINE_SCHEMA` varchar(64) NOT NULL DEFAULT '',
  `ROUTINE_NAME` varchar(64) NOT NULL DEFAULT '',
  `ROUTINE_TYPE` varchar(9) NOT NULL DEFAULT '',
  `DATA_TYPE` varchar(64) NOT NULL DEFAULT '',
  `CHARACTER_MAXIMUM_LENGTH` int(21) DEFAULT NULL,
  `CHARACTER_OCTET_LENGTH` int(21) DEFAULT NULL,
  `NUMERIC_PRECISION` int(21) DEFAULT NULL,
  `NUMERIC_SCALE` int(21) DEFAULT NULL,
  `CHARACTER_SET_NAME` varchar(64) DEFAULT NULL,
  `COLLATION_NAME` varchar(64) DEFAULT NULL,
  `DTD_IDENTIFIER` longtext,
  `ROUTINE_BODY` varchar(8) NOT NULL DEFAULT '',
  `ROUTINE_DEFINITION` longtext,
  `EXTERNAL_NAME` varchar(64) DEFAULT NULL,
  `EXTERNAL_LANGUAGE` varchar(64) DEFAULT NULL,
  `PARAMETER_STYLE` varchar(8) NOT NULL DEFAULT '',
  `IS_DETERMINISTIC` varchar(3) NOT NULL DEFAULT '',
  `SQL_DATA_ACCESS` varchar(64) NOT NULL DEFAULT '',
  `SQL_PATH` varchar(64) DEFAULT NULL,
  `SECURITY_TYPE` varchar(7) NOT NULL DEFAULT '',
  `CREATED` datetime NOT NULL DEFAULT '0000-00-00 00:00:00',
  `LAST_ALTERED` datetime NOT NULL DEFAULT '0000-00-00 00:00:00',
  `SQL_MODE` varchar(8192) NOT NULL DEFAULT '',
  `ROUTINE_COMMENT` longtext NOT NULL,
  `DEFINER` varchar(77) NOT NULL DEFAULT '',
  `CHARACTER_SET_CLIENT` varchar(32) NOT NULL DEFAULT '',
  `COLLATION_CONNECTION` varchar(32) NOT NULL DEFAULT '',
  `DATABASE_COLLATION` varchar(32) NOT NULL DEFAULT ''
) ENGINE=MyISAM DEFAULT CHARSET=utf8;

-- --------------------------------------------------------

--
-- Struktura tabeli dla tabeli `QUERY_RESPONSE_TIME`
--

CREATE TEMPORARY TABLE `QUERY_RESPONSE_TIME` (
  `time` varchar(14) NOT NULL DEFAULT '',
  `count` int(11) unsigned NOT NULL DEFAULT '0',
  `total` varchar(14) NOT NULL DEFAULT ''
) ENGINE=MEMORY DEFAULT CHARSET=utf8;

--
-- Zrzut danych tabeli `QUERY_RESPONSE_TIME`
--

INSERT INTO `QUERY_RESPONSE_TIME` (`time`, `count`, `total`) VALUES
('      0.000001', 0, '      0.000000'),
('      0.000010', 0, '      0.000000'),
('      0.000100', 0, '      0.000000'),
('      0.001000', 0, '      0.000000'),
('      0.010000', 0, '      0.000000'),
('      0.100000', 0, '      0.000000'),
('      1.000000', 0, '      0.000000'),
('     10.000000', 0, '      0.000000'),
('    100.000000', 0, '      0.000000'),
('   1000.000000', 0, '      0.000000'),
('  10000.000000', 0, '      0.000000'),
(' 100000.000000', 0, '      0.000000'),
('1000000.000000', 0, '      0.000000'),
('TOO LONG', 0, 'TOO LONG');

-- --------------------------------------------------------

--
-- Struktura tabeli dla tabeli `SCHEMATA`
--

CREATE TEMPORARY TABLE `SCHEMATA` (
  `CATALOG_NAME` varchar(512) NOT NULL DEFAULT '',
  `SCHEMA_NAME` varchar(64) NOT NULL DEFAULT '',
  `DEFAULT_CHARACTER_SET_NAME` varchar(32) NOT NULL DEFAULT '',
  `DEFAULT_COLLATION_NAME` varchar(32) NOT NULL DEFAULT '',
  `SQL_PATH` varchar(512) DEFAULT NULL
) ENGINE=MEMORY DEFAULT CHARSET=utf8;

--
-- Zrzut danych tabeli `SCHEMATA`
--

INSERT INTO `SCHEMATA` (`CATALOG_NAME`, `SCHEMA_NAME`, `DEFAULT_CHARACTER_SET_NAME`, `DEFAULT_COLLATION_NAME`, `SQL_PATH`) VALUES
('def', 'information_schema', 'utf8', 'utf8_general_ci', NULL),
('def', '20454239_1', 'utf8', 'utf8_unicode_ci', NULL);

-- --------------------------------------------------------

--
-- Struktura tabeli dla tabeli `SCHEMA_PRIVILEGES`
--

CREATE TEMPORARY TABLE `SCHEMA_PRIVILEGES` (
  `GRANTEE` varchar(81) NOT NULL DEFAULT '',
  `TABLE_CATALOG` varchar(512) NOT NULL DEFAULT '',
  `TABLE_SCHEMA` varchar(64) NOT NULL DEFAULT '',
  `PRIVILEGE_TYPE` varchar(64) NOT NULL DEFAULT '',
  `IS_GRANTABLE` varchar(3) NOT NULL DEFAULT ''
) ENGINE=MEMORY DEFAULT CHARSET=utf8;

--
-- Zrzut danych tabeli `SCHEMA_PRIVILEGES`
--

INSERT INTO `SCHEMA_PRIVILEGES` (`GRANTEE`, `TABLE_CATALOG`, `TABLE_SCHEMA`, `PRIVILEGE_TYPE`, `IS_GRANTABLE`) VALUES
('''20454239_1''@''%''', 'def', '20454239\\_1', 'SELECT', 'NO'),
('''20454239_1''@''%''', 'def', '20454239\\_1', 'INSERT', 'NO'),
('''20454239_1''@''%''', 'def', '20454239\\_1', 'UPDATE', 'NO'),
('''20454239_1''@''%''', 'def', '20454239\\_1', 'DELETE', 'NO'),
('''20454239_1''@''%''', 'def', '20454239\\_1', 'CREATE', 'NO'),
('''20454239_1''@''%''', 'def', '20454239\\_1', 'DROP', 'NO'),
('''20454239_1''@''%''', 'def', '20454239\\_1', 'REFERENCES', 'NO'),
('''20454239_1''@''%''', 'def', '20454239\\_1', 'INDEX', 'NO'),
('''20454239_1''@''%''', 'def', '20454239\\_1', 'ALTER', 'NO'),
('''20454239_1''@''%''', 'def', '20454239\\_1', 'CREATE TEMPORARY TABLES', 'NO'),
('''20454239_1''@''%''', 'def', '20454239\\_1', 'LOCK TABLES', 'NO'),
('''20454239_1''@''%''', 'def', '20454239\\_1', 'EXECUTE', 'NO'),
('''20454239_1''@''%''', 'def', '20454239\\_1', 'CREATE VIEW', 'NO'),
('''20454239_1''@''%''', 'def', '20454239\\_1', 'SHOW VIEW', 'NO'),
('''20454239_1''@''%''', 'def', '20454239\\_1', 'CREATE ROUTINE', 'NO'),
('''20454239_1''@''%''', 'def', '20454239\\_1', 'ALTER ROUTINE', 'NO'),
('''20454239_1''@''%''', 'def', '20454239\\_1', 'TRIGGER', 'NO');

-- --------------------------------------------------------

--
-- Struktura tabeli dla tabeli `SESSION_STATUS`
--

CREATE TEMPORARY TABLE `SESSION_STATUS` (
  `VARIABLE_NAME` varchar(64) NOT NULL DEFAULT '',
  `VARIABLE_VALUE` varchar(1024) DEFAULT NULL
) ENGINE=MEMORY DEFAULT CHARSET=utf8;

--
-- Zrzut danych tabeli `SESSION_STATUS`
--

INSERT INTO `SESSION_STATUS` (`VARIABLE_NAME`, `VARIABLE_VALUE`) VALUES
('ABORTED_CLIENTS', '56121'),
('ABORTED_CONNECTS', '125241'),
('BINLOG_CACHE_DISK_USE', '0'),
('BINLOG_CACHE_USE', '0'),
('BINLOG_STMT_CACHE_DISK_USE', '0'),
('BINLOG_STMT_CACHE_USE', '0'),
('BYTES_RECEIVED', '11666'),
('BYTES_SENT', '414587'),
('COM_ADMIN_COMMANDS', '0'),
('COM_ASSIGN_TO_KEYCACHE', '0'),
('COM_ALTER_DB', '0'),
('COM_ALTER_DB_UPGRADE', '0'),
('COM_ALTER_EVENT', '0'),
('COM_ALTER_FUNCTION', '0'),
('COM_ALTER_PROCEDURE', '0'),
('COM_ALTER_SERVER', '0'),
('COM_ALTER_TABLE', '0'),
('COM_ALTER_TABLESPACE', '0'),
('COM_ANALYZE', '0'),
('COM_BEGIN', '0'),
('COM_BINLOG', '0'),
('COM_CALL_PROCEDURE', '0'),
('COM_CHANGE_DB', '2'),
('COM_CHANGE_MASTER', '0'),
('COM_CHECK', '0'),
('COM_CHECKSUM', '0'),
('COM_COMMIT', '0'),
('COM_CREATE_DB', '0'),
('COM_CREATE_EVENT', '0'),
('COM_CREATE_FUNCTION', '0'),
('COM_CREATE_INDEX', '0'),
('COM_CREATE_PROCEDURE', '0'),
('COM_CREATE_SERVER', '0'),
('COM_CREATE_TABLE', '0'),
('COM_CREATE_TRIGGER', '0'),
('COM_CREATE_UDF', '0'),
('COM_CREATE_USER', '0'),
('COM_CREATE_VIEW', '0'),
('COM_DEALLOC_SQL', '0'),
('COM_DELETE', '0'),
('COM_DELETE_MULTI', '0'),
('COM_DO', '0'),
('COM_DROP_DB', '0'),
('COM_DROP_EVENT', '0'),
('COM_DROP_FUNCTION', '0'),
('COM_DROP_INDEX', '0'),
('COM_DROP_PROCEDURE', '0'),
('COM_DROP_SERVER', '0'),
('COM_DROP_TABLE', '0'),
('COM_DROP_TRIGGER', '0'),
('COM_DROP_USER', '0'),
('COM_DROP_VIEW', '0'),
('COM_EMPTY_QUERY', '0'),
('COM_EXECUTE_SQL', '0'),
('COM_FLUSH', '0'),
('COM_GRANT', '0'),
('COM_HA_CLOSE', '0'),
('COM_HA_OPEN', '0'),
('COM_HA_READ', '0'),
('COM_HELP', '0'),
('COM_INSERT', '0'),
('COM_INSERT_SELECT', '0'),
('COM_INSTALL_PLUGIN', '0'),
('COM_KILL', '0'),
('COM_LOAD', '0'),
('COM_LOCK_TABLES', '0'),
('COM_OPTIMIZE', '0'),
('COM_PRELOAD_KEYS', '0'),
('COM_PREPARE_SQL', '0'),
('COM_PURGE', '0'),
('COM_PURGE_BEFORE_DATE', '0'),
('COM_RELEASE_SAVEPOINT', '0'),
('COM_RENAME_TABLE', '0'),
('COM_RENAME_USER', '0'),
('COM_REPAIR', '0'),
('COM_REPLACE', '0'),
('COM_REPLACE_SELECT', '0'),
('COM_RESET', '0'),
('COM_RESIGNAL', '0'),
('COM_REVOKE', '0'),
('COM_REVOKE_ALL', '0'),
('COM_ROLLBACK', '0'),
('COM_ROLLBACK_TO_SAVEPOINT', '0'),
('COM_SAVEPOINT', '0'),
('COM_SELECT', '35'),
('COM_SET_OPTION', '37'),
('COM_SIGNAL', '0'),
('COM_SHOW_AUTHORS', '0'),
('COM_SHOW_BINLOG_EVENTS', '0'),
('COM_SHOW_BINLOGS', '0'),
('COM_SHOW_CHARSETS', '0'),
('COM_SHOW_CLIENT_STATISTICS', '0'),
('COM_SHOW_COLLATIONS', '0'),
('COM_SHOW_CONTRIBUTORS', '0'),
('COM_SHOW_CREATE_DB', '0'),
('COM_SHOW_CREATE_EVENT', '0'),
('COM_SHOW_CREATE_FUNC', '0'),
('COM_SHOW_CREATE_PROC', '0'),
('COM_SHOW_CREATE_TABLE', '33'),
('COM_SHOW_CREATE_TRIGGER', '0'),
('COM_SHOW_DATABASES', '1'),
('COM_SHOW_ENGINE_LOGS', '0'),
('COM_SHOW_ENGINE_MUTEX', '0'),
('COM_SHOW_ENGINE_STATUS', '0'),
('COM_SHOW_EVENTS', '0'),
('COM_SHOW_ERRORS', '0'),
('COM_SHOW_FIELDS', '0'),
('COM_SHOW_FUNCTION_STATUS', '2'),
('COM_SHOW_GRANTS', '0'),
('COM_SHOW_INDEX_STATISTICS', '0'),
('COM_SHOW_KEYS', '0'),
('COM_SHOW_MASTER_STATUS', '0'),
('COM_SHOW_OPEN_TABLES', '0'),
('COM_SHOW_PLUGINS', '0'),
('COM_SHOW_PRIVILEGES', '0'),
('COM_SHOW_PROCEDURE_STATUS', '2'),
('COM_SHOW_PROCESSLIST', '0'),
('COM_SHOW_PROFILE', '0'),
('COM_SHOW_PROFILES', '0'),
('COM_SHOW_RELAYLOG_EVENTS', '0'),
('COM_SHOW_SLAVE_HOSTS', '0'),
('COM_SHOW_SLAVE_STATUS', '0'),
('COM_SHOW_SLAVE_STATUS_NOLOCK', '0'),
('COM_SHOW_STATUS', '0'),
('COM_SHOW_STORAGE_ENGINES', '0'),
('COM_SHOW_TABLE_STATISTICS', '0'),
('COM_SHOW_TABLE_STATUS', '64'),
('COM_SHOW_TABLES', '2'),
('COM_SHOW_TEMPORARY_TABLES', '0'),
('COM_SHOW_THREAD_STATISTICS', '0'),
('COM_SHOW_TRIGGERS', '32'),
('COM_SHOW_USER_STATISTICS', '0'),
('COM_SHOW_VARIABLES', '2'),
('COM_SHOW_WARNINGS', '0'),
('COM_SLAVE_START', '0'),
('COM_SLAVE_STOP', '0'),
('COM_STMT_CLOSE', '0'),
('COM_STMT_EXECUTE', '0'),
('COM_STMT_FETCH', '0'),
('COM_STMT_PREPARE', '0'),
('COM_STMT_REPREPARE', '0'),
('COM_STMT_RESET', '0'),
('COM_STMT_SEND_LONG_DATA', '0'),
('COM_TRUNCATE', '0'),
('COM_UNINSTALL_PLUGIN', '0'),
('COM_UNLOCK_TABLES', '0'),
('COM_UPDATE', '0'),
('COM_UPDATE_MULTI', '0'),
('COM_XA_COMMIT', '0'),
('COM_XA_END', '0'),
('COM_XA_PREPARE', '0'),
('COM_XA_RECOVER', '0'),
('COM_XA_ROLLBACK', '0'),
('COM_XA_START', '0'),
('COMPRESSION', 'OFF'),
('CONNECTIONS', '17209863'),
('CREATED_TMP_DISK_TABLES', '108'),
('CREATED_TMP_FILES', '687195'),
('CREATED_TMP_TABLES', '490'),
('DELAYED_ERRORS', '0'),
('DELAYED_INSERT_THREADS', '0'),
('DELAYED_WRITES', '0'),
('FLASHCACHE_ENABLED', 'OFF'),
('FLUSH_COMMANDS', '1'),
('HANDLER_COMMIT', '8'),
('HANDLER_DELETE', '0'),
('HANDLER_DISCOVER', '0'),
('HANDLER_PREPARE', '0'),
('HANDLER_READ_FIRST', '14'),
('HANDLER_READ_KEY', '8'),
('HANDLER_READ_LAST', '0'),
('HANDLER_READ_NEXT', '204'),
('HANDLER_READ_PREV', '0'),
('HANDLER_READ_RND', '0'),
('HANDLER_READ_RND_NEXT', '5036'),
('HANDLER_ROLLBACK', '0'),
('HANDLER_SAVEPOINT', '0'),
('HANDLER_SAVEPOINT_ROLLBACK', '0'),
('HANDLER_UPDATE', '0'),
('HANDLER_WRITE', '2441'),
('INNODB_ADAPTIVE_HASH_CELLS', '553229'),
('INNODB_ADAPTIVE_HASH_HEAP_BUFFERS', '247'),
('INNODB_ADAPTIVE_HASH_HASH_SEARCHES', '23344071015'),
('INNODB_ADAPTIVE_HASH_NON_HASH_SEARCHES', '7667854611'),
('INNODB_BACKGROUND_LOG_SYNC', '1811193'),
('INNODB_BUFFER_POOL_PAGES_DATA', '16135'),
('INNODB_BUFFER_POOL_BYTES_DATA', '264355840'),
('INNODB_BUFFER_POOL_PAGES_DIRTY', '263'),
('INNODB_BUFFER_POOL_BYTES_DIRTY', '4308992'),
('INNODB_BUFFER_POOL_PAGES_FLUSHED', '25323044'),
('INNODB_BUFFER_POOL_PAGES_LRU_FLUSHED', '6895098'),
('INNODB_BUFFER_POOL_PAGES_FREE', '0'),
('INNODB_BUFFER_POOL_PAGES_MADE_NOT_YOUNG', '0'),
('INNODB_BUFFER_POOL_PAGES_MADE_YOUNG', '512128093'),
('INNODB_BUFFER_POOL_PAGES_MISC', '248'),
('INNODB_BUFFER_POOL_PAGES_OLD', '5936'),
('INNODB_BUFFER_POOL_PAGES_TOTAL', '16383'),
('INNODB_BUFFER_POOL_READ_AHEAD_RND', '0'),
('INNODB_BUFFER_POOL_READ_AHEAD', '45528611'),
('INNODB_BUFFER_POOL_READ_AHEAD_EVICTED', '4697091'),
('INNODB_BUFFER_POOL_READ_REQUESTS', '207345531111'),
('INNODB_BUFFER_POOL_READS', '353725112'),
('INNODB_BUFFER_POOL_WAIT_FREE', '0'),
('INNODB_BUFFER_POOL_WRITE_REQUESTS', '334237141'),
('INNODB_CHECKPOINT_AGE', '544250'),
('INNODB_CHECKPOINT_MAX_AGE', '53647074'),
('INNODB_CHECKPOINT_TARGET_AGE', '51970603'),
('INNODB_DATA_FSYNCS', '4710924'),
('INNODB_DATA_PENDING_FSYNCS', '0'),
('INNODB_DATA_PENDING_READS', '0'),
('INNODB_DATA_PENDING_WRITES', '0'),
('INNODB_DATA_READ', '6558826385920'),
('INNODB_DATA_READS', '400348013'),
('INNODB_DATA_WRITES', '27806248'),
('INNODB_DATA_WRITTEN', '876808456192'),
('INNODB_DBLWR_PAGES_WRITTEN', '25323044'),
('INNODB_DBLWR_WRITES', '388819'),
('INNODB_DEADLOCKS', '3'),
('INNODB_DICT_TABLES', '29432'),
('INNODB_HAVE_ATOMIC_BUILTINS', 'ON'),
('INNODB_HISTORY_LIST_LENGTH', '1100'),
('INNODB_IBUF_DISCARDED_DELETE_MARKS', '0'),
('INNODB_IBUF_DISCARDED_DELETES', '0'),
('INNODB_IBUF_DISCARDED_INSERTS', '0'),
('INNODB_IBUF_FREE_LIST', '1208'),
('INNODB_IBUF_MERGED_DELETE_MARKS', '529179'),
('INNODB_IBUF_MERGED_DELETES', '134854'),
('INNODB_IBUF_MERGED_INSERTS', '1624983'),
('INNODB_IBUF_MERGES', '1220368'),
('INNODB_IBUF_SEGMENT_SIZE', '1210'),
('INNODB_IBUF_SIZE', '1'),
('INNODB_LOG_WAITS', '0'),
('INNODB_LOG_WRITE_REQUESTS', '96521713'),
('INNODB_LOG_WRITES', '1657485'),
('INNODB_LSN_CURRENT', '3265177823948'),
('INNODB_LSN_FLUSHED', '3265177822771'),
('INNODB_LSN_LAST_CHECKPOINT', '3265177279698'),
('INNODB_MASTER_THREAD_1_SECOND_LOOPS', '1772822'),
('INNODB_MASTER_THREAD_10_SECOND_LOOPS', '177007'),
('INNODB_MASTER_THREAD_BACKGROUND_LOOPS', '5272'),
('INNODB_MASTER_THREAD_MAIN_FLUSH_LOOPS', '5264'),
('INNODB_MASTER_THREAD_SLEEPS', '1771847'),
('INNODB_MAX_TRX_ID', '8597191959'),
('INNODB_MEM_ADAPTIVE_HASH', '8493280'),
('INNODB_MEM_DICTIONARY', '232062602'),
('INNODB_MEM_TOTAL', '275513344'),
('INNODB_MUTEX_OS_WAITS', '120870'),
('INNODB_MUTEX_SPIN_ROUNDS', '839958582'),
('INNODB_MUTEX_SPIN_WAITS', '1689742348'),
('INNODB_OLDEST_VIEW_LOW_LIMIT_TRX_ID', '8597191898'),
('INNODB_OS_LOG_FSYNCS', '1835038'),
('INNODB_OS_LOG_PENDING_FSYNCS', '0'),
('INNODB_OS_LOG_PENDING_WRITES', '0'),
('INNODB_OS_LOG_WRITTEN', '46931218944'),
('INNODB_PAGE_SIZE', '16384'),
('INNODB_PAGES_CREATED', '1329567'),
('INNODB_PAGES_READ', '400318860'),
('INNODB_PAGES_WRITTEN', '25323044'),
('INNODB_PURGE_TRX_ID', '8597191885'),
('INNODB_PURGE_UNDO_NO', '0'),
('INNODB_ROW_LOCK_CURRENT_WAITS', '0'),
('INNODB_CURRENT_ROW_LOCKS', '0'),
('INNODB_ROW_LOCK_TIME', '1106248'),
('INNODB_ROW_LOCK_TIME_AVG', '79'),
('INNODB_ROW_LOCK_TIME_MAX', '6248'),
('INNODB_ROW_LOCK_WAITS', '13869'),
('INNODB_ROWS_DELETED', '1777530'),
('INNODB_ROWS_INSERTED', '6463506'),
('INNODB_ROWS_READ', '890117851490'),
('INNODB_ROWS_UPDATED', '112345675'),
('INNODB_READ_VIEWS_MEMORY', '560'),
('INNODB_DESCRIPTORS_MEMORY', '8000'),
('INNODB_S_LOCK_OS_WAITS', '675138'),
('INNODB_S_LOCK_SPIN_ROUNDS', '105066977'),
('INNODB_S_LOCK_SPIN_WAITS', '16541833'),
('INNODB_TRUNCATED_STATUS_WRITES', '0'),
('INNODB_X_LOCK_OS_WAITS', '94793'),
('INNODB_X_LOCK_SPIN_ROUNDS', '15666041'),
('INNODB_X_LOCK_SPIN_WAITS', '894452'),
('KEY_BLOCKS_NOT_FLUSHED', '0'),
('KEY_BLOCKS_UNUSED', '77492'),
('KEY_BLOCKS_USED', '214342'),
('KEY_READ_REQUESTS', '193314947785'),
('KEY_READS', '8181208'),
('KEY_WRITE_REQUESTS', '425988905'),
('KEY_WRITES', '13284055'),
('LAST_QUERY_COST', '10.499000'),
('MAX_USED_CONNECTIONS', '63'),
('NOT_FLUSHED_DELAYED_ROWS', '0'),
('OPEN_FILES', '2145'),
('OPEN_STREAMS', '0'),
('OPEN_TABLE_DEFINITIONS', '3686'),
('OPEN_TABLES', '4096'),
('OPENED_FILES', '53288197'),
('OPENED_TABLE_DEFINITIONS', '0'),
('OPENED_TABLES', '0'),
('PERFORMANCE_SCHEMA_COND_CLASSES_LOST', '0'),
('PERFORMANCE_SCHEMA_COND_INSTANCES_LOST', '0'),
('PERFORMANCE_SCHEMA_FILE_CLASSES_LOST', '0'),
('PERFORMANCE_SCHEMA_FILE_HANDLES_LOST', '0'),
('PERFORMANCE_SCHEMA_FILE_INSTANCES_LOST', '0'),
('PERFORMANCE_SCHEMA_LOCKER_LOST', '0'),
('PERFORMANCE_SCHEMA_MUTEX_CLASSES_LOST', '0'),
('PERFORMANCE_SCHEMA_MUTEX_INSTANCES_LOST', '0'),
('PERFORMANCE_SCHEMA_RWLOCK_CLASSES_LOST', '0'),
('PERFORMANCE_SCHEMA_RWLOCK_INSTANCES_LOST', '0'),
('PERFORMANCE_SCHEMA_TABLE_HANDLES_LOST', '0'),
('PERFORMANCE_SCHEMA_TABLE_INSTANCES_LOST', '0'),
('PERFORMANCE_SCHEMA_THREAD_CLASSES_LOST', '0'),
('PERFORMANCE_SCHEMA_THREAD_INSTANCES_LOST', '0'),
('PREPARED_STMT_COUNT', '0'),
('QCACHE_FREE_BLOCKS', '8570'),
('QCACHE_FREE_MEMORY', '30185712'),
('QCACHE_HITS', '859041142'),
('QCACHE_INSERTS', '120364127'),
('QCACHE_LOWMEM_PRUNES', '66249703'),
('QCACHE_NOT_CACHED', '27154980'),
('QCACHE_QUERIES_IN_CACHE', '32719'),
('QCACHE_TOTAL_BLOCKS', '80041'),
('QUERIES', '1214571453'),
('QUESTIONS', '212'),
('RPL_STATUS', 'AUTH_MASTER'),
('SELECT_FULL_JOIN', '0'),
('SELECT_FULL_RANGE_JOIN', '0'),
('SELECT_RANGE', '0'),
('SELECT_RANGE_CHECK', '0'),
('SELECT_SCAN', '139'),
('SLAVE_HEARTBEAT_PERIOD', '0.000'),
('SLAVE_OPEN_TEMP_TABLES', '0'),
('SLAVE_RECEIVED_HEARTBEATS', '0'),
('SLAVE_RETRIED_TRANSACTIONS', '0'),
('SLAVE_RUNNING', 'OFF'),
('SLOW_LAUNCH_THREADS', '0'),
('SLOW_QUERIES', '33'),
('SORT_MERGE_PASSES', '0'),
('SORT_RANGE', '0'),
('SORT_ROWS', '0'),
('SORT_SCAN', '0'),
('SSL_ACCEPT_RENEGOTIATES', '0'),
('SSL_ACCEPTS', '0'),
('SSL_CALLBACK_CACHE_HITS', '0'),
('SSL_CIPHER', ''),
('SSL_CIPHER_LIST', ''),
('SSL_CLIENT_CONNECTS', '0'),
('SSL_CONNECT_RENEGOTIATES', '0'),
('SSL_CTX_VERIFY_DEPTH', '0'),
('SSL_CTX_VERIFY_MODE', '0'),
('SSL_DEFAULT_TIMEOUT', '0'),
('SSL_FINISHED_ACCEPTS', '0'),
('SSL_FINISHED_CONNECTS', '0'),
('SSL_SESSION_CACHE_HITS', '0'),
('SSL_SESSION_CACHE_MISSES', '0'),
('SSL_SESSION_CACHE_MODE', 'NONE'),
('SSL_SESSION_CACHE_OVERFLOWS', '0'),
('SSL_SESSION_CACHE_SIZE', '0'),
('SSL_SESSION_CACHE_TIMEOUTS', '0'),
('SSL_SESSIONS_REUSED', '0'),
('SSL_USED_SESSION_CACHE_ENTRIES', '0'),
('SSL_VERIFY_DEPTH', '0'),
('SSL_VERIFY_MODE', '0'),
('SSL_VERSION', ''),
('TABLE_LOCKS_IMMEDIATE', '388243208'),
('TABLE_LOCKS_WAITED', '1678413'),
('TC_LOG_MAX_PAGES_USED', '0'),
('TC_LOG_PAGE_SIZE', '0'),
('TC_LOG_PAGE_WAITS', '0'),
('THREADPOOL_IDLE_THREADS', '0'),
('THREADPOOL_THREADS', '0'),
('THREADS_CACHED', '14'),
('THREADS_CONNECTED', '4'),
('THREADS_CREATED', '20018'),
('THREADS_RUNNING', '2'),
('UPTIME', '1796568'),
('UPTIME_SINCE_FLUSH_STATUS', '1796568'),
('BINLOG_COMMITS', '0'),
('BINLOG_GROUP_COMMITS', '0');

-- --------------------------------------------------------

--
-- Struktura tabeli dla tabeli `SESSION_VARIABLES`
--

CREATE TEMPORARY TABLE `SESSION_VARIABLES` (
  `VARIABLE_NAME` varchar(64) NOT NULL DEFAULT '',
  `VARIABLE_VALUE` varchar(1024) DEFAULT NULL
) ENGINE=MEMORY DEFAULT CHARSET=utf8;

--
-- Zrzut danych tabeli `SESSION_VARIABLES`
--

INSERT INTO `SESSION_VARIABLES` (`VARIABLE_NAME`, `VARIABLE_VALUE`) VALUES
('MAX_PREPARED_STMT_COUNT', '16382'),
('EXPIRE_LOGS_DAYS', '0'),
('HAVE_CRYPT', 'YES'),
('PERFORMANCE_SCHEMA_EVENTS_WAITS_HISTORY_LONG_SIZE', '10000'),
('INNODB_VERSION', '5.5.51-38.1'),
('MAX_SORT_LENGTH', '1024'),
('SSL_CIPHER', ''),
('PERFORMANCE_SCHEMA_MAX_COND_INSTANCES', '1000'),
('CHARACTER_SET_CLIENT', 'utf8'),
('MAX_SLOWLOG_SIZE', '0'),
('LONG_QUERY_TIME', '1.000000'),
('QUERY_CACHE_WLOCK_INVALIDATE', 'OFF'),
('DELAYED_INSERT_TIMEOUT', '300'),
('PERFORMANCE_SCHEMA_MAX_MUTEX_INSTANCES', '1000000'),
('REPORT_HOST', ''),
('PERFORMANCE_SCHEMA_MAX_RWLOCK_INSTANCES', '1000000'),
('DATETIME_FORMAT', '%Y-%m-%d %H:%i:%s'),
('PERFORMANCE_SCHEMA_MAX_RWLOCK_CLASSES', '30'),
('BASEDIR', '/usr/local/pssql55/'),
('PERFORMANCE_SCHEMA_MAX_MUTEX_CLASSES', '200'),
('UPDATABLE_VIEWS_WITH_LIMIT', 'YES'),
('BACK_LOG', '128'),
('SLOW_LAUNCH_TIME', '2'),
('PERFORMANCE_SCHEMA_MAX_FILE_HANDLES', '32768'),
('SQL_MODE', ''),
('RELAY_LOG_INFO_FILE', 'relay-log.info'),
('RELAY_LOG_INDEX', ''),
('LOWER_CASE_TABLE_NAMES', '0'),
('SQL_QUOTE_SHOW_CREATE', 'ON'),
('EXTRA_PORT', '0'),
('QUERY_PREALLOC_SIZE', '8192'),
('OLD_PASSWORDS', 'OFF'),
('WAIT_TIMEOUT', '120'),
('FT_STOPWORD_FILE', '(built-in)'),
('PERFORMANCE_SCHEMA_MAX_TABLE_HANDLES', '100000'),
('CHARACTER_SETS_DIR', '/usr/local/pssql55/share/charsets/'),
('QUERY_RESPONSE_TIME_STATS', 'OFF'),
('CONCURRENT_INSERT', 'NEVER'),
('LOG_SLOW_SP_STATEMENTS', 'ON'),
('CHARACTER_SET_RESULTS', 'utf8'),
('MYISAM_SORT_BUFFER_SIZE', '8388608'),
('CHARACTER_SET_CONNECTION', 'utf8'),
('INNODB_ROLLBACK_SEGMENTS', '128'),
('LC_MESSAGES', 'en_US'),
('LARGE_FILES_SUPPORT', 'ON'),
('REPORT_USER', ''),
('FT_BOOLEAN_SYNTAX', '+ -><()~*:""&|'),
('EVENT_SCHEDULER', 'OFF'),
('NET_BUFFER_LENGTH', '65536'),
('SYNC_RELAY_LOG', '0'),
('SKIP_SHOW_DATABASE', 'OFF'),
('MAX_BINLOG_CACHE_SIZE', '18446744073709547520'),
('GROUP_CONCAT_MAX_LEN', '1024'),
('CHARACTER_SET_DATABASE', 'utf8'),
('RANGE_ALLOC_BLOCK_SIZE', '4096'),
('FT_MAX_WORD_LEN', '84'),
('MIN_EXAMINED_ROW_LIMIT', '0'),
('LC_MESSAGES_DIR', '/usr/local/pssql55/share/'),
('INNODB_LOG_FILE_SIZE', '33554432'),
('HAVE_COMPRESS', 'YES'),
('TRANSACTION_PREALLOC_SIZE', '4096'),
('MAX_CONNECT_ERRORS', '4096'),
('MYISAM_RECOVER_OPTIONS', 'BACKUP,FORCE'),
('LOG_QUERIES_NOT_USING_INDEXES', 'ON'),
('THREAD_STATISTICS', 'OFF'),
('LOG_SLOW_QUERIES', 'ON'),
('LOW_PRIORITY_UPDATES', 'ON'),
('AUTOMATIC_SP_PRIVILEGES', 'ON'),
('REPORT_PASSWORD', ''),
('DELAYED_INSERT_LIMIT', '100'),
('MAX_INSERT_DELAYED_THREADS', '0'),
('COMPLETION_TYPE', 'NO_CHAIN'),
('SQL_BIG_SELECTS', 'ON'),
('THREAD_CONCURRENCY', '10'),
('TRANSACTION_ALLOC_BLOCK_SIZE', '8192'),
('PERFORMANCE_SCHEMA_MAX_THREAD_CLASSES', '50'),
('SLOW_QUERY_LOG_TIMESTAMP_ALWAYS', 'OFF'),
('AUTO_INCREMENT_OFFSET', '1'),
('INNODB_THREAD_CONCURRENCY_TIMER_BASED', 'OFF'),
('JOIN_BUFFER_SIZE', '1048576'),
('OPTIMIZER_PRUNE_LEVEL', '1'),
('CONNECT_TIMEOUT', '10'),
('BINLOG_STMT_CACHE_SIZE', '32768'),
('SQL_LOW_PRIORITY_UPDATES', 'ON'),
('INNODB_FLUSH_METHOD', ''),
('INIT_FILE', ''),
('INNODB_IO_CAPACITY', '200'),
('LARGE_PAGES', 'OFF'),
('PROTOCOL_VERSION', '10'),
('LARGE_PAGE_SIZE', '0'),
('HAVE_SYMLINK', 'YES'),
('INIT_SLAVE', ''),
('INTERACTIVE_TIMEOUT', '300'),
('EXPAND_FAST_INDEX_CREATION', 'OFF'),
('INNODB_TABLE_LOCKS', 'ON'),
('MAX_BINLOG_SIZE', '1073741824'),
('INNODB_AUTOEXTEND_INCREMENT', '8'),
('QUERY_RESPONSE_TIME_RANGE_BASE', '10'),
('MYISAM_DATA_POINTER_SIZE', '6'),
('MAX_CONNECTIONS', '500'),
('INNODB_THREAD_SLEEP_DELAY', '10000'),
('LOG_WARNINGS_SUPPRESS', ''),
('INNODB_READ_AHEAD', 'linear'),
('QUERY_ALLOC_BLOCK_SIZE', '8192'),
('SLAVE_TRANSACTION_RETRIES', '10'),
('PSEUDO_THREAD_ID', '17209860'),
('QUERY_CACHE_TYPE', 'ON'),
('SQL_BIG_TABLES', 'OFF'),
('GENERAL_LOG', 'OFF'),
('LOWER_CASE_FILE_SYSTEM', 'OFF'),
('INNODB_REPLICATION_DELAY', '0'),
('MAX_RELAY_LOG_SIZE', '0'),
('QUERY_CACHE_MIN_RES_UNIT', '4096'),
('TABLE_DEFINITION_CACHE', '400'),
('SORT_BUFFER_SIZE', '1048576'),
('TMP_TABLE_SIZE', '67108864'),
('INNODB_ROLLBACK_ON_TIMEOUT', 'OFF'),
('KEY_CACHE_AGE_THRESHOLD', '300'),
('INNODB_USE_GLOBAL_FLUSH_LOG_AT_TRX_COMMIT', 'ON'),
('NET_RETRY_COUNT', '10'),
('INNODB_ADDITIONAL_MEM_POOL_SIZE', '8388608'),
('MAX_LONG_DATA_SIZE', '8388608'),
('READ_RND_BUFFER_SIZE', '524288'),
('SLAVE_MAX_ALLOWED_PACKET', '1073741824'),
('INNODB_FILE_FORMAT', 'Antelope'),
('FT_QUERY_EXPANSION_LIMIT', '20'),
('BIG_TABLES', 'OFF'),
('PERFORMANCE_SCHEMA_MAX_FILE_CLASSES', '50'),
('OPTIMIZER_SEARCH_DEPTH', '62'),
('HAVE_QUERY_CACHE', 'YES'),
('DATE_FORMAT', '%Y-%m-%d'),
('MAX_SP_RECURSION_DEPTH', '0'),
('READ_ONLY', 'OFF'),
('MAX_LENGTH_FOR_SORT_DATA', '1024'),
('RAND_SEED1', '0'),
('OPTIMIZER_SWITCH', 'index_merge=on,index_merge_union=on,index_merge_sort_union=on,index_merge_intersection=on,engine_condition_pushdown=on'),
('INNODB_DATA_FILE_PATH', 'ib_data:16M:autoextend'),
('FLUSH', 'OFF'),
('HAVE_PROFILING', 'YES'),
('EXTERNAL_USER', ''),
('BINLOG_DIRECT_NON_TRANSACTIONAL_UPDATES', 'OFF'),
('MAX_HEAP_TABLE_SIZE', '67108864'),
('INNODB_STRICT_MODE', 'OFF'),
('PROXY_USER', ''),
('INNODB_BUFFER_POOL_SHM_CHECKSUM', 'ON'),
('THREAD_HANDLING', 'one-thread-per-connection'),
('SQL_LOG_BIN', 'ON'),
('READ_BUFFER_SIZE', '1048576'),
('PERFORMANCE_SCHEMA_MAX_COND_CLASSES', '80'),
('DELAY_KEY_WRITE', 'ON'),
('LOG_SLOW_VERBOSITY', ''),
('BINLOG_CACHE_SIZE', '32768'),
('THREAD_POOL_IDLE_TIMEOUT', '60'),
('COLLATION_SERVER', 'latin2_general_ci'),
('MAX_BINLOG_FILES', '0'),
('FLUSH_TIME', '0'),
('HAVE_PARTITIONING', 'YES'),
('NET_WRITE_TIMEOUT', '60'),
('LOG_SLOW_RATE_TYPE', 'session'),
('BINLOG_FORMAT', 'STATEMENT'),
('INNODB_KILL_IDLE_TRANSACTION', '0'),
('LOG_BIN', 'OFF'),
('INNODB_AUTOINC_LOCK_MODE', '1'),
('PERFORMANCE_SCHEMA_EVENTS_WAITS_HISTORY_SIZE', '10'),
('INNODB_COMMIT_CONCURRENCY', '0'),
('MAX_SEEKS_FOR_KEY', '18446744073709551615'),
('INNODB_MIRRORED_LOG_GROUPS', '1'),
('METADATA_LOCKS_CACHE_SIZE', '1024'),
('INNODB_PURGE_BATCH_SIZE', '20'),
('BULK_INSERT_BUFFER_SIZE', '8388608'),
('VERSION', '5.5.51-38.1-log'),
('QUERY_CACHE_SIZE', '134217728'),
('INNODB_SUPPORT_XA', 'ON'),
('SLAVE_EXEC_MODE', 'STRICT'),
('INNODB_SYNC_SPIN_LOOPS', '30'),
('LOCK_WAIT_TIMEOUT', '31536000'),
('INNODB_BLOCKING_BUFFER_POOL_RESTORE', 'OFF'),
('DELAYED_QUEUE_SIZE', '1000'),
('INNODB_SHOW_LOCKS_HELD', '10'),
('SKIP_NAME_RESOLVE', 'ON'),
('INNODB_ADAPTIVE_HASH_INDEX', 'ON'),
('PID_FILE', '/sql/var/v143.pid'),
('INNODB_IBUF_ACCEL_RATE', '100'),
('TLS_VERSION', 'TLSv1.1,TLSv1.2'),
('DIV_PRECISION_INCREMENT', '4'),
('TMPDIR', '/tmp'),
('INNODB_IBUF_MAX_SIZE', '134201344'),
('REPORT_PORT', '3306'),
('INNODB_DATA_HOME_DIR', ''),
('FOREIGN_KEY_CHECKS', 'ON'),
('INNODB_READ_IO_THREADS', '4'),
('THREAD_POOL_MAX_THREADS', '100000'),
('INNODB_MAX_BITMAP_FILE_SIZE', '104857600'),
('CHARACTER_SET_SERVER', 'latin2'),
('INNODB_BUFFER_POOL_INSTANCES', '1'),
('SSL_CAPATH', ''),
('INNODB_FORCE_RECOVERY', '0'),
('VERSION_COMMENT', 'home.pl'),
('INNODB_LOG_FILES_IN_GROUP', '2'),
('SLOW_QUERY_LOG', 'ON'),
('ERROR_COUNT', '0'),
('SLAVE_COMPRESSED_PROTOCOL', 'OFF'),
('HAVE_DYNAMIC_LOADING', 'YES'),
('HAVE_FLASHCACHE', 'YES'),
('SYNC_BINLOG', '0'),
('LC_TIME_NAMES', 'en_US'),
('INNODB_PRINT_ALL_DEADLOCKS', 'OFF'),
('THREAD_POOL_STALL_LIMIT', '500'),
('INNODB_OPEN_FILES', '300'),
('STORAGE_ENGINE', 'InnoDB'),
('INNODB_IMPORT_TABLE_FROM_XTRABACKUP', '0'),
('QUERY_CACHE_LIMIT', '1048576'),
('INNODB_READ_AHEAD_THRESHOLD', '56'),
('PERFORMANCE_SCHEMA_MAX_THREAD_INSTANCES', '1000'),
('INNODB_ADAPTIVE_FLUSHING_METHOD', 'estimate'),
('THREAD_POOL_SIZE', '32'),
('KEY_BUFFER_SIZE', '268435456'),
('INNODB_STATS_AUTO_UPDATE', '1'),
('HAVE_NDBCLUSTER', 'NO'),
('SKIP_NETWORKING', 'OFF'),
('PSEUDO_SLAVE_MODE', 'OFF'),
('CHARACTER_SET_SYSTEM', 'utf8'),
('INNODB_STATS_METHOD', 'nulls_equal'),
('INIT_CONNECT', ''),
('INNODB_FAST_SHUTDOWN', '1'),
('THREAD_CACHE_SIZE', '16'),
('INNODB_RECOVERY_UPDATE_RELAY_LOG', 'OFF'),
('AUTOCOMMIT', 'ON'),
('INNODB_THREAD_CONCURRENCY', '0'),
('THREAD_STACK', '262144'),
('SLAVE_NET_TIMEOUT', '3600'),
('VERSION_COMPILE_MACHINE', 'x86_64'),
('INNODB_STATS_SAMPLE_PAGES', '8'),
('INNODB_BUFFER_POOL_SHM_KEY', '0'),
('LOCAL_INFILE', 'ON'),
('LAST_INSERT_ID', '0'),
('HAVE_RTREE_KEYS', 'YES'),
('HOSTNAME', 'v143.home.net.pl'),
('INNODB_BUFFER_POOL_RESTORE_AT_STARTUP', '0'),
('NEW', 'OFF'),
('OLD_ALTER_TABLE', 'OFF'),
('HAVE_RESPONSE_TIME_DISTRIBUTION', 'YES'),
('INNODB_PAGE_SIZE', '16384'),
('LOG', 'OFF'),
('EXTRA_MAX_CONNECTIONS', '1'),
('MAX_SLOWLOG_FILES', '0'),
('RELAY_LOG_RECOVERY', 'OFF'),
('OPTIMIZER_FIX', 'ON'),
('MAX_DELAYED_THREADS', '0'),
('QUERY_CACHE_STRIP_COMMENTS', 'OFF'),
('SLOW_QUERY_LOG_USE_GLOBAL_CONTROL', ''),
('MAX_USER_CONNECTIONS', '0'),
('INNODB_FLUSH_LOG_AT_TRX_COMMIT', '0'),
('SQL_MAX_JOIN_SIZE', '18446744073709551615'),
('THREAD_POOL_HIGH_PRIO_MODE', 'transactions'),
('TABLE_OPEN_CACHE', '4096'),
('INNODB_RANDOM_READ_AHEAD', 'OFF'),
('TIMED_MUTEXES', 'OFF'),
('CSV_MODE', ''),
('HAVE_INNODB', 'YES'),
('PORT', '3306'),
('SECURE_FILE_PRIV', ''),
('INNODB_FILE_PER_TABLE', 'ON'),
('ENGINE_CONDITION_PUSHDOWN', 'ON'),
('LOG_BIN_TRUST_FUNCTION_CREATORS', 'OFF'),
('SSL_CA', ''),
('INNODB_MAX_CHANGED_PAGES', '1000000'),
('AUTO_INCREMENT_INCREMENT', '1'),
('HAVE_OPENSSL', 'DISABLED'),
('NET_READ_TIMEOUT', '30'),
('MAX_BINLOG_STMT_CACHE_SIZE', '18446744073709547520'),
('OLD', 'OFF'),
('INNODB_BUFFER_POOL_POPULATE', 'OFF'),
('RAND_SEED2', '0'),
('INNODB_SPIN_WAIT_DELAY', '6'),
('KEY_CACHE_BLOCK_SIZE', '1024'),
('INNODB_ADAPTIVE_HASH_INDEX_PARTITIONS', '1'),
('HAVE_CSV', 'YES'),
('DEFAULT_STORAGE_ENGINE', 'InnoDB'),
('TIMESTAMP', '1478039271'),
('INNODB_LOCK_WAIT_TIMEOUT', '50'),
('PRELOAD_BUFFER_SIZE', '32768'),
('INNODB_OLD_BLOCKS_TIME', '0'),
('FAST_INDEX_CREATION', 'ON'),
('RPL_RECOVERY_RANK', '0'),
('TX_ISOLATION', 'REPEATABLE-READ'),
('HAVE_GEOMETRY', 'YES'),
('LOG_ERROR', '/sql/var/v143.err'),
('USERSTAT', 'ON'),
('INNODB_LARGE_PREFIX', 'OFF'),
('LOCKED_IN_MEMORY', 'OFF'),
('SYNC_FRM', 'ON'),
('INNODB_LOCKING_FAKE_CHANGES', 'ON'),
('IGNORE_BUILTIN_INNODB', 'OFF'),
('OPEN_FILES_LIMIT', '1000000'),
('CHARACTER_SET_FILESYSTEM', 'binary'),
('SSL_KEY', ''),
('THREAD_POOL_OVERSUBSCRIBE', '3'),
('KEEP_FILES_ON_CREATE', 'OFF'),
('MAX_JOIN_SIZE', '18446744073709551615'),
('SLAVE_SKIP_ERRORS', 'OFF'),
('VERSION_COMPILE_OS', 'Linux'),
('INSERT_ID', '0'),
('DATADIR', '/sql/var/'),
('RELAY_LOG_PURGE', 'ON'),
('SQL_WARNINGS', 'OFF'),
('INNODB_USE_SYS_STATS_TABLE', 'OFF'),
('MYISAM_MMAP_SIZE', '18446744073709551615'),
('INNODB_FAKE_CHANGES', 'OFF'),
('STORED_PROGRAM_CACHE', '256'),
('INNODB_LOG_BUFFER_SIZE', '8388608'),
('PLUGIN_DIR', '/usr/local/pssql55/lib/mysql/plugin/'),
('INNODB_STATS_UPDATE_NEED_LOCK', '1'),
('TIME_FORMAT', '%H:%i:%s'),
('INNODB_MAX_PURGE_LAG', '0'),
('INNODB_PURGE_THREADS', '1'),
('MYISAM_MAX_SORT_FILE_SIZE', '9223372036853727232'),
('LOG_SLOW_FILTER', ''),
('SLAVE_TYPE_CONVERSIONS', ''),
('MAX_TMP_TABLES', '32'),
('SQL_NOTES', 'ON'),
('INNODB_MAX_DIRTY_PAGES_PCT', '75'),
('HAVE_TLSV1_2', 'YES'),
('SQL_LOG_OFF', 'OFF'),
('WARNING_COUNT', '0'),
('MULTI_RANGE_COUNT', '256'),
('INNODB_IBUF_ACTIVE_CONTRACT', '1'),
('SLOW_QUERY_LOG_FILE', '/sql/var/v143-slow.log'),
('LOG_SLOW_SLAVE_STATEMENTS', 'OFF'),
('SQL_SLAVE_SKIP_COUNTER', '0'),
('INNODB_USE_ATOMIC_WRITES', 'OFF'),
('SLOW_QUERY_LOG_TIMESTAMP_PRECISION', 'second'),
('INNODB_DICT_SIZE_LIMIT', '0'),
('LOG_WARNINGS', '2'),
('INNODB_DOUBLEWRITE', 'ON'),
('INNODB_ADAPTIVE_FLUSHING', 'ON'),
('MYISAM_STATS_METHOD', 'nulls_unequal'),
('INNODB_RECOVERY_STATS', 'OFF'),
('DEFAULT_WEEK_FORMAT', '0'),
('PROFILING_HISTORY_SIZE', '15'),
('LOG_OUTPUT', 'FILE'),
('INNODB_DOUBLEWRITE_FILE', ''),
('PERFORMANCE_SCHEMA_MAX_TABLE_INSTANCES', '50000'),
('INNODB_CHECKSUMS', 'ON'),
('INNODB_USE_NATIVE_AIO', 'ON'),
('INNODB_LOCKS_UNSAFE_FOR_BINLOG', 'OFF'),
('HAVE_SSL', 'DISABLED'),
('MYISAM_USE_MMAP', 'OFF'),
('TIME_ZONE', '+00:00'),
('INNODB_CONCURRENCY_TICKETS', '500'),
('INNODB_TRACK_CHANGED_PAGES', 'OFF'),
('SQL_SAFE_UPDATES', 'OFF'),
('LOG_SLAVE_UPDATES', 'OFF'),
('LOG_SLOW_RATE_LIMIT', '1'),
('FT_MIN_WORD_LEN', '3'),
('SYNC_MASTER_INFO', '0'),
('THREAD_POOL_HIGH_PRIO_TICKETS', '4294967295'),
('PERFORMANCE_SCHEMA_MAX_FILE_INSTANCES', '10000'),
('SERVER_ID', '0'),
('INNODB_BUFFER_POOL_SIZE', '268435456'),
('SQL_BUFFER_RESULT', 'OFF'),
('INNODB_FILE_FORMAT_MAX', 'Antelope'),
('INNODB_LOG_GROUP_HOME_DIR', './'),
('INNODB_FAST_CHECKSUM', 'OFF'),
('SYNC_RELAY_LOG_INFO', '0'),
('SOCKET', '/usr/run/mysql/mysql'),
('SSL_CERT', ''),
('IDENTITY', '0'),
('MAX_ERROR_COUNT', '64'),
('INNODB_LOG_BLOCK_SIZE', '512'),
('INNODB_STATS_ON_METADATA', 'ON'),
('COLLATION_DATABASE', 'utf8_unicode_ci'),
('SLAVE_LOAD_TMPDIR', '/tmp'),
('INNODB_WRITE_IO_THREADS', '4'),
('SLOW_QUERY_LOG_ALWAYS_WRITE_TIME', '10.000000'),
('MYISAM_REPAIR_THREADS', '1'),
('INNODB_CHANGE_BUFFERING', 'all'),
('MAX_ALLOWED_PACKET', '8388608'),
('PERFORMANCE_SCHEMA', 'OFF'),
('INNODB_SHOW_VERBOSE_LOCKS', '0'),
('SECURE_AUTH', 'OFF'),
('SQL_AUTO_IS_NULL', 'OFF'),
('MAX_WRITE_LOCK_COUNT', '18446744073709551615'),
('INNODB_FILE_FORMAT_CHECK', 'ON'),
('SQL_SELECT_LIMIT', '18446744073709551615'),
('RELAY_LOG', ''),
('INNODB_CORRUPT_TABLE_ACTION', 'assert'),
('INNODB_USE_SYS_MALLOC', 'ON'),
('INNODB_FLUSH_NEIGHBOR_PAGES', 'area'),
('INNODB_CHECKPOINT_AGE_TARGET', '0'),
('INNODB_FORCE_LOAD_CORRUPTED', 'OFF'),
('LICENSE', 'GPL'),
('LOG_SLOW_ADMIN_STATEMENTS', 'OFF'),
('ENFORCE_STORAGE_ENGINE', ''),
('INNODB_MERGE_SORT_BLOCK_SIZE', '1048576'),
('COLLATION_CONNECTION', 'utf8_general_ci'),
('PROFILING', 'OFF'),
('UNIQUE_CHECKS', 'ON'),
('INNODB_OLD_BLOCKS_PCT', '37'),
('SYSTEM_TIME_ZONE', 'CEST'),
('KEY_CACHE_DIVISION_LIMIT', '100'),
('SKIP_EXTERNAL_LOCKING', 'ON'),
('GENERAL_LOG_FILE', '/sql/var/v143.log'),
('INNODB_LAZY_DROP_TABLE', '0'),
('RELAY_LOG_SPACE_LIMIT', '0');

-- --------------------------------------------------------

--
-- Struktura tabeli dla tabeli `STATISTICS`
--

CREATE TEMPORARY TABLE `STATISTICS` (
  `TABLE_CATALOG` varchar(512) NOT NULL DEFAULT '',
  `TABLE_SCHEMA` varchar(64) NOT NULL DEFAULT '',
  `TABLE_NAME` varchar(64) NOT NULL DEFAULT '',
  `NON_UNIQUE` bigint(1) NOT NULL DEFAULT '0',
  `INDEX_SCHEMA` varchar(64) NOT NULL DEFAULT '',
  `INDEX_NAME` varchar(64) NOT NULL DEFAULT '',
  `SEQ_IN_INDEX` bigint(2) NOT NULL DEFAULT '0',
  `COLUMN_NAME` varchar(64) NOT NULL DEFAULT '',
  `COLLATION` varchar(1) DEFAULT NULL,
  `CARDINALITY` bigint(21) DEFAULT NULL,
  `SUB_PART` bigint(3) DEFAULT NULL,
  `PACKED` varchar(10) DEFAULT NULL,
  `NULLABLE` varchar(3) NOT NULL DEFAULT '',
  `INDEX_TYPE` varchar(16) NOT NULL DEFAULT '',
  `COMMENT` varchar(16) DEFAULT NULL,
  `INDEX_COMMENT` varchar(1024) NOT NULL DEFAULT ''
) ENGINE=MEMORY DEFAULT CHARSET=utf8;

--
-- Zrzut danych tabeli `STATISTICS`
--

INSERT INTO `STATISTICS` (`TABLE_CATALOG`, `TABLE_SCHEMA`, `TABLE_NAME`, `NON_UNIQUE`, `INDEX_SCHEMA`, `INDEX_NAME`, `SEQ_IN_INDEX`, `COLUMN_NAME`, `COLLATION`, `CARDINALITY`, `SUB_PART`, `PACKED`, `NULLABLE`, `INDEX_TYPE`, `COMMENT`, `INDEX_COMMENT`) VALUES
('def', '20454239_1', 'Action', 0, '20454239_1', 'PRIMARY', 1, 'idAction', 'A', 1081, NULL, NULL, '', 'BTREE', '', ''),
('def', '20454239_1', 'Action', 0, '20454239_1', 'idAction_UNIQUE', 1, 'idAction', 'A', 1081, NULL, NULL, '', 'BTREE', '', ''),
('def', '20454239_1', 'Category', 0, '20454239_1', 'PRIMARY', 1, 'idCategory', 'A', 79, NULL, NULL, '', 'BTREE', '', ''),
('def', '20454239_1', 'Client', 0, '20454239_1', 'PRIMARY', 1, 'idClient', 'A', 38, NULL, NULL, '', 'BTREE', '', ''),
('def', '20454239_1', 'Client', 0, '20454239_1', 'idClient_UNIQUE', 1, 'idClient', 'A', 38, NULL, NULL, '', 'BTREE', '', ''),
('def', '20454239_1', 'Client_Task', 1, '20454239_1', 'client_key', 1, 'idClient', 'A', 76, NULL, NULL, '', 'BTREE', '', ''),
('def', '20454239_1', 'Client_Task', 1, '20454239_1', 'client_task_idx', 1, 'idTask', 'A', 152, NULL, NULL, '', 'BTREE', '', ''),
('def', '20454239_1', 'Interface', 0, '20454239_1', 'PRIMARY', 1, 'idInterface', 'A', 4, NULL, NULL, '', 'BTREE', '', ''),
('def', '20454239_1', 'Product', 0, '20454239_1', 'PRIMARY', 1, 'idProdukt', 'A', 500, NULL, NULL, '', 'BTREE', '', ''),
('def', '20454239_1', 'Product', 1, '20454239_1', 'idx_Produkt_name', 1, 'name', 'A', 500, NULL, NULL, '', 'BTREE', '', ''),
('def', '20454239_1', 'Product', 1, '20454239_1', 'category_idx', 1, 'idCategory', 'A', 125, NULL, NULL, '', 'BTREE', '', ''),
('def', '20454239_1', 'Task', 0, '20454239_1', 'PRIMARY', 1, 'idTask', 'A', 152, NULL, NULL, '', 'BTREE', '', ''),
('def', '20454239_1', 'Task', 0, '20454239_1', 'PRIMARY', 2, 'success', 'A', 152, NULL, NULL, '', 'BTREE', '', ''),
('def', '20454239_1', 'Task', 1, '20454239_1', 'idProduct', 1, 'idProduct', 'A', 152, NULL, NULL, '', 'BTREE', '', ''),
('def', '20454239_1', 'Task', 1, '20454239_1', 'idInterface', 1, 'idInterface', 'A', 8, NULL, NULL, '', 'BTREE', '', ''),
('def', '20454239_1', 'Task_Action', 1, '20454239_1', 'action_task_idx', 1, 'idAction', 'A', 726, NULL, NULL, '', 'BTREE', '', ''),
('def', '20454239_1', 'Task_Action', 1, '20454239_1', 'task_action_idx', 1, 'idTask', 'A', 121, NULL, NULL, '', 'BTREE', '', '');

-- --------------------------------------------------------

--
-- Struktura tabeli dla tabeli `TABLES`
--

CREATE TEMPORARY TABLE `TABLES` (
  `TABLE_CATALOG` varchar(512) NOT NULL DEFAULT '',
  `TABLE_SCHEMA` varchar(64) NOT NULL DEFAULT '',
  `TABLE_NAME` varchar(64) NOT NULL DEFAULT '',
  `TABLE_TYPE` varchar(64) NOT NULL DEFAULT '',
  `ENGINE` varchar(64) DEFAULT NULL,
  `VERSION` bigint(21) unsigned DEFAULT NULL,
  `ROW_FORMAT` varchar(10) DEFAULT NULL,
  `TABLE_ROWS` bigint(21) unsigned DEFAULT NULL,
  `AVG_ROW_LENGTH` bigint(21) unsigned DEFAULT NULL,
  `DATA_LENGTH` bigint(21) unsigned DEFAULT NULL,
  `MAX_DATA_LENGTH` bigint(21) unsigned DEFAULT NULL,
  `INDEX_LENGTH` bigint(21) unsigned DEFAULT NULL,
  `DATA_FREE` bigint(21) unsigned DEFAULT NULL,
  `AUTO_INCREMENT` bigint(21) unsigned DEFAULT NULL,
  `CREATE_TIME` datetime DEFAULT NULL,
  `UPDATE_TIME` datetime DEFAULT NULL,
  `CHECK_TIME` datetime DEFAULT NULL,
  `TABLE_COLLATION` varchar(32) DEFAULT NULL,
  `CHECKSUM` bigint(21) unsigned DEFAULT NULL,
  `CREATE_OPTIONS` varchar(255) DEFAULT NULL,
  `TABLE_COMMENT` varchar(2048) NOT NULL DEFAULT ''
) ENGINE=MEMORY DEFAULT CHARSET=utf8;

--
-- Zrzut danych tabeli `TABLES`
--

INSERT INTO `TABLES` (`TABLE_CATALOG`, `TABLE_SCHEMA`, `TABLE_NAME`, `TABLE_TYPE`, `ENGINE`, `VERSION`, `ROW_FORMAT`, `TABLE_ROWS`, `AVG_ROW_LENGTH`, `DATA_LENGTH`, `MAX_DATA_LENGTH`, `INDEX_LENGTH`, `DATA_FREE`, `AUTO_INCREMENT`, `CREATE_TIME`, `UPDATE_TIME`, `CHECK_TIME`, `TABLE_COLLATION`, `CHECKSUM`, `CREATE_OPTIONS`, `TABLE_COMMENT`) VALUES
('def', 'information_schema', 'CHARACTER_SETS', 'SYSTEM VIEW', 'MEMORY', 10, 'Fixed', NULL, 384, 0, 65739264, 0, 0, NULL, '2016-11-01 22:27:51', NULL, NULL, 'utf8_general_ci', NULL, 'max_rows=174762', ''),
('def', 'information_schema', 'CLIENT_STATISTICS', 'SYSTEM VIEW', 'MEMORY', 10, 'Fixed', NULL, 362, 0, 66014682, 0, 0, NULL, '2016-11-01 22:27:51', NULL, NULL, 'utf8_general_ci', NULL, 'max_rows=185383', ''),
('def', 'information_schema', 'COLLATIONS', 'SYSTEM VIEW', 'MEMORY', 10, 'Fixed', NULL, 231, 0, 66819522, 0, 0, NULL, '2016-11-01 22:27:51', NULL, NULL, 'utf8_general_ci', NULL, 'max_rows=290514', ''),
('def', 'information_schema', 'COLLATION_CHARACTER_SET_APPLICABILITY', 'SYSTEM VIEW', 'MEMORY', 10, 'Fixed', NULL, 195, 0, 65431080, 0, 0, NULL, '2016-11-01 22:27:51', NULL, NULL, 'utf8_general_ci', NULL, 'max_rows=344148', ''),
('def', 'information_schema', 'COLUMNS', 'SYSTEM VIEW', 'MyISAM', 10, 'Dynamic', NULL, 0, 0, 281474976710655, 1024, 0, NULL, '2016-11-01 22:27:51', '2016-11-01 22:27:51', NULL, 'utf8_general_ci', NULL, 'max_rows=11210', ''),
('def', 'information_schema', 'COLUMN_PRIVILEGES', 'SYSTEM VIEW', 'MEMORY', 10, 'Fixed', NULL, 2565, 0, 67028580, 0, 0, NULL, '2016-11-01 22:27:51', NULL, NULL, 'utf8_general_ci', NULL, 'max_rows=26163', ''),
('def', 'information_schema', 'INDEX_STATISTICS', 'SYSTEM VIEW', 'MEMORY', 10, 'Fixed', NULL, 1743, 0, 67068897, 0, 0, NULL, '2016-11-01 22:27:51', NULL, NULL, 'utf8_general_ci', NULL, 'max_rows=38501', ''),
('def', 'information_schema', 'ENGINES', 'SYSTEM VIEW', 'MEMORY', 10, 'Fixed', NULL, 490, 0, 66297000, 0, 0, NULL, '2016-11-01 22:27:51', NULL, NULL, 'utf8_general_ci', NULL, 'max_rows=136956', ''),
('def', 'information_schema', 'EVENTS', 'SYSTEM VIEW', 'MyISAM', 10, 'Dynamic', NULL, 0, 0, 281474976710655, 1024, 0, NULL, '2016-11-01 22:27:51', '2016-11-01 22:27:51', NULL, 'utf8_general_ci', NULL, 'max_rows=2475', ''),
('def', 'information_schema', 'FILES', 'SYSTEM VIEW', 'MEMORY', 10, 'Fixed', NULL, 2677, 0, 67032080, 0, 0, NULL, '2016-11-01 22:27:51', NULL, NULL, 'utf8_general_ci', NULL, 'max_rows=25068', ''),
('def', 'information_schema', 'GLOBAL_STATUS', 'SYSTEM VIEW', 'MEMORY', 10, 'Fixed', NULL, 3268, 0, 67026680, 0, 0, NULL, '2016-11-01 22:27:51', NULL, NULL, 'utf8_general_ci', NULL, 'max_rows=20535', ''),
('def', 'information_schema', 'GLOBAL_TEMPORARY_TABLES', 'SYSTEM VIEW', 'MEMORY', 10, 'Fixed', NULL, 2174, 0, 67046160, 0, 0, NULL, '2016-11-01 22:27:51', NULL, NULL, 'utf8_general_ci', NULL, 'max_rows=30868', ''),
('def', 'information_schema', 'GLOBAL_VARIABLES', 'SYSTEM VIEW', 'MEMORY', 10, 'Fixed', NULL, 3268, 0, 67026680, 0, 0, NULL, '2016-11-01 22:27:51', NULL, NULL, 'utf8_general_ci', NULL, 'max_rows=20535', ''),
('def', 'information_schema', 'KEY_COLUMN_USAGE', 'SYSTEM VIEW', 'MEMORY', 10, 'Fixed', NULL, 4637, 0, 67064931, 0, 0, NULL, '2016-11-01 22:27:51', NULL, NULL, 'utf8_general_ci', NULL, 'max_rows=14472', ''),
('def', 'information_schema', 'PARAMETERS', 'SYSTEM VIEW', 'MyISAM', 10, 'Dynamic', NULL, 0, 0, 281474976710655, 1024, 0, NULL, '2016-11-01 22:27:51', '2016-11-01 22:27:51', NULL, 'utf8_general_ci', NULL, 'max_rows=24200', ''),
('def', 'information_schema', 'PARTITIONS', 'SYSTEM VIEW', 'MyISAM', 10, 'Dynamic', NULL, 0, 0, 281474976710655, 1024, 0, NULL, '2016-11-01 22:27:51', '2016-11-01 22:27:51', NULL, 'utf8_general_ci', NULL, 'max_rows=22317', ''),
('def', 'information_schema', 'PLUGINS', 'SYSTEM VIEW', 'MyISAM', 10, 'Dynamic', NULL, 0, 0, 281474976710655, 1024, 0, NULL, '2016-11-01 22:27:51', '2016-11-01 22:27:51', NULL, 'utf8_general_ci', NULL, 'max_rows=45313', ''),
('def', 'information_schema', 'PROCESSLIST', 'SYSTEM VIEW', 'MyISAM', 10, 'Dynamic', NULL, 0, 0, 281474976710655, 1024, 0, NULL, '2016-11-01 22:27:51', '2016-11-01 22:27:51', NULL, 'utf8_general_ci', NULL, 'max_rows=91428', ''),
('def', 'information_schema', 'PROFILING', 'SYSTEM VIEW', 'MEMORY', 10, 'Fixed', NULL, 308, 0, 66248336, 0, 0, NULL, '2016-11-01 22:27:51', NULL, NULL, 'utf8_general_ci', NULL, 'max_rows=217885', ''),
('def', 'information_schema', 'REFERENTIAL_CONSTRAINTS', 'SYSTEM VIEW', 'MEMORY', 10, 'Fixed', NULL, 4814, 0, 67078276, 0, 0, NULL, '2016-11-01 22:27:51', NULL, NULL, 'utf8_general_ci', NULL, 'max_rows=13940', ''),
('def', 'information_schema', 'ROUTINES', 'SYSTEM VIEW', 'MyISAM', 10, 'Dynamic', NULL, 0, 0, 281474976710655, 1024, 0, NULL, '2016-11-01 22:27:51', '2016-11-01 22:27:51', NULL, 'utf8_general_ci', NULL, 'max_rows=2334', ''),
('def', 'information_schema', 'QUERY_RESPONSE_TIME', 'SYSTEM VIEW', 'MEMORY', 10, 'Fixed', NULL, 91, 0, 63613550, 0, 0, NULL, '2016-11-01 22:27:51', NULL, NULL, 'utf8_general_ci', NULL, 'max_rows=737460', ''),
('def', 'information_schema', 'SCHEMATA', 'SYSTEM VIEW', 'MEMORY', 10, 'Fixed', NULL, 3464, 0, 66952192, 0, 0, NULL, '2016-11-01 22:27:51', NULL, NULL, 'utf8_general_ci', NULL, 'max_rows=19373', ''),
('def', 'information_schema', 'SCHEMA_PRIVILEGES', 'SYSTEM VIEW', 'MEMORY', 10, 'Fixed', NULL, 2179, 0, 66954133, 0, 0, NULL, '2016-11-01 22:27:51', NULL, NULL, 'utf8_general_ci', NULL, 'max_rows=30798', ''),
('def', 'information_schema', 'SESSION_STATUS', 'SYSTEM VIEW', 'MEMORY', 10, 'Fixed', NULL, 3268, 0, 67026680, 0, 0, NULL, '2016-11-01 22:27:51', NULL, NULL, 'utf8_general_ci', NULL, 'max_rows=20535', ''),
('def', 'information_schema', 'SESSION_VARIABLES', 'SYSTEM VIEW', 'MEMORY', 10, 'Fixed', NULL, 3268, 0, 67026680, 0, 0, NULL, '2016-11-01 22:27:51', NULL, NULL, 'utf8_general_ci', NULL, 'max_rows=20535', ''),
('def', 'information_schema', 'STATISTICS', 'SYSTEM VIEW', 'MEMORY', 10, 'Fixed', NULL, 5753, 0, 67022450, 0, 0, NULL, '2016-11-01 22:27:51', NULL, NULL, 'utf8_general_ci', NULL, 'max_rows=11665', ''),
('def', 'information_schema', 'TABLES', 'SYSTEM VIEW', 'MEMORY', 10, 'Fixed', NULL, 9450, 0, 67057200, 0, 0, NULL, '2016-11-01 22:27:51', NULL, NULL, 'utf8_general_ci', NULL, 'max_rows=7101', ''),
('def', 'information_schema', 'TABLESPACES', 'SYSTEM VIEW', 'MEMORY', 10, 'Fixed', NULL, 6951, 0, 67098003, 0, 0, NULL, '2016-11-01 22:27:51', NULL, NULL, 'utf8_general_ci', NULL, 'max_rows=9654', ''),
('def', 'information_schema', 'TABLE_CONSTRAINTS', 'SYSTEM VIEW', 'MEMORY', 10, 'Fixed', NULL, 2504, 0, 66894360, 0, 0, NULL, '2016-11-01 22:27:51', NULL, NULL, 'utf8_general_ci', NULL, 'max_rows=26800', ''),
('def', 'information_schema', 'TABLE_PRIVILEGES', 'SYSTEM VIEW', 'MEMORY', 10, 'Fixed', NULL, 2372, 0, 66994768, 0, 0, NULL, '2016-11-01 22:27:51', NULL, NULL, 'utf8_general_ci', NULL, 'max_rows=28292', ''),
('def', 'information_schema', 'TABLE_STATISTICS', 'SYSTEM VIEW', 'MEMORY', 10, 'Fixed', NULL, 1181, 0, 66937899, 0, 0, NULL, '2016-11-01 22:27:51', NULL, NULL, 'utf8_general_ci', NULL, 'max_rows=56823', ''),
('def', 'information_schema', 'TEMPORARY_TABLES', 'SYSTEM VIEW', 'MEMORY', 10, 'Fixed', NULL, 2174, 0, 67046160, 0, 0, NULL, '2016-11-01 22:27:51', NULL, NULL, 'utf8_general_ci', NULL, 'max_rows=30868', ''),
('def', 'information_schema', 'THREAD_STATISTICS', 'SYSTEM VIEW', 'MEMORY', 10, 'Fixed', NULL, 177, 0, 64555794, 0, 0, NULL, '2016-11-01 22:27:51', NULL, NULL, 'utf8_general_ci', NULL, 'max_rows=379146', ''),
('def', 'information_schema', 'TRIGGERS', 'SYSTEM VIEW', 'MyISAM', 10, 'Dynamic', NULL, 0, 0, 281474976710655, 1024, 0, NULL, '2016-11-01 22:27:51', '2016-11-01 22:27:51', NULL, 'utf8_general_ci', NULL, 'max_rows=2277', ''),
('def', 'information_schema', 'USER_PRIVILEGES', 'SYSTEM VIEW', 'MEMORY', 10, 'Fixed', NULL, 1986, 0, 66906354, 0, 0, NULL, '2016-11-01 22:27:51', NULL, NULL, 'utf8_general_ci', NULL, 'max_rows=33790', ''),
('def', 'information_schema', 'USER_STATISTICS', 'SYSTEM VIEW', 'MEMORY', 10, 'Fixed', NULL, 603, 0, 66556728, 0, 0, NULL, '2016-11-01 22:27:51', NULL, NULL, 'utf8_general_ci', NULL, 'max_rows=111291', ''),
('def', 'information_schema', 'VIEWS', 'SYSTEM VIEW', 'MyISAM', 10, 'Dynamic', NULL, 0, 0, 281474976710655, 1024, 0, NULL, '2016-11-01 22:27:51', '2016-11-01 22:27:51', NULL, 'utf8_general_ci', NULL, 'max_rows=27742', ''),
('def', 'information_schema', 'INNODB_CMPMEM_RESET', 'SYSTEM VIEW', 'MEMORY', 10, 'Fixed', NULL, 29, 0, 60817408, 0, 0, NULL, '2016-11-01 22:27:51', NULL, NULL, 'utf8_general_ci', NULL, 'max_rows=2314098', ''),
('def', 'information_schema', 'INNODB_RSEG', 'SYSTEM VIEW', 'MEMORY', 10, 'Fixed', NULL, 49, 0, 58720228, 0, 0, NULL, '2016-11-01 22:27:51', NULL, NULL, 'utf8_general_ci', NULL, 'max_rows=1369568', ''),
('def', 'information_schema', 'INNODB_UNDO_LOGS', 'SYSTEM VIEW', 'MEMORY', 10, 'Fixed', NULL, 1620, 0, 66943260, 0, 0, NULL, '2016-11-01 22:27:51', NULL, NULL, 'utf8_general_ci', NULL, 'max_rows=41425', ''),
('def', 'information_schema', 'INNODB_CMPMEM', 'SYSTEM VIEW', 'MEMORY', 10, 'Fixed', NULL, 29, 0, 60817408, 0, 0, NULL, '2016-11-01 22:27:51', NULL, NULL, 'utf8_general_ci', NULL, 'max_rows=2314098', ''),
('def', 'information_schema', 'INNODB_SYS_TABLESTATS', 'SYSTEM VIEW', 'MEMORY', 10, 'Fixed', NULL, 1796, 0, 66958472, 0, 0, NULL, '2016-11-01 22:27:51', NULL, NULL, 'utf8_general_ci', NULL, 'max_rows=37365', ''),
('def', 'information_schema', 'INNODB_LOCK_WAITS', 'SYSTEM VIEW', 'MEMORY', 10, 'Fixed', NULL, 599, 0, 66996952, 0, 0, NULL, '2016-11-01 22:27:51', NULL, NULL, 'utf8_general_ci', NULL, 'max_rows=112034', ''),
('def', 'information_schema', 'INNODB_INDEX_STATS', 'SYSTEM VIEW', 'MEMORY', 10, 'Fixed', NULL, 2529, 0, 66922398, 0, 0, NULL, '2016-11-01 22:27:51', NULL, NULL, 'utf8_general_ci', NULL, 'max_rows=26535', ''),
('def', 'information_schema', 'INNODB_CMP', 'SYSTEM VIEW', 'MEMORY', 10, 'Fixed', NULL, 25, 0, 52428800, 0, 0, NULL, '2016-11-01 22:27:51', NULL, NULL, 'utf8_general_ci', NULL, 'max_rows=2684354', ''),
('def', 'information_schema', 'INNODB_CMP_RESET', 'SYSTEM VIEW', 'MEMORY', 10, 'Fixed', NULL, 25, 0, 52428800, 0, 0, NULL, '2016-11-01 22:27:51', NULL, NULL, 'utf8_general_ci', NULL, 'max_rows=2684354', ''),
('def', 'information_schema', 'INNODB_CHANGED_PAGES', 'SYSTEM VIEW', 'MEMORY', 10, 'Fixed', NULL, 25, 0, 52428800, 0, 0, NULL, '2016-11-01 22:27:51', NULL, NULL, 'utf8_general_ci', NULL, 'max_rows=2684354', ''),
('def', 'information_schema', 'INNODB_BUFFER_POOL_PAGES', 'SYSTEM VIEW', 'MEMORY', 10, 'Fixed', NULL, 234, 0, 65431080, 0, 0, NULL, '2016-11-01 22:27:51', NULL, NULL, 'utf8_general_ci', NULL, 'max_rows=286790', ''),
('def', 'information_schema', 'INNODB_TRX', 'SYSTEM VIEW', 'MEMORY', 10, 'Fixed', NULL, 4534, 0, 67075996, 0, 0, NULL, '2016-11-01 22:27:51', NULL, NULL, 'utf8_general_ci', NULL, 'max_rows=14801', ''),
('def', 'information_schema', 'INNODB_BUFFER_POOL_PAGES_INDEX', 'SYSTEM VIEW', 'MEMORY', 10, 'Fixed', NULL, 105, 0, 62914530, 0, 0, NULL, '2016-11-01 22:27:51', NULL, NULL, 'utf8_general_ci', NULL, 'max_rows=639132', ''),
('def', 'information_schema', 'INNODB_LOCKS', 'SYSTEM VIEW', 'MEMORY', 10, 'Fixed', NULL, 31244, 0, 67080868, 0, 0, NULL, '2016-11-01 22:27:51', NULL, NULL, 'utf8_general_ci', NULL, 'max_rows=2147', ''),
('def', 'information_schema', 'INNODB_BUFFER_POOL_PAGES_BLOB', 'SYSTEM VIEW', 'MEMORY', 10, 'Fixed', NULL, 65, 0, 60584355, 0, 0, NULL, '2016-11-01 22:27:51', NULL, NULL, 'utf8_general_ci', NULL, 'max_rows=1032444', ''),
('def', 'information_schema', 'INNODB_SYS_TABLES', 'SYSTEM VIEW', 'MEMORY', 10, 'Fixed', NULL, 1183, 0, 67051257, 0, 0, NULL, '2016-11-01 22:27:51', NULL, NULL, 'utf8_general_ci', NULL, 'max_rows=56727', ''),
('def', 'information_schema', 'INNODB_SYS_FIELDS', 'SYSTEM VIEW', 'MEMORY', 10, 'Fixed', NULL, 594, 0, 66437712, 0, 0, NULL, '2016-11-01 22:27:51', NULL, NULL, 'utf8_general_ci', NULL, 'max_rows=112977', ''),
('def', 'information_schema', 'INNODB_SYS_COLUMNS', 'SYSTEM VIEW', 'MEMORY', 10, 'Fixed', NULL, 610, 0, 66454620, 0, 0, NULL, '2016-11-01 22:27:51', NULL, NULL, 'utf8_general_ci', NULL, 'max_rows=110014', ''),
('def', 'information_schema', 'INNODB_BUFFER_PAGE', 'SYSTEM VIEW', 'MEMORY', 10, 'Fixed', NULL, 6852, 0, 67067376, 0, 0, NULL, '2016-11-01 22:27:51', NULL, NULL, 'utf8_general_ci', NULL, 'max_rows=9794', ''),
('def', 'information_schema', 'INNODB_SYS_STATS', 'SYSTEM VIEW', 'MEMORY', 10, 'Fixed', NULL, 29, 0, 60817408, 0, 0, NULL, '2016-11-01 22:27:51', NULL, NULL, 'utf8_general_ci', NULL, 'max_rows=2314098', ''),
('def', 'information_schema', 'INNODB_SYS_FOREIGN', 'SYSTEM VIEW', 'MEMORY', 10, 'Fixed', NULL, 1752, 0, 66803760, 0, 0, NULL, '2016-11-01 22:27:51', NULL, NULL, 'utf8_general_ci', NULL, 'max_rows=38304', ''),
('def', 'information_schema', 'INNODB_SYS_INDEXES', 'SYSTEM VIEW', 'MEMORY', 10, 'Fixed', NULL, 614, 0, 66890388, 0, 0, NULL, '2016-11-01 22:27:51', NULL, NULL, 'utf8_general_ci', NULL, 'max_rows=109297', ''),
('def', 'information_schema', 'XTRADB_ADMIN_COMMAND', 'SYSTEM VIEW', 'MEMORY', 10, 'Fixed', NULL, 3075, 0, 66998100, 0, 0, NULL, '2016-11-01 22:27:51', NULL, NULL, 'utf8_general_ci', NULL, 'max_rows=21824', ''),
('def', 'information_schema', 'INNODB_TABLE_STATS', 'SYSTEM VIEW', 'MEMORY', 10, 'Fixed', NULL, 1189, 0, 66939511, 0, 0, NULL, '2016-11-01 22:27:51', NULL, NULL, 'utf8_general_ci', NULL, 'max_rows=56441', ''),
('def', 'information_schema', 'INNODB_SYS_FOREIGN_COLS', 'SYSTEM VIEW', 'MEMORY', 10, 'Fixed', NULL, 1748, 0, 66955392, 0, 0, NULL, '2016-11-01 22:27:51', NULL, NULL, 'utf8_general_ci', NULL, 'max_rows=38391', ''),
('def', 'information_schema', 'INNODB_BUFFER_PAGE_LRU', 'SYSTEM VIEW', 'MEMORY', 10, 'Fixed', NULL, 6669, 0, 67076802, 0, 0, NULL, '2016-11-01 22:27:51', NULL, NULL, 'utf8_general_ci', NULL, 'max_rows=10062', ''),
('def', 'information_schema', 'INNODB_BUFFER_POOL_STATS', 'SYSTEM VIEW', 'MEMORY', 10, 'Fixed', NULL, 257, 0, 65329400, 0, 0, NULL, '2016-11-01 22:27:51', NULL, NULL, 'utf8_general_ci', NULL, 'max_rows=261123', ''),
('def', '20454239_1', 'Action', 'BASE TABLE', 'InnoDB', 10, 'Compact', 697, 141, 98304, 0, 16384, 0, 1629, '2016-11-01 03:53:58', NULL, NULL, 'utf8_unicode_ci', NULL, '', ''),
('def', '20454239_1', 'Category', 'BASE TABLE', 'InnoDB', 10, 'Compact', 79, 207, 16384, 0, 0, 0, NULL, '2016-11-01 03:53:58', NULL, NULL, 'latin2_general_ci', NULL, '', ''),
('def', '20454239_1', 'Client', 'BASE TABLE', 'InnoDB', 10, 'Compact', 38, 431, 16384, 0, 16384, 0, 113, '2016-11-01 03:53:58', NULL, NULL, 'latin2_general_ci', NULL, '', ''),
('def', '20454239_1', 'Client_Task', 'BASE TABLE', 'InnoDB', 10, 'Compact', 152, 107, 16384, 0, 32768, 0, NULL, '2016-11-01 03:53:58', NULL, NULL, 'latin2_general_ci', NULL, '', ''),
('def', '20454239_1', 'Interface', 'BASE TABLE', 'InnoDB', 10, 'Compact', 4, 4096, 16384, 0, 0, 0, NULL, '2016-11-01 03:53:58', NULL, NULL, 'latin2_general_ci', NULL, '', ''),
('def', '20454239_1', 'Product', 'BASE TABLE', 'InnoDB', 10, 'Compact', 586, 111, 65536, 0, 65536, 0, 544, '2016-11-01 03:53:58', NULL, NULL, 'utf8_polish_ci', NULL, '', ''),
('def', '20454239_1', 'Task', 'BASE TABLE', 'InnoDB', 10, 'Compact', 152, 107, 16384, 0, 32768, 0, 413, '2016-11-01 03:53:58', NULL, NULL, 'latin2_general_ci', NULL, '', ''),
('def', '20454239_1', 'Task_Action', 'BASE TABLE', 'InnoDB', 10, 'Compact', 803, 81, 65536, 0, 32768, 0, NULL, '2016-11-01 03:53:58', NULL, NULL, 'utf8_unicode_ci', NULL, '', '');

-- --------------------------------------------------------

--
-- Struktura tabeli dla tabeli `TABLESPACES`
--

CREATE TEMPORARY TABLE `TABLESPACES` (
  `TABLESPACE_NAME` varchar(64) NOT NULL DEFAULT '',
  `ENGINE` varchar(64) NOT NULL DEFAULT '',
  `TABLESPACE_TYPE` varchar(64) DEFAULT NULL,
  `LOGFILE_GROUP_NAME` varchar(64) DEFAULT NULL,
  `EXTENT_SIZE` bigint(21) unsigned DEFAULT NULL,
  `AUTOEXTEND_SIZE` bigint(21) unsigned DEFAULT NULL,
  `MAXIMUM_SIZE` bigint(21) unsigned DEFAULT NULL,
  `NODEGROUP_ID` bigint(21) unsigned DEFAULT NULL,
  `TABLESPACE_COMMENT` varchar(2048) DEFAULT NULL
) ENGINE=MEMORY DEFAULT CHARSET=utf8;

-- --------------------------------------------------------

--
-- Struktura tabeli dla tabeli `TABLE_CONSTRAINTS`
--

CREATE TEMPORARY TABLE `TABLE_CONSTRAINTS` (
  `CONSTRAINT_CATALOG` varchar(512) NOT NULL DEFAULT '',
  `CONSTRAINT_SCHEMA` varchar(64) NOT NULL DEFAULT '',
  `CONSTRAINT_NAME` varchar(64) NOT NULL DEFAULT '',
  `TABLE_SCHEMA` varchar(64) NOT NULL DEFAULT '',
  `TABLE_NAME` varchar(64) NOT NULL DEFAULT '',
  `CONSTRAINT_TYPE` varchar(64) NOT NULL DEFAULT ''
) ENGINE=MEMORY DEFAULT CHARSET=utf8;

--
-- Zrzut danych tabeli `TABLE_CONSTRAINTS`
--

INSERT INTO `TABLE_CONSTRAINTS` (`CONSTRAINT_CATALOG`, `CONSTRAINT_SCHEMA`, `CONSTRAINT_NAME`, `TABLE_SCHEMA`, `TABLE_NAME`, `CONSTRAINT_TYPE`) VALUES
('def', '20454239_1', 'PRIMARY', '20454239_1', 'Action', 'PRIMARY KEY'),
('def', '20454239_1', 'idAction_UNIQUE', '20454239_1', 'Action', 'UNIQUE'),
('def', '20454239_1', 'PRIMARY', '20454239_1', 'Category', 'PRIMARY KEY'),
('def', '20454239_1', 'PRIMARY', '20454239_1', 'Client', 'PRIMARY KEY'),
('def', '20454239_1', 'idClient_UNIQUE', '20454239_1', 'Client', 'UNIQUE'),
('def', '20454239_1', 'client_client', '20454239_1', 'Client_Task', 'FOREIGN KEY'),
('def', '20454239_1', 'client_task', '20454239_1', 'Client_Task', 'FOREIGN KEY'),
('def', '20454239_1', 'PRIMARY', '20454239_1', 'Interface', 'PRIMARY KEY'),
('def', '20454239_1', 'PRIMARY', '20454239_1', 'Product', 'PRIMARY KEY'),
('def', '20454239_1', 'category', '20454239_1', 'Product', 'FOREIGN KEY'),
('def', '20454239_1', 'PRIMARY', '20454239_1', 'Task', 'PRIMARY KEY'),
('def', '20454239_1', 'interface_task', '20454239_1', 'Task', 'FOREIGN KEY'),
('def', '20454239_1', 'product_task', '20454239_1', 'Task', 'FOREIGN KEY'),
('def', '20454239_1', 'action_task', '20454239_1', 'Task_Action', 'FOREIGN KEY'),
('def', '20454239_1', 'task_action', '20454239_1', 'Task_Action', 'FOREIGN KEY');

-- --------------------------------------------------------

--
-- Struktura tabeli dla tabeli `TABLE_PRIVILEGES`
--

CREATE TEMPORARY TABLE `TABLE_PRIVILEGES` (
  `GRANTEE` varchar(81) NOT NULL DEFAULT '',
  `TABLE_CATALOG` varchar(512) NOT NULL DEFAULT '',
  `TABLE_SCHEMA` varchar(64) NOT NULL DEFAULT '',
  `TABLE_NAME` varchar(64) NOT NULL DEFAULT '',
  `PRIVILEGE_TYPE` varchar(64) NOT NULL DEFAULT '',
  `IS_GRANTABLE` varchar(3) NOT NULL DEFAULT ''
) ENGINE=MEMORY DEFAULT CHARSET=utf8;

-- --------------------------------------------------------

--
-- Struktura tabeli dla tabeli `TABLE_STATISTICS`
--

CREATE TEMPORARY TABLE `TABLE_STATISTICS` (
  `TABLE_SCHEMA` varchar(192) NOT NULL DEFAULT '',
  `TABLE_NAME` varchar(192) NOT NULL DEFAULT '',
  `ROWS_READ` bigint(21) unsigned NOT NULL DEFAULT '0',
  `ROWS_CHANGED` bigint(21) unsigned NOT NULL DEFAULT '0',
  `ROWS_CHANGED_X_INDEXES` bigint(21) unsigned NOT NULL DEFAULT '0'
) ENGINE=MEMORY DEFAULT CHARSET=utf8;

--
-- Zrzut danych tabeli `TABLE_STATISTICS`
--

INSERT INTO `TABLE_STATISTICS` (`TABLE_SCHEMA`, `TABLE_NAME`, `ROWS_READ`, `ROWS_CHANGED`, `ROWS_CHANGED_X_INDEXES`) VALUES
('20454239_1', 'Category', 8216, 0, 0),
('20454239_1', 'Task', 5810, 237, 711),
('20454239_1', 'Interface', 88, 0, 0),
('20454239_1', 'Task_Action', 30801, 555, 1110),
('20454239_1', 'Client', 1637, 42, 84),
('20454239_1', 'Client_Task', 5568, 116, 232),
('20454239_1', 'Product', 56860, 0, 0),
('20454239_1', 'Action', 31641, 555, 1110);

-- --------------------------------------------------------

--
-- Struktura tabeli dla tabeli `TEMPORARY_TABLES`
--

CREATE TEMPORARY TABLE `TEMPORARY_TABLES` (
  `SESSION_ID` bigint(4) NOT NULL DEFAULT '0',
  `TABLE_SCHEMA` varchar(64) NOT NULL DEFAULT '',
  `TABLE_NAME` varchar(64) NOT NULL DEFAULT '',
  `ENGINE` varchar(64) NOT NULL DEFAULT '',
  `NAME` varchar(512) NOT NULL DEFAULT '',
  `TABLE_ROWS` bigint(21) unsigned NOT NULL DEFAULT '0',
  `AVG_ROW_LENGTH` bigint(21) unsigned NOT NULL DEFAULT '0',
  `DATA_LENGTH` bigint(21) unsigned NOT NULL DEFAULT '0',
  `INDEX_LENGTH` bigint(21) unsigned NOT NULL DEFAULT '0',
  `CREATE_TIME` datetime DEFAULT NULL,
  `UPDATE_TIME` datetime DEFAULT NULL
) ENGINE=MEMORY DEFAULT CHARSET=utf8;

-- --------------------------------------------------------

--
-- Struktura tabeli dla tabeli `THREAD_STATISTICS`
--

CREATE TEMPORARY TABLE `THREAD_STATISTICS` (
  `THREAD_ID` bigint(21) unsigned NOT NULL DEFAULT '0',
  `TOTAL_CONNECTIONS` bigint(21) unsigned NOT NULL DEFAULT '0',
  `CONCURRENT_CONNECTIONS` bigint(21) unsigned NOT NULL DEFAULT '0',
  `CONNECTED_TIME` bigint(21) unsigned NOT NULL DEFAULT '0',
  `BUSY_TIME` bigint(21) unsigned NOT NULL DEFAULT '0',
  `CPU_TIME` bigint(21) unsigned NOT NULL DEFAULT '0',
  `BYTES_RECEIVED` bigint(21) unsigned NOT NULL DEFAULT '0',
  `BYTES_SENT` bigint(21) unsigned NOT NULL DEFAULT '0',
  `BINLOG_BYTES_WRITTEN` bigint(21) unsigned NOT NULL DEFAULT '0',
  `ROWS_FETCHED` bigint(21) unsigned NOT NULL DEFAULT '0',
  `ROWS_UPDATED` bigint(21) unsigned NOT NULL DEFAULT '0',
  `TABLE_ROWS_READ` bigint(21) unsigned NOT NULL DEFAULT '0',
  `SELECT_COMMANDS` bigint(21) unsigned NOT NULL DEFAULT '0',
  `UPDATE_COMMANDS` bigint(21) unsigned NOT NULL DEFAULT '0',
  `OTHER_COMMANDS` bigint(21) unsigned NOT NULL DEFAULT '0',
  `COMMIT_TRANSACTIONS` bigint(21) unsigned NOT NULL DEFAULT '0',
  `ROLLBACK_TRANSACTIONS` bigint(21) unsigned NOT NULL DEFAULT '0',
  `DENIED_CONNECTIONS` bigint(21) unsigned NOT NULL DEFAULT '0',
  `LOST_CONNECTIONS` bigint(21) unsigned NOT NULL DEFAULT '0',
  `ACCESS_DENIED` bigint(21) unsigned NOT NULL DEFAULT '0',
  `EMPTY_QUERIES` bigint(21) unsigned NOT NULL DEFAULT '0',
  `TOTAL_SSL_CONNECTIONS` bigint(21) unsigned NOT NULL DEFAULT '0'
) ENGINE=MEMORY DEFAULT CHARSET=utf8;
-- Bd odczytu danych: (#1227 - Access denied; you need (at least one of) the PROCESS,SUPER privilege(s) for this operation)

-- --------------------------------------------------------

--
-- Struktura tabeli dla tabeli `TRIGGERS`
--

CREATE TEMPORARY TABLE `TRIGGERS` (
  `TRIGGER_CATALOG` varchar(512) NOT NULL DEFAULT '',
  `TRIGGER_SCHEMA` varchar(64) NOT NULL DEFAULT '',
  `TRIGGER_NAME` varchar(64) NOT NULL DEFAULT '',
  `EVENT_MANIPULATION` varchar(6) NOT NULL DEFAULT '',
  `EVENT_OBJECT_CATALOG` varchar(512) NOT NULL DEFAULT '',
  `EVENT_OBJECT_SCHEMA` varchar(64) NOT NULL DEFAULT '',
  `EVENT_OBJECT_TABLE` varchar(64) NOT NULL DEFAULT '',
  `ACTION_ORDER` bigint(4) NOT NULL DEFAULT '0',
  `ACTION_CONDITION` longtext,
  `ACTION_STATEMENT` longtext NOT NULL,
  `ACTION_ORIENTATION` varchar(9) NOT NULL DEFAULT '',
  `ACTION_TIMING` varchar(6) NOT NULL DEFAULT '',
  `ACTION_REFERENCE_OLD_TABLE` varchar(64) DEFAULT NULL,
  `ACTION_REFERENCE_NEW_TABLE` varchar(64) DEFAULT NULL,
  `ACTION_REFERENCE_OLD_ROW` varchar(3) NOT NULL DEFAULT '',
  `ACTION_REFERENCE_NEW_ROW` varchar(3) NOT NULL DEFAULT '',
  `CREATED` datetime DEFAULT NULL,
  `SQL_MODE` varchar(8192) NOT NULL DEFAULT '',
  `DEFINER` varchar(77) NOT NULL DEFAULT '',
  `CHARACTER_SET_CLIENT` varchar(32) NOT NULL DEFAULT '',
  `COLLATION_CONNECTION` varchar(32) NOT NULL DEFAULT '',
  `DATABASE_COLLATION` varchar(32) NOT NULL DEFAULT ''
) ENGINE=MyISAM DEFAULT CHARSET=utf8;

-- --------------------------------------------------------

--
-- Struktura tabeli dla tabeli `USER_PRIVILEGES`
--

CREATE TEMPORARY TABLE `USER_PRIVILEGES` (
  `GRANTEE` varchar(81) NOT NULL DEFAULT '',
  `TABLE_CATALOG` varchar(512) NOT NULL DEFAULT '',
  `PRIVILEGE_TYPE` varchar(64) NOT NULL DEFAULT '',
  `IS_GRANTABLE` varchar(3) NOT NULL DEFAULT ''
) ENGINE=MEMORY DEFAULT CHARSET=utf8;

--
-- Zrzut danych tabeli `USER_PRIVILEGES`
--

INSERT INTO `USER_PRIVILEGES` (`GRANTEE`, `TABLE_CATALOG`, `PRIVILEGE_TYPE`, `IS_GRANTABLE`) VALUES
('''20454239_1''@''%''', 'def', 'USAGE', 'NO');

-- --------------------------------------------------------

--
-- Struktura tabeli dla tabeli `USER_STATISTICS`
--

CREATE TEMPORARY TABLE `USER_STATISTICS` (
  `USER` varchar(144) NOT NULL DEFAULT '',
  `TOTAL_CONNECTIONS` bigint(21) unsigned NOT NULL DEFAULT '0',
  `CONCURRENT_CONNECTIONS` bigint(21) unsigned NOT NULL DEFAULT '0',
  `CONNECTED_TIME` bigint(21) unsigned NOT NULL DEFAULT '0',
  `BUSY_TIME` bigint(21) unsigned NOT NULL DEFAULT '0',
  `CPU_TIME` bigint(21) unsigned NOT NULL DEFAULT '0',
  `BYTES_RECEIVED` bigint(21) unsigned NOT NULL DEFAULT '0',
  `BYTES_SENT` bigint(21) unsigned NOT NULL DEFAULT '0',
  `BINLOG_BYTES_WRITTEN` bigint(21) unsigned NOT NULL DEFAULT '0',
  `ROWS_FETCHED` bigint(21) unsigned NOT NULL DEFAULT '0',
  `ROWS_UPDATED` bigint(21) unsigned NOT NULL DEFAULT '0',
  `TABLE_ROWS_READ` bigint(21) unsigned NOT NULL DEFAULT '0',
  `SELECT_COMMANDS` bigint(21) unsigned NOT NULL DEFAULT '0',
  `UPDATE_COMMANDS` bigint(21) unsigned NOT NULL DEFAULT '0',
  `OTHER_COMMANDS` bigint(21) unsigned NOT NULL DEFAULT '0',
  `COMMIT_TRANSACTIONS` bigint(21) unsigned NOT NULL DEFAULT '0',
  `ROLLBACK_TRANSACTIONS` bigint(21) unsigned NOT NULL DEFAULT '0',
  `DENIED_CONNECTIONS` bigint(21) unsigned NOT NULL DEFAULT '0',
  `LOST_CONNECTIONS` bigint(21) unsigned NOT NULL DEFAULT '0',
  `ACCESS_DENIED` bigint(21) unsigned NOT NULL DEFAULT '0',
  `EMPTY_QUERIES` bigint(21) unsigned NOT NULL DEFAULT '0',
  `TOTAL_SSL_CONNECTIONS` bigint(21) unsigned NOT NULL DEFAULT '0'
) ENGINE=MEMORY DEFAULT CHARSET=utf8;
-- Bd odczytu danych: (#1227 - Access denied; you need (at least one of) the PROCESS,SUPER privilege(s) for this operation)

-- --------------------------------------------------------

--
-- Struktura tabeli dla tabeli `VIEWS`
--

CREATE TEMPORARY TABLE `VIEWS` (
  `TABLE_CATALOG` varchar(512) NOT NULL DEFAULT '',
  `TABLE_SCHEMA` varchar(64) NOT NULL DEFAULT '',
  `TABLE_NAME` varchar(64) NOT NULL DEFAULT '',
  `VIEW_DEFINITION` longtext NOT NULL,
  `CHECK_OPTION` varchar(8) NOT NULL DEFAULT '',
  `IS_UPDATABLE` varchar(3) NOT NULL DEFAULT '',
  `DEFINER` varchar(77) NOT NULL DEFAULT '',
  `SECURITY_TYPE` varchar(7) NOT NULL DEFAULT '',
  `CHARACTER_SET_CLIENT` varchar(32) NOT NULL DEFAULT '',
  `COLLATION_CONNECTION` varchar(32) NOT NULL DEFAULT ''
) ENGINE=MyISAM DEFAULT CHARSET=utf8;

-- --------------------------------------------------------

--
-- Struktura tabeli dla tabeli `INNODB_CMPMEM_RESET`
--

CREATE TEMPORARY TABLE `INNODB_CMPMEM_RESET` (
  `page_size` int(5) NOT NULL DEFAULT '0',
  `buffer_pool_instance` int(11) NOT NULL DEFAULT '0',
  `pages_used` int(11) NOT NULL DEFAULT '0',
  `pages_free` int(11) NOT NULL DEFAULT '0',
  `relocation_ops` bigint(21) NOT NULL DEFAULT '0',
  `relocation_time` int(11) NOT NULL DEFAULT '0'
) ENGINE=MEMORY DEFAULT CHARSET=utf8;
-- Bd odczytu danych: (#1227 - Access denied; you need (at least one of) the PROCESS privilege(s) for this operation)

-- --------------------------------------------------------

--
-- Struktura tabeli dla tabeli `INNODB_RSEG`
--

CREATE TEMPORARY TABLE `INNODB_RSEG` (
  `rseg_id` bigint(21) unsigned NOT NULL DEFAULT '0',
  `space_id` bigint(21) unsigned NOT NULL DEFAULT '0',
  `zip_size` bigint(21) unsigned NOT NULL DEFAULT '0',
  `page_no` bigint(21) unsigned NOT NULL DEFAULT '0',
  `max_size` bigint(21) unsigned NOT NULL DEFAULT '0',
  `curr_size` bigint(21) unsigned NOT NULL DEFAULT '0'
) ENGINE=MEMORY DEFAULT CHARSET=utf8;
-- Bd odczytu danych: (#1227 - Access denied; you need (at least one of) the PROCESS privilege(s) for this operation)

-- --------------------------------------------------------

--
-- Struktura tabeli dla tabeli `INNODB_UNDO_LOGS`
--

CREATE TEMPORARY TABLE `INNODB_UNDO_LOGS` (
  `trx_id` varchar(18) NOT NULL DEFAULT '',
  `rseg_id` bigint(21) unsigned NOT NULL DEFAULT '0',
  `useg_id` bigint(21) unsigned NOT NULL DEFAULT '0',
  `type` varchar(256) NOT NULL DEFAULT '',
  `state` varchar(256) NOT NULL DEFAULT '',
  `size` bigint(21) unsigned NOT NULL DEFAULT '0'
) ENGINE=MEMORY DEFAULT CHARSET=utf8;
-- Bd odczytu danych: (#1227 - Access denied; you need (at least one of) the PROCESS privilege(s) for this operation)

-- --------------------------------------------------------

--
-- Struktura tabeli dla tabeli `INNODB_CMPMEM`
--

CREATE TEMPORARY TABLE `INNODB_CMPMEM` (
  `page_size` int(5) NOT NULL DEFAULT '0',
  `buffer_pool_instance` int(11) NOT NULL DEFAULT '0',
  `pages_used` int(11) NOT NULL DEFAULT '0',
  `pages_free` int(11) NOT NULL DEFAULT '0',
  `relocation_ops` bigint(21) NOT NULL DEFAULT '0',
  `relocation_time` int(11) NOT NULL DEFAULT '0'
) ENGINE=MEMORY DEFAULT CHARSET=utf8;
-- Bd odczytu danych: (#1227 - Access denied; you need (at least one of) the PROCESS privilege(s) for this operation)

-- --------------------------------------------------------

--
-- Struktura tabeli dla tabeli `INNODB_SYS_TABLESTATS`
--

CREATE TEMPORARY TABLE `INNODB_SYS_TABLESTATS` (
  `TABLE_ID` bigint(21) unsigned NOT NULL DEFAULT '0',
  `SCHEMA` varchar(193) NOT NULL DEFAULT '',
  `NAME` varchar(193) NOT NULL DEFAULT '',
  `STATS_INITIALIZED` varchar(193) NOT NULL DEFAULT '',
  `NUM_ROWS` bigint(21) unsigned NOT NULL DEFAULT '0',
  `CLUST_INDEX_SIZE` bigint(21) unsigned NOT NULL DEFAULT '0',
  `OTHER_INDEX_SIZE` bigint(21) unsigned NOT NULL DEFAULT '0',
  `MODIFIED_COUNTER` bigint(21) unsigned NOT NULL DEFAULT '0',
  `AUTOINC` bigint(21) unsigned NOT NULL DEFAULT '0',
  `MYSQL_HANDLES_OPENED` int(11) NOT NULL DEFAULT '0'
) ENGINE=MEMORY DEFAULT CHARSET=utf8;
-- Bd odczytu danych: (#1227 - Access denied; you need (at least one of) the PROCESS privilege(s) for this operation)

-- --------------------------------------------------------

--
-- Struktura tabeli dla tabeli `INNODB_LOCK_WAITS`
--

CREATE TEMPORARY TABLE `INNODB_LOCK_WAITS` (
  `requesting_trx_id` varchar(18) NOT NULL DEFAULT '',
  `requested_lock_id` varchar(81) NOT NULL DEFAULT '',
  `blocking_trx_id` varchar(18) NOT NULL DEFAULT '',
  `blocking_lock_id` varchar(81) NOT NULL DEFAULT ''
) ENGINE=MEMORY DEFAULT CHARSET=utf8;
-- Bd odczytu danych: (#1227 - Access denied; you need (at least one of) the PROCESS privilege(s) for this operation)

-- --------------------------------------------------------

--
-- Struktura tabeli dla tabeli `INNODB_INDEX_STATS`
--

CREATE TEMPORARY TABLE `INNODB_INDEX_STATS` (
  `table_schema` varchar(192) NOT NULL DEFAULT '',
  `table_name` varchar(192) NOT NULL DEFAULT '',
  `index_name` varchar(192) NOT NULL DEFAULT '',
  `fields` bigint(21) unsigned NOT NULL DEFAULT '0',
  `rows_per_key` varchar(256) NOT NULL DEFAULT '',
  `index_total_pages` bigint(21) unsigned NOT NULL DEFAULT '0',
  `index_leaf_pages` bigint(21) unsigned NOT NULL DEFAULT '0'
) ENGINE=MEMORY DEFAULT CHARSET=utf8;
-- Bd odczytu danych: (#1227 - Access denied; you need (at least one of) the PROCESS privilege(s) for this operation)

-- --------------------------------------------------------

--
-- Struktura tabeli dla tabeli `INNODB_CMP`
--

CREATE TEMPORARY TABLE `INNODB_CMP` (
  `page_size` int(5) NOT NULL DEFAULT '0',
  `compress_ops` int(11) NOT NULL DEFAULT '0',
  `compress_ops_ok` int(11) NOT NULL DEFAULT '0',
  `compress_time` int(11) NOT NULL DEFAULT '0',
  `uncompress_ops` int(11) NOT NULL DEFAULT '0',
  `uncompress_time` int(11) NOT NULL DEFAULT '0'
) ENGINE=MEMORY DEFAULT CHARSET=utf8;
-- Bd odczytu danych: (#1227 - Access denied; you need (at least one of) the PROCESS privilege(s) for this operation)

-- --------------------------------------------------------

--
-- Struktura tabeli dla tabeli `INNODB_CMP_RESET`
--

CREATE TEMPORARY TABLE `INNODB_CMP_RESET` (
  `page_size` int(5) NOT NULL DEFAULT '0',
  `compress_ops` int(11) NOT NULL DEFAULT '0',
  `compress_ops_ok` int(11) NOT NULL DEFAULT '0',
  `compress_time` int(11) NOT NULL DEFAULT '0',
  `uncompress_ops` int(11) NOT NULL DEFAULT '0',
  `uncompress_time` int(11) NOT NULL DEFAULT '0'
) ENGINE=MEMORY DEFAULT CHARSET=utf8;
-- Bd odczytu danych: (#1227 - Access denied; you need (at least one of) the PROCESS privilege(s) for this operation)

-- --------------------------------------------------------

--
-- Struktura tabeli dla tabeli `INNODB_CHANGED_PAGES`
--

CREATE TEMPORARY TABLE `INNODB_CHANGED_PAGES` (
  `space_id` int(11) unsigned NOT NULL DEFAULT '0',
  `page_id` int(11) unsigned NOT NULL DEFAULT '0',
  `start_lsn` bigint(21) unsigned NOT NULL DEFAULT '0',
  `end_lsn` bigint(21) unsigned NOT NULL DEFAULT '0'
) ENGINE=MEMORY DEFAULT CHARSET=utf8;
-- Bd odczytu danych: (#1227 - Access denied; you need (at least one of) the PROCESS privilege(s) for this operation)

-- --------------------------------------------------------

--
-- Struktura tabeli dla tabeli `INNODB_BUFFER_POOL_PAGES`
--

CREATE TEMPORARY TABLE `INNODB_BUFFER_POOL_PAGES` (
  `page_type` varchar(64) DEFAULT NULL,
  `space_id` bigint(21) unsigned NOT NULL DEFAULT '0',
  `page_no` bigint(21) unsigned NOT NULL DEFAULT '0',
  `lru_position` bigint(21) unsigned NOT NULL DEFAULT '0',
  `fix_count` bigint(21) unsigned NOT NULL DEFAULT '0',
  `flush_type` bigint(21) unsigned NOT NULL DEFAULT '0'
) ENGINE=MEMORY DEFAULT CHARSET=utf8;
-- Bd odczytu danych: (#1227 - Access denied; you need (at least one of) the PROCESS privilege(s) for this operation)

-- --------------------------------------------------------

--
-- Struktura tabeli dla tabeli `INNODB_TRX`
--

CREATE TEMPORARY TABLE `INNODB_TRX` (
  `trx_id` varchar(18) NOT NULL DEFAULT '',
  `trx_state` varchar(13) NOT NULL DEFAULT '',
  `trx_started` datetime NOT NULL DEFAULT '0000-00-00 00:00:00',
  `trx_requested_lock_id` varchar(81) DEFAULT NULL,
  `trx_wait_started` datetime DEFAULT NULL,
  `trx_weight` bigint(21) unsigned NOT NULL DEFAULT '0',
  `trx_mysql_thread_id` bigint(21) unsigned NOT NULL DEFAULT '0',
  `trx_query` varchar(1024) DEFAULT NULL,
  `trx_operation_state` varchar(64) DEFAULT NULL,
  `trx_tables_in_use` bigint(21) unsigned NOT NULL DEFAULT '0',
  `trx_tables_locked` bigint(21) unsigned NOT NULL DEFAULT '0',
  `trx_lock_structs` bigint(21) unsigned NOT NULL DEFAULT '0',
  `trx_lock_memory_bytes` bigint(21) unsigned NOT NULL DEFAULT '0',
  `trx_rows_locked` bigint(21) unsigned NOT NULL DEFAULT '0',
  `trx_rows_modified` bigint(21) unsigned NOT NULL DEFAULT '0',
  `trx_concurrency_tickets` bigint(21) unsigned NOT NULL DEFAULT '0',
  `trx_isolation_level` varchar(16) NOT NULL DEFAULT '',
  `trx_unique_checks` int(1) NOT NULL DEFAULT '0',
  `trx_foreign_key_checks` int(1) NOT NULL DEFAULT '0',
  `trx_last_foreign_key_error` varchar(256) DEFAULT NULL,
  `trx_adaptive_hash_latched` int(1) NOT NULL DEFAULT '0',
  `trx_adaptive_hash_timeout` bigint(21) unsigned NOT NULL DEFAULT '0'
) ENGINE=MEMORY DEFAULT CHARSET=utf8;
-- Bd odczytu danych: (#1227 - Access denied; you need (at least one of) the PROCESS privilege(s) for this operation)

-- --------------------------------------------------------

--
-- Struktura tabeli dla tabeli `INNODB_BUFFER_POOL_PAGES_INDEX`
--

CREATE TEMPORARY TABLE `INNODB_BUFFER_POOL_PAGES_INDEX` (
  `index_id` bigint(21) unsigned NOT NULL DEFAULT '0',
  `space_id` bigint(21) unsigned NOT NULL DEFAULT '0',
  `page_no` bigint(21) unsigned NOT NULL DEFAULT '0',
  `n_recs` bigint(21) unsigned NOT NULL DEFAULT '0',
  `data_size` bigint(21) unsigned NOT NULL DEFAULT '0',
  `hashed` bigint(21) unsigned NOT NULL DEFAULT '0',
  `access_time` bigint(21) unsigned NOT NULL DEFAULT '0',
  `modified` bigint(21) unsigned NOT NULL DEFAULT '0',
  `dirty` bigint(21) unsigned NOT NULL DEFAULT '0',
  `old` bigint(21) unsigned NOT NULL DEFAULT '0',
  `lru_position` bigint(21) unsigned NOT NULL DEFAULT '0',
  `fix_count` bigint(21) unsigned NOT NULL DEFAULT '0',
  `flush_type` bigint(21) unsigned NOT NULL DEFAULT '0'
) ENGINE=MEMORY DEFAULT CHARSET=utf8;
-- Bd odczytu danych: (#1227 - Access denied; you need (at least one of) the PROCESS privilege(s) for this operation)

-- --------------------------------------------------------

--
-- Struktura tabeli dla tabeli `INNODB_LOCKS`
--

CREATE TEMPORARY TABLE `INNODB_LOCKS` (
  `lock_id` varchar(81) NOT NULL DEFAULT '',
  `lock_trx_id` varchar(18) NOT NULL DEFAULT '',
  `lock_mode` varchar(32) NOT NULL DEFAULT '',
  `lock_type` varchar(32) NOT NULL DEFAULT '',
  `lock_table` varchar(1024) NOT NULL DEFAULT '',
  `lock_index` varchar(1024) DEFAULT NULL,
  `lock_space` bigint(21) unsigned DEFAULT NULL,
  `lock_page` bigint(21) unsigned DEFAULT NULL,
  `lock_rec` bigint(21) unsigned DEFAULT NULL,
  `lock_data` varchar(8192) DEFAULT NULL
) ENGINE=MEMORY DEFAULT CHARSET=utf8;
-- Bd odczytu danych: (#1227 - Access denied; you need (at least one of) the PROCESS privilege(s) for this operation)

-- --------------------------------------------------------

--
-- Struktura tabeli dla tabeli `INNODB_BUFFER_POOL_PAGES_BLOB`
--

CREATE TEMPORARY TABLE `INNODB_BUFFER_POOL_PAGES_BLOB` (
  `space_id` bigint(21) unsigned NOT NULL DEFAULT '0',
  `page_no` bigint(21) unsigned NOT NULL DEFAULT '0',
  `compressed` bigint(21) unsigned NOT NULL DEFAULT '0',
  `part_len` bigint(21) unsigned NOT NULL DEFAULT '0',
  `next_page_no` bigint(21) unsigned NOT NULL DEFAULT '0',
  `lru_position` bigint(21) unsigned NOT NULL DEFAULT '0',
  `fix_count` bigint(21) unsigned NOT NULL DEFAULT '0',
  `flush_type` bigint(21) unsigned NOT NULL DEFAULT '0'
) ENGINE=MEMORY DEFAULT CHARSET=utf8;
-- Bd odczytu danych: (#1227 - Access denied; you need (at least one of) the PROCESS privilege(s) for this operation)

-- --------------------------------------------------------

--
-- Struktura tabeli dla tabeli `INNODB_SYS_TABLES`
--

CREATE TEMPORARY TABLE `INNODB_SYS_TABLES` (
  `TABLE_ID` bigint(21) unsigned NOT NULL DEFAULT '0',
  `SCHEMA` varchar(193) NOT NULL DEFAULT '',
  `NAME` varchar(193) NOT NULL DEFAULT '',
  `FLAG` int(11) NOT NULL DEFAULT '0',
  `N_COLS` int(11) NOT NULL DEFAULT '0',
  `SPACE` int(11) NOT NULL DEFAULT '0'
) ENGINE=MEMORY DEFAULT CHARSET=utf8;
-- Bd odczytu danych: (#1227 - Access denied; you need (at least one of) the PROCESS privilege(s) for this operation)

-- --------------------------------------------------------

--
-- Struktura tabeli dla tabeli `INNODB_SYS_FIELDS`
--

CREATE TEMPORARY TABLE `INNODB_SYS_FIELDS` (
  `INDEX_ID` bigint(21) unsigned NOT NULL DEFAULT '0',
  `NAME` varchar(193) NOT NULL DEFAULT '',
  `POS` int(11) unsigned NOT NULL DEFAULT '0'
) ENGINE=MEMORY DEFAULT CHARSET=utf8;
-- Bd odczytu danych: (#1227 - Access denied; you need (at least one of) the PROCESS privilege(s) for this operation)

-- --------------------------------------------------------

--
-- Struktura tabeli dla tabeli `INNODB_SYS_COLUMNS`
--

CREATE TEMPORARY TABLE `INNODB_SYS_COLUMNS` (
  `TABLE_ID` bigint(21) unsigned NOT NULL DEFAULT '0',
  `NAME` varchar(193) NOT NULL DEFAULT '',
  `POS` bigint(21) unsigned NOT NULL DEFAULT '0',
  `MTYPE` int(11) NOT NULL DEFAULT '0',
  `PRTYPE` int(11) NOT NULL DEFAULT '0',
  `LEN` int(11) NOT NULL DEFAULT '0'
) ENGINE=MEMORY DEFAULT CHARSET=utf8;
-- Bd odczytu danych: (#1227 - Access denied; you need (at least one of) the PROCESS privilege(s) for this operation)

-- --------------------------------------------------------

--
-- Struktura tabeli dla tabeli `INNODB_BUFFER_PAGE`
--

CREATE TEMPORARY TABLE `INNODB_BUFFER_PAGE` (
  `POOL_ID` bigint(21) unsigned NOT NULL DEFAULT '0',
  `BLOCK_ID` bigint(21) unsigned NOT NULL DEFAULT '0',
  `SPACE` bigint(21) unsigned NOT NULL DEFAULT '0',
  `PAGE_NUMBER` bigint(21) unsigned NOT NULL DEFAULT '0',
  `PAGE_TYPE` varchar(64) DEFAULT NULL,
  `FLUSH_TYPE` bigint(21) unsigned NOT NULL DEFAULT '0',
  `FIX_COUNT` bigint(21) unsigned NOT NULL DEFAULT '0',
  `IS_HASHED` varchar(3) DEFAULT NULL,
  `NEWEST_MODIFICATION` bigint(21) unsigned NOT NULL DEFAULT '0',
  `OLDEST_MODIFICATION` bigint(21) unsigned NOT NULL DEFAULT '0',
  `ACCESS_TIME` bigint(21) unsigned NOT NULL DEFAULT '0',
  `TABLE_NAME` varchar(1024) DEFAULT NULL,
  `INDEX_NAME` varchar(1024) DEFAULT NULL,
  `NUMBER_RECORDS` bigint(21) unsigned NOT NULL DEFAULT '0',
  `DATA_SIZE` bigint(21) unsigned NOT NULL DEFAULT '0',
  `COMPRESSED_SIZE` bigint(21) unsigned NOT NULL DEFAULT '0',
  `PAGE_STATE` varchar(64) DEFAULT NULL,
  `IO_FIX` varchar(64) DEFAULT NULL,
  `IS_OLD` varchar(3) DEFAULT NULL,
  `FREE_PAGE_CLOCK` bigint(21) unsigned NOT NULL DEFAULT '0'
) ENGINE=MEMORY DEFAULT CHARSET=utf8;
-- Bd odczytu danych: (#1227 - Access denied; you need (at least one of) the PROCESS privilege(s) for this operation)

-- --------------------------------------------------------

--
-- Struktura tabeli dla tabeli `INNODB_SYS_STATS`
--

CREATE TEMPORARY TABLE `INNODB_SYS_STATS` (
  `INDEX_ID` bigint(21) unsigned NOT NULL DEFAULT '0',
  `KEY_COLS` int(11) unsigned NOT NULL DEFAULT '0',
  `DIFF_VALS` bigint(21) unsigned NOT NULL DEFAULT '0',
  `NON_NULL_VALS` bigint(21) unsigned DEFAULT NULL
) ENGINE=MEMORY DEFAULT CHARSET=utf8;
-- Bd odczytu danych: (#1227 - Access denied; you need (at least one of) the PROCESS privilege(s) for this operation)

-- --------------------------------------------------------

--
-- Struktura tabeli dla tabeli `INNODB_SYS_FOREIGN`
--

CREATE TEMPORARY TABLE `INNODB_SYS_FOREIGN` (
  `ID` varchar(193) NOT NULL DEFAULT '',
  `FOR_NAME` varchar(193) NOT NULL DEFAULT '',
  `REF_NAME` varchar(193) NOT NULL DEFAULT '',
  `N_COLS` int(11) unsigned NOT NULL DEFAULT '0',
  `TYPE` int(11) unsigned NOT NULL DEFAULT '0'
) ENGINE=MEMORY DEFAULT CHARSET=utf8;
-- Bd odczytu danych: (#1227 - Access denied; you need (at least one of) the PROCESS privilege(s) for this operation)

-- --------------------------------------------------------

--
-- Struktura tabeli dla tabeli `INNODB_SYS_INDEXES`
--

CREATE TEMPORARY TABLE `INNODB_SYS_INDEXES` (
  `INDEX_ID` bigint(21) unsigned NOT NULL DEFAULT '0',
  `NAME` varchar(193) NOT NULL DEFAULT '',
  `TABLE_ID` bigint(21) unsigned NOT NULL DEFAULT '0',
  `TYPE` int(11) NOT NULL DEFAULT '0',
  `N_FIELDS` int(11) NOT NULL DEFAULT '0',
  `PAGE_NO` int(11) NOT NULL DEFAULT '0',
  `SPACE` int(11) NOT NULL DEFAULT '0'
) ENGINE=MEMORY DEFAULT CHARSET=utf8;
-- Bd odczytu danych: (#1227 - Access denied; you need (at least one of) the PROCESS privilege(s) for this operation)

-- --------------------------------------------------------

--
-- Struktura tabeli dla tabeli `XTRADB_ADMIN_COMMAND`
--

CREATE TEMPORARY TABLE `XTRADB_ADMIN_COMMAND` (
  `result_message` varchar(1024) NOT NULL DEFAULT ''
) ENGINE=MEMORY DEFAULT CHARSET=utf8;
-- Bd odczytu danych: (#1227 - Access denied; you need (at least one of) the PROCESS privilege(s) for this operation)

-- --------------------------------------------------------

--
-- Struktura tabeli dla tabeli `INNODB_TABLE_STATS`
--

CREATE TEMPORARY TABLE `INNODB_TABLE_STATS` (
  `table_schema` varchar(192) NOT NULL DEFAULT '',
  `table_name` varchar(192) NOT NULL DEFAULT '',
  `rows` bigint(21) unsigned NOT NULL DEFAULT '0',
  `clust_size` bigint(21) unsigned NOT NULL DEFAULT '0',
  `other_size` bigint(21) unsigned NOT NULL DEFAULT '0',
  `modified` bigint(21) unsigned NOT NULL DEFAULT '0'
) ENGINE=MEMORY DEFAULT CHARSET=utf8;
-- Bd odczytu danych: (#1227 - Access denied; you need (at least one of) the PROCESS privilege(s) for this operation)

-- --------------------------------------------------------

--
-- Struktura tabeli dla tabeli `INNODB_SYS_FOREIGN_COLS`
--

CREATE TEMPORARY TABLE `INNODB_SYS_FOREIGN_COLS` (
  `ID` varchar(193) NOT NULL DEFAULT '',
  `FOR_COL_NAME` varchar(193) NOT NULL DEFAULT '',
  `REF_COL_NAME` varchar(193) NOT NULL DEFAULT '',
  `POS` int(11) unsigned NOT NULL DEFAULT '0'
) ENGINE=MEMORY DEFAULT CHARSET=utf8;
-- Bd odczytu danych: (#1227 - Access denied; you need (at least one of) the PROCESS privilege(s) for this operation)

-- --------------------------------------------------------

--
-- Struktura tabeli dla tabeli `INNODB_BUFFER_PAGE_LRU`
--

CREATE TEMPORARY TABLE `INNODB_BUFFER_PAGE_LRU` (
  `POOL_ID` bigint(21) unsigned NOT NULL DEFAULT '0',
  `LRU_POSITION` bigint(21) unsigned NOT NULL DEFAULT '0',
  `SPACE` bigint(21) unsigned NOT NULL DEFAULT '0',
  `PAGE_NUMBER` bigint(21) unsigned NOT NULL DEFAULT '0',
  `PAGE_TYPE` varchar(64) DEFAULT NULL,
  `FLUSH_TYPE` bigint(21) unsigned NOT NULL DEFAULT '0',
  `FIX_COUNT` bigint(21) unsigned NOT NULL DEFAULT '0',
  `IS_HASHED` varchar(3) DEFAULT NULL,
  `NEWEST_MODIFICATION` bigint(21) unsigned NOT NULL DEFAULT '0',
  `OLDEST_MODIFICATION` bigint(21) unsigned NOT NULL DEFAULT '0',
  `ACCESS_TIME` bigint(21) unsigned NOT NULL DEFAULT '0',
  `TABLE_NAME` varchar(1024) DEFAULT NULL,
  `INDEX_NAME` varchar(1024) DEFAULT NULL,
  `NUMBER_RECORDS` bigint(21) unsigned NOT NULL DEFAULT '0',
  `DATA_SIZE` bigint(21) unsigned NOT NULL DEFAULT '0',
  `COMPRESSED_SIZE` bigint(21) unsigned NOT NULL DEFAULT '0',
  `COMPRESSED` varchar(3) DEFAULT NULL,
  `IO_FIX` varchar(64) DEFAULT NULL,
  `IS_OLD` varchar(3) DEFAULT NULL,
  `FREE_PAGE_CLOCK` bigint(21) unsigned NOT NULL DEFAULT '0'
) ENGINE=MEMORY DEFAULT CHARSET=utf8;
-- Bd odczytu danych: (#1227 - Access denied; you need (at least one of) the PROCESS privilege(s) for this operation)

-- --------------------------------------------------------

--
-- Struktura tabeli dla tabeli `INNODB_BUFFER_POOL_STATS`
--

CREATE TEMPORARY TABLE `INNODB_BUFFER_POOL_STATS` (
  `POOL_ID` bigint(21) unsigned NOT NULL DEFAULT '0',
  `POOL_SIZE` bigint(21) unsigned NOT NULL DEFAULT '0',
  `FREE_BUFFERS` bigint(21) unsigned NOT NULL DEFAULT '0',
  `DATABASE_PAGES` bigint(21) unsigned NOT NULL DEFAULT '0',
  `OLD_DATABASE_PAGES` bigint(21) unsigned NOT NULL DEFAULT '0',
  `MODIFIED_DATABASE_PAGES` bigint(21) unsigned NOT NULL DEFAULT '0',
  `PENDING_DECOMPRESS` bigint(21) unsigned NOT NULL DEFAULT '0',
  `PENDING_READS` bigint(21) unsigned NOT NULL DEFAULT '0',
  `PENDING_FLUSH_LRU` bigint(21) unsigned NOT NULL DEFAULT '0',
  `PENDING_FLUSH_LIST` bigint(21) unsigned NOT NULL DEFAULT '0',
  `PAGES_MADE_YOUNG` bigint(21) unsigned NOT NULL DEFAULT '0',
  `PAGES_NOT_MADE_YOUNG` bigint(21) unsigned NOT NULL DEFAULT '0',
  `PAGES_MADE_YOUNG_RATE` double NOT NULL DEFAULT '0',
  `PAGES_MADE_NOT_YOUNG_RATE` double NOT NULL DEFAULT '0',
  `NUMBER_PAGES_READ` bigint(21) unsigned NOT NULL DEFAULT '0',
  `NUMBER_PAGES_CREATED` bigint(21) unsigned NOT NULL DEFAULT '0',
  `NUMBER_PAGES_WRITTEN` bigint(21) unsigned NOT NULL DEFAULT '0',
  `PAGES_READ_RATE` double NOT NULL DEFAULT '0',
  `PAGES_CREATE_RATE` double NOT NULL DEFAULT '0',
  `PAGES_WRITTEN_RATE` double NOT NULL DEFAULT '0',
  `NUMBER_PAGES_GET` bigint(21) unsigned NOT NULL DEFAULT '0',
  `HIT_RATE` bigint(21) unsigned NOT NULL DEFAULT '0',
  `YOUNG_MAKE_PER_THOUSAND_GETS` bigint(21) unsigned NOT NULL DEFAULT '0',
  `NOT_YOUNG_MAKE_PER_THOUSAND_GETS` bigint(21) unsigned NOT NULL DEFAULT '0',
  `NUMBER_PAGES_READ_AHEAD` bigint(21) unsigned NOT NULL DEFAULT '0',
  `NUMBER_READ_AHEAD_EVICTED` bigint(21) unsigned NOT NULL DEFAULT '0',
  `READ_AHEAD_RATE` double NOT NULL DEFAULT '0',
  `READ_AHEAD_EVICTED_RATE` double NOT NULL DEFAULT '0',
  `LRU_IO_TOTAL` bigint(21) unsigned NOT NULL DEFAULT '0',
  `LRU_IO_CURRENT` bigint(21) unsigned NOT NULL DEFAULT '0',
  `UNCOMPRESS_TOTAL` bigint(21) unsigned NOT NULL DEFAULT '0',
  `UNCOMPRESS_CURRENT` bigint(21) unsigned NOT NULL DEFAULT '0'
) ENGINE=MEMORY DEFAULT CHARSET=utf8;
-- Bd odczytu danych: (#1227 - Access denied; you need (at least one of) the PROCESS privilege(s) for this operation)

/*!40101 SET CHARACTER_SET_CLIENT=@OLD_CHARACTER_SET_CLIENT */;
/*!40101 SET CHARACTER_SET_RESULTS=@OLD_CHARACTER_SET_RESULTS */;
/*!40101 SET COLLATION_CONNECTION=@OLD_COLLATION_CONNECTION */;
